Piece ID,CBM per Piece,Grade,Last Movement,Length (mm),Lots,Material,Material Status,Material Type,Net Movement,Original Qty,Rack,Remaining Qty,Thickness (mm),Transactions,Unit,Width (mm)
RL-DRG-001,0.017,Doreng,🟢 Receive,2200,RL-0307-001 Doreng (https://app.notion.com/p/RL-0307-001-Doreng-3b2587ac8c78802c84faeb5633e45b3e?pvs=21),,🟢 Available,🌲 Raw Material,0,5,,5,10,TRS/REL/030726/001 (https://app.notion.com/p/TRS-REL-030726-001-3b3587ac8c7880b8a550c0ef772bc1a0?pvs=21),PCS,150
RL-DRG-002,0.010,Doreng,🟢 Receive,1700,RL-0307-001 Doreng (https://app.notion.com/p/RL-0307-001-Doreng-3b2587ac8c78802c84faeb5633e45b3e?pvs=21),,🟢 Available,🌲 Raw Material,0,4,,4,10,TRS/REL/030726/001 (https://app.notion.com/p/TRS-REL-030726-001-3b3587ac8c7880b8a550c0ef772bc1a0?pvs=21),PCS,150
RL-BRS4-001,0.006,B Grade,🟢 Receive,2000,RL-0307-004 4Thick Beam (https://app.notion.com/p/RL-0307-004-4Thick-Beam-3b2587ac8c788063b53dc1cdcb4f9a68?pvs=21),Beam 4T Relocation (https://app.notion.com/p/Beam-4T-Relocation-3b3587ac8c7880658aa8ce9cc30d5f15?pvs=21),🟢 Available,🌲 Raw Material,0,1,,1,40,TRS/RL/030726/004 (https://app.notion.com/p/TRS-RL-030726-004-3b3587ac8c7880ed8054c4a15fa39692?pvs=21),PCS,80
RL-BRS4-002,0.031,B Grade,🟢 Receive,3200,RL-0307-004 4Thick Beam (https://app.notion.com/p/RL-0307-004-4Thick-Beam-3b2587ac8c788063b53dc1cdcb4f9a68?pvs=21),Beam 4T Relocation (https://app.notion.com/p/Beam-4T-Relocation-3b3587ac8c7880658aa8ce9cc30d5f15?pvs=21),🟢 Available,🌲 Raw Material,0,2,,2,40,TRS/RL/030726/004 (https://app.notion.com/p/TRS-RL-030726-004-3b3587ac8c7880ed8054c4a15fa39692?pvs=21),PCS,120
RL-BRS4-003,0.017,B Grade,🟢 Receive,3500,RL-0307-004 4Thick Beam (https://app.notion.com/p/RL-0307-004-4Thick-Beam-3b2587ac8c788063b53dc1cdcb4f9a68?pvs=21),Beam 4T Relocation (https://app.notion.com/p/Beam-4T-Relocation-3b3587ac8c7880658aa8ce9cc30d5f15?pvs=21),🟢 Available,🌲 Raw Material,0,1,,1,40,TRS/RL/030726/004 (https://app.notion.com/p/TRS-RL-030726-004-3b3587ac8c7880ed8054c4a15fa39692?pvs=21),PCS,120
RL-BRS4-004,0.047,B Grade,🟢 Receive,3900,RL-0307-004 4Thick Beam (https://app.notion.com/p/RL-0307-004-4Thick-Beam-3b2587ac8c788063b53dc1cdcb4f9a68?pvs=21),Beam 4T Relocation (https://app.notion.com/p/Beam-4T-Relocation-3b3587ac8c7880658aa8ce9cc30d5f15?pvs=21),🟢 Available,🌲 Raw Material,0,2,,2,40,TRS/RL/030726/004 (https://app.notion.com/p/TRS-RL-030726-004-3b3587ac8c7880ed8054c4a15fa39692?pvs=21),PCS,150
RL-BRS4-005,0.010,B Grade,🟢 Receive,3300,RL-0307-004 4Thick Beam (https://app.notion.com/p/RL-0307-004-4Thick-Beam-3b2587ac8c788063b53dc1cdcb4f9a68?pvs=21),Beam 4T Relocation (https://app.notion.com/p/Beam-4T-Relocation-3b3587ac8c7880658aa8ce9cc30d5f15?pvs=21),🟢 Available,🌲 Raw Material,0,1,,1,40,TRS/RL/030726/004 (https://app.notion.com/p/TRS-RL-030726-004-3b3587ac8c7880ed8054c4a15fa39692?pvs=21),PCS,75
RL-BRS4-006,0.006,B Grade,🟢 Receive,3400,RL-0307-004 4Thick Beam (https://app.notion.com/p/RL-0307-004-4Thick-Beam-3b2587ac8c788063b53dc1cdcb4f9a68?pvs=21),Beam 4T Relocation (https://app.notion.com/p/Beam-4T-Relocation-3b3587ac8c7880658aa8ce9cc30d5f15?pvs=21),🟢 Available,🌲 Raw Material,0,1,,1,40,TRS/RL/030726/004 (https://app.notion.com/p/TRS-RL-030726-004-3b3587ac8c7880ed8054c4a15fa39692?pvs=21),PCS,45
RL-BRS4-007,0.010,B Grade,🟢 Receive,2900,RL-0307-004 4Thick Beam (https://app.notion.com/p/RL-0307-004-4Thick-Beam-3b2587ac8c788063b53dc1cdcb4f9a68?pvs=21),Beam 4T Relocation (https://app.notion.com/p/Beam-4T-Relocation-3b3587ac8c7880658aa8ce9cc30d5f15?pvs=21),🟢 Available,🌲 Raw Material,0,1,,1,45,TRS/RL/030726/004 (https://app.notion.com/p/TRS-RL-030726-004-3b3587ac8c7880ed8054c4a15fa39692?pvs=21),PCS,75
RL-BRS4-008,0.006,B Grade,🟢 Receive,1800,RL-0307-004 4Thick Beam (https://app.notion.com/p/RL-0307-004-4Thick-Beam-3b2587ac8c788063b53dc1cdcb4f9a68?pvs=21),Beam 4T Relocation (https://app.notion.com/p/Beam-4T-Relocation-3b3587ac8c7880658aa8ce9cc30d5f15?pvs=21),🟢 Available,🌲 Raw Material,0,1,,1,40,TRS/RL/030726/004 (https://app.notion.com/p/TRS-RL-030726-004-3b3587ac8c7880ed8054c4a15fa39692?pvs=21),PCS,80
RL-BRS4-009,0.009,B Grade,🟢 Receive,2900,RL-0307-004 4Thick Beam (https://app.notion.com/p/RL-0307-004-4Thick-Beam-3b2587ac8c788063b53dc1cdcb4f9a68?pvs=21),Beam 4T Relocation (https://app.notion.com/p/Beam-4T-Relocation-3b3587ac8c7880658aa8ce9cc30d5f15?pvs=21),🟢 Available,🌲 Raw Material,0,1,,1,40,TRS/RL/030726/004 (https://app.notion.com/p/TRS-RL-030726-004-3b3587ac8c7880ed8054c4a15fa39692?pvs=21),PCS,80
RL-BRS4-010,0.007,B Grade,🟢 Receive,2200,RL-0307-004 4Thick Beam (https://app.notion.com/p/RL-0307-004-4Thick-Beam-3b2587ac8c788063b53dc1cdcb4f9a68?pvs=21),Beam 4T Relocation (https://app.notion.com/p/Beam-4T-Relocation-3b3587ac8c7880658aa8ce9cc30d5f15?pvs=21),🟢 Available,🌲 Raw Material,0,1,,1,40,TRS/RL/030726/004 (https://app.notion.com/p/TRS-RL-030726-004-3b3587ac8c7880ed8054c4a15fa39692?pvs=21),PCS,80
RL-BRS4-011,0.010,B Grade,🟢 Receive,3200,RL-0307-004 4Thick Beam (https://app.notion.com/p/RL-0307-004-4Thick-Beam-3b2587ac8c788063b53dc1cdcb4f9a68?pvs=21),Beam 4T Relocation (https://app.notion.com/p/Beam-4T-Relocation-3b3587ac8c7880658aa8ce9cc30d5f15?pvs=21),🟢 Available,🌲 Raw Material,0,1,,1,40,TRS/RL/030726/004 (https://app.notion.com/p/TRS-RL-030726-004-3b3587ac8c7880ed8054c4a15fa39692?pvs=21),PCS,80
RL-BRS4-012,0.005,B Grade,🟢 Receive,1700,RL-0307-004 4Thick Beam (https://app.notion.com/p/RL-0307-004-4Thick-Beam-3b2587ac8c788063b53dc1cdcb4f9a68?pvs=21),Beam 4T Relocation (https://app.notion.com/p/Beam-4T-Relocation-3b3587ac8c7880658aa8ce9cc30d5f15?pvs=21),🟢 Available,🌲 Raw Material,0,1,,1,40,TRS/RL/030726/004 (https://app.notion.com/p/TRS-RL-030726-004-3b3587ac8c7880ed8054c4a15fa39692?pvs=21),PCS,80
RL-BRS4-013,0.077,B Grade,🟢 Receive,4000,RL-0307-004 4Thick Beam (https://app.notion.com/p/RL-0307-004-4Thick-Beam-3b2587ac8c788063b53dc1cdcb4f9a68?pvs=21),Beam 4T Relocation (https://app.notion.com/p/Beam-4T-Relocation-3b3587ac8c7880658aa8ce9cc30d5f15?pvs=21),🟢 Available,🌲 Raw Material,0,6,,6,40,TRS/RL/030726/004 (https://app.notion.com/p/TRS-RL-030726-004-3b3587ac8c7880ed8054c4a15fa39692?pvs=21),PCS,80
RL-BRS4-014,0.011,B Grade,🟢 Receive,3500,RL-0307-004 4Thick Beam (https://app.notion.com/p/RL-0307-004-4Thick-Beam-3b2587ac8c788063b53dc1cdcb4f9a68?pvs=21),Beam 4T Relocation (https://app.notion.com/p/Beam-4T-Relocation-3b3587ac8c7880658aa8ce9cc30d5f15?pvs=21),🟢 Available,🌲 Raw Material,0,1,,1,40,TRS/RL/030726/004 (https://app.notion.com/p/TRS-RL-030726-004-3b3587ac8c7880ed8054c4a15fa39692?pvs=21),PCS,80
RL-BRS4-015,0.008,B Grade,🟢 Receive,2500,RL-0307-004 4Thick Beam (https://app.notion.com/p/RL-0307-004-4Thick-Beam-3b2587ac8c788063b53dc1cdcb4f9a68?pvs=21),Beam 4T Relocation (https://app.notion.com/p/Beam-4T-Relocation-3b3587ac8c7880658aa8ce9cc30d5f15?pvs=21),🟢 Available,🌲 Raw Material,0,1,,1,40,TRS/RL/030726/004 (https://app.notion.com/p/TRS-RL-030726-004-3b3587ac8c7880ed8054c4a15fa39692?pvs=21),PCS,80
RL-BRS4-016,0.007,B Grade,🟢 Receive,2800,RL-0307-004 4Thick Beam (https://app.notion.com/p/RL-0307-004-4Thick-Beam-3b2587ac8c788063b53dc1cdcb4f9a68?pvs=21),Beam 4T Relocation (https://app.notion.com/p/Beam-4T-Relocation-3b3587ac8c7880658aa8ce9cc30d5f15?pvs=21),🟢 Available,🌲 Raw Material,0,1,,1,40,TRS/RL/030726/004 (https://app.notion.com/p/TRS-RL-030726-004-3b3587ac8c7880ed8054c4a15fa39692?pvs=21),PCS,65
RL-BRS4-017,0.012,B Grade,🟢 Receive,3900,RL-0307-004 4Thick Beam (https://app.notion.com/p/RL-0307-004-4Thick-Beam-3b2587ac8c788063b53dc1cdcb4f9a68?pvs=21),Beam 4T Relocation (https://app.notion.com/p/Beam-4T-Relocation-3b3587ac8c7880658aa8ce9cc30d5f15?pvs=21),🟢 Available,🌲 Raw Material,0,1,,1,40,TRS/RL/030726/004 (https://app.notion.com/p/TRS-RL-030726-004-3b3587ac8c7880ed8054c4a15fa39692?pvs=21),PCS,75
RL-BRS4-018,0.012,B Grade,🟢 Receive,4000,RL-0307-004 4Thick Beam (https://app.notion.com/p/RL-0307-004-4Thick-Beam-3b2587ac8c788063b53dc1cdcb4f9a68?pvs=21),Beam 4T Relocation (https://app.notion.com/p/Beam-4T-Relocation-3b3587ac8c7880658aa8ce9cc30d5f15?pvs=21),🟢 Available,🌲 Raw Material,0,1,,1,40,TRS/RL/030726/004 (https://app.notion.com/p/TRS-RL-030726-004-3b3587ac8c7880ed8054c4a15fa39692?pvs=21),PCS,75
RL-BRS4-019,0.005,B Grade,🟢 Receive,1750,RL-0307-004 4Thick Beam (https://app.notion.com/p/RL-0307-004-4Thick-Beam-3b2587ac8c788063b53dc1cdcb4f9a68?pvs=21),Beam 4T Relocation (https://app.notion.com/p/Beam-4T-Relocation-3b3587ac8c7880658aa8ce9cc30d5f15?pvs=21),🟢 Available,🌲 Raw Material,0,1,,1,40,TRS/RL/030726/004 (https://app.notion.com/p/TRS-RL-030726-004-3b3587ac8c7880ed8054c4a15fa39692?pvs=21),PCS,75
RL-BRS4-020,0.009,B Grade,🟢 Receive,2900,RL-0307-004 4Thick Beam (https://app.notion.com/p/RL-0307-004-4Thick-Beam-3b2587ac8c788063b53dc1cdcb4f9a68?pvs=21),Beam 4T Relocation (https://app.notion.com/p/Beam-4T-Relocation-3b3587ac8c7880658aa8ce9cc30d5f15?pvs=21),🟢 Available,🌲 Raw Material,0,1,,1,40,TRS/RL/030726/004 (https://app.notion.com/p/TRS-RL-030726-004-3b3587ac8c7880ed8054c4a15fa39692?pvs=21),PCS,75
RL-BRS4-021,0.006,B Grade,🟢 Receive,2100,RL-0307-004 4Thick Beam (https://app.notion.com/p/RL-0307-004-4Thick-Beam-3b2587ac8c788063b53dc1cdcb4f9a68?pvs=21),Beam 4T Relocation (https://app.notion.com/p/Beam-4T-Relocation-3b3587ac8c7880658aa8ce9cc30d5f15?pvs=21),🟢 Available,🌲 Raw Material,0,1,,1,40,TRS/RL/030726/004 (https://app.notion.com/p/TRS-RL-030726-004-3b3587ac8c7880ed8054c4a15fa39692?pvs=21),PCS,75
RL-BRS4-022,0.012,B Grade,🟢 Receive,4000,RL-0307-004 4Thick Beam (https://app.notion.com/p/RL-0307-004-4Thick-Beam-3b2587ac8c788063b53dc1cdcb4f9a68?pvs=21),Beam 4T Relocation (https://app.notion.com/p/Beam-4T-Relocation-3b3587ac8c7880658aa8ce9cc30d5f15?pvs=21),🟢 Available,🌲 Raw Material,0,1,,1,40,TRS/RL/030726/004 (https://app.notion.com/p/TRS-RL-030726-004-3b3587ac8c7880ed8054c4a15fa39692?pvs=21),PCS,78
RL-BRS4-023,0.006,B Grade,🟢 Receive,2100,RL-0307-004 4Thick Beam (https://app.notion.com/p/RL-0307-004-4Thick-Beam-3b2587ac8c788063b53dc1cdcb4f9a68?pvs=21),Beam 4T Relocation (https://app.notion.com/p/Beam-4T-Relocation-3b3587ac8c7880658aa8ce9cc30d5f15?pvs=21),🟢 Available,🌲 Raw Material,0,1,,1,40,TRS/RL/030726/004 (https://app.notion.com/p/TRS-RL-030726-004-3b3587ac8c7880ed8054c4a15fa39692?pvs=21),PCS,75
RL-BRS4-024,0.008,B Grade,🟢 Receive,2500,RL-0307-004 4Thick Beam (https://app.notion.com/p/RL-0307-004-4Thick-Beam-3b2587ac8c788063b53dc1cdcb4f9a68?pvs=21),Beam 4T Relocation (https://app.notion.com/p/Beam-4T-Relocation-3b3587ac8c7880658aa8ce9cc30d5f15?pvs=21),🟢 Available,🌲 Raw Material,0,1,,1,40,TRS/RL/030726/004 (https://app.notion.com/p/TRS-RL-030726-004-3b3587ac8c7880ed8054c4a15fa39692?pvs=21),PCS,80
RL-BRS4-025,0.006,B Grade,🟢 Receive,2100,RL-0307-004 4Thick Beam (https://app.notion.com/p/RL-0307-004-4Thick-Beam-3b2587ac8c788063b53dc1cdcb4f9a68?pvs=21),Beam 4T Relocation (https://app.notion.com/p/Beam-4T-Relocation-3b3587ac8c7880658aa8ce9cc30d5f15?pvs=21),🟢 Available,🌲 Raw Material,0,1,,1,40,TRS/RL/030726/004 (https://app.notion.com/p/TRS-RL-030726-004-3b3587ac8c7880ed8054c4a15fa39692?pvs=21),PCS,75
RL-BRS4-026,0.006,B Grade,🟢 Receive,1800,RL-0307-004 4Thick Beam (https://app.notion.com/p/RL-0307-004-4Thick-Beam-3b2587ac8c788063b53dc1cdcb4f9a68?pvs=21),Beam 4T Relocation (https://app.notion.com/p/Beam-4T-Relocation-3b3587ac8c7880658aa8ce9cc30d5f15?pvs=21),🟢 Available,🌲 Raw Material,0,1,,1,40,TRS/RL/030726/004 (https://app.notion.com/p/TRS-RL-030726-004-3b3587ac8c7880ed8054c4a15fa39692?pvs=21),PCS,80
RL-BRS4-027,0.009,B Grade,🟢 Receive,2950,RL-0307-004 4Thick Beam (https://app.notion.com/p/RL-0307-004-4Thick-Beam-3b2587ac8c788063b53dc1cdcb4f9a68?pvs=21),Beam 4T Relocation (https://app.notion.com/p/Beam-4T-Relocation-3b3587ac8c7880658aa8ce9cc30d5f15?pvs=21),🟢 Available,🌲 Raw Material,0,1,,1,40,TRS/RL/030726/004 (https://app.notion.com/p/TRS-RL-030726-004-3b3587ac8c7880ed8054c4a15fa39692?pvs=21),PCS,80
RL-BRS4-028,0.009,B Grade,🟢 Receive,2800,RL-0307-004 4Thick Beam (https://app.notion.com/p/RL-0307-004-4Thick-Beam-3b2587ac8c788063b53dc1cdcb4f9a68?pvs=21),Beam 4T Relocation (https://app.notion.com/p/Beam-4T-Relocation-3b3587ac8c7880658aa8ce9cc30d5f15?pvs=21),🟢 Available,🌲 Raw Material,0,1,,1,40,TRS/RL/030726/004 (https://app.notion.com/p/TRS-RL-030726-004-3b3587ac8c7880ed8054c4a15fa39692?pvs=21),PCS,80
RL-BRS4-029,0.010,B Grade,🟢 Receive,2800,RL-0307-004 4Thick Beam (https://app.notion.com/p/RL-0307-004-4Thick-Beam-3b2587ac8c788063b53dc1cdcb4f9a68?pvs=21),Beam 4T Relocation (https://app.notion.com/p/Beam-4T-Relocation-3b3587ac8c7880658aa8ce9cc30d5f15?pvs=21),🟢 Available,🌲 Raw Material,0,1,,1,40,TRS/RL/030726/004 (https://app.notion.com/p/TRS-RL-030726-004-3b3587ac8c7880ed8054c4a15fa39692?pvs=21),PCS,85
RL-BRS4-030,0.005,B Grade,🟢 Receive,1700,RL-0307-004 4Thick Beam (https://app.notion.com/p/RL-0307-004-4Thick-Beam-3b2587ac8c788063b53dc1cdcb4f9a68?pvs=21),Beam 4T Relocation (https://app.notion.com/p/Beam-4T-Relocation-3b3587ac8c7880658aa8ce9cc30d5f15?pvs=21),🟢 Available,🌲 Raw Material,0,1,,1,40,TRS/RL/030726/004 (https://app.notion.com/p/TRS-RL-030726-004-3b3587ac8c7880ed8054c4a15fa39692?pvs=21),PCS,80
RL-BRS4-031,0.008,B Grade,🟢 Receive,2500,RL-0307-004 4Thick Beam (https://app.notion.com/p/RL-0307-004-4Thick-Beam-3b2587ac8c788063b53dc1cdcb4f9a68?pvs=21),Beam 4T Relocation (https://app.notion.com/p/Beam-4T-Relocation-3b3587ac8c7880658aa8ce9cc30d5f15?pvs=21),🟢 Available,🌲 Raw Material,0,1,,1,40,TRS/RL/030726/004 (https://app.notion.com/p/TRS-RL-030726-004-3b3587ac8c7880ed8054c4a15fa39692?pvs=21),PCS,80
RL-BRS4-032,0.013,B Grade,🟢 Receive,4000,RL-0307-004 4Thick Beam (https://app.notion.com/p/RL-0307-004-4Thick-Beam-3b2587ac8c788063b53dc1cdcb4f9a68?pvs=21),Beam 4T Relocation (https://app.notion.com/p/Beam-4T-Relocation-3b3587ac8c7880658aa8ce9cc30d5f15?pvs=21),🟢 Available,🌲 Raw Material,0,1,,1,40,TRS/RL/030726/004 (https://app.notion.com/p/TRS-RL-030726-004-3b3587ac8c7880ed8054c4a15fa39692?pvs=21),PCS,80
RL-BRS4-033,0.108,B Grade,🟢 Receive,4000,RL-0307-004 4Thick Beam (https://app.notion.com/p/RL-0307-004-4Thick-Beam-3b2587ac8c788063b53dc1cdcb4f9a68?pvs=21),Beam 4T Relocation (https://app.notion.com/p/Beam-4T-Relocation-3b3587ac8c7880658aa8ce9cc30d5f15?pvs=21),🟢 Available,🌲 Raw Material,0,9,,9,40,TRS/RL/030726/004 (https://app.notion.com/p/TRS-RL-030726-004-3b3587ac8c7880ed8054c4a15fa39692?pvs=21),PCS,75
RL-BRS4-034,0.012,B Grade,🟢 Receive,3400,RL-0307-004 4Thick Beam (https://app.notion.com/p/RL-0307-004-4Thick-Beam-3b2587ac8c788063b53dc1cdcb4f9a68?pvs=21),Beam 4T Relocation (https://app.notion.com/p/Beam-4T-Relocation-3b3587ac8c7880658aa8ce9cc30d5f15?pvs=21),🟢 Available,🌲 Raw Material,0,1,,1,40,TRS/RL/030726/004 (https://app.notion.com/p/TRS-RL-030726-004-3b3587ac8c7880ed8054c4a15fa39692?pvs=21),PCS,85
RL-BRS3-035,0.014,B Grade,🟢 Receive,3900,RL-0307-005 3Thick Beam (https://app.notion.com/p/RL-0307-005-3Thick-Beam-3b2587ac8c7880e1aef6dd9741992370?pvs=21),Beam 3T Relocation (https://app.notion.com/p/Beam-3T-Relocation-3b3587ac8c78806b8aeceae933170f02?pvs=21),🟢 Available,,0,1,,1,30,TRS/REL/030726/003 (https://app.notion.com/p/TRS-REL-030726-003-3b3587ac8c7880ed923ae27b41c379cc?pvs=21),PCS,120
RL-BRS3-036,0.012,B Grade,🟢 Receive,4000,RL-0307-005 3Thick Beam (https://app.notion.com/p/RL-0307-005-3Thick-Beam-3b2587ac8c7880e1aef6dd9741992370?pvs=21),Beam 3T Relocation (https://app.notion.com/p/Beam-3T-Relocation-3b3587ac8c78806b8aeceae933170f02?pvs=21),🟢 Available,,0,1,,1,38,TRS/REL/030726/003 (https://app.notion.com/p/TRS-REL-030726-003-3b3587ac8c7880ed923ae27b41c379cc?pvs=21),PCS,80
RL-BRS3-037,0.005,B Grade,🟢 Receive,1900,RL-0307-005 3Thick Beam (https://app.notion.com/p/RL-0307-005-3Thick-Beam-3b2587ac8c7880e1aef6dd9741992370?pvs=21),Beam 3T Relocation (https://app.notion.com/p/Beam-3T-Relocation-3b3587ac8c78806b8aeceae933170f02?pvs=21),🟢 Available,,0,1,,1,35,TRS/REL/030726/003 (https://app.notion.com/p/TRS-REL-030726-003-3b3587ac8c7880ed923ae27b41c379cc?pvs=21),PCS,75
RL-BRS3-038,0.011,B Grade,🟢 Receive,4000,RL-0307-005 3Thick Beam (https://app.notion.com/p/RL-0307-005-3Thick-Beam-3b2587ac8c7880e1aef6dd9741992370?pvs=21),Beam 3T Relocation (https://app.notion.com/p/Beam-3T-Relocation-3b3587ac8c78806b8aeceae933170f02?pvs=21),🟢 Available,,0,1,,1,35,TRS/REL/030726/003 (https://app.notion.com/p/TRS-REL-030726-003-3b3587ac8c7880ed923ae27b41c379cc?pvs=21),PCS,80
RL-BRS3-039,0.009,B Grade,🟢 Receive,3000,RL-0307-005 3Thick Beam (https://app.notion.com/p/RL-0307-005-3Thick-Beam-3b2587ac8c7880e1aef6dd9741992370?pvs=21),Beam 3T Relocation (https://app.notion.com/p/Beam-3T-Relocation-3b3587ac8c78806b8aeceae933170f02?pvs=21),🟢 Available,,0,1,,1,38,TRS/REL/030726/003 (https://app.notion.com/p/TRS-REL-030726-003-3b3587ac8c7880ed923ae27b41c379cc?pvs=21),PCS,80
RL-BRS3-040,0.009,B Grade,🟢 Receive,3400,RL-0307-005 3Thick Beam (https://app.notion.com/p/RL-0307-005-3Thick-Beam-3b2587ac8c7880e1aef6dd9741992370?pvs=21),Beam 3T Relocation (https://app.notion.com/p/Beam-3T-Relocation-3b3587ac8c78806b8aeceae933170f02?pvs=21),🟢 Available,,0,1,,1,35,TRS/REL/030726/003 (https://app.notion.com/p/TRS-REL-030726-003-3b3587ac8c7880ed923ae27b41c379cc?pvs=21),PCS,75
RL-BRS3-041,0.004,B Grade,🟢 Receive,1200,RL-0307-005 3Thick Beam (https://app.notion.com/p/RL-0307-005-3Thick-Beam-3b2587ac8c7880e1aef6dd9741992370?pvs=21),Beam 3T Relocation (https://app.notion.com/p/Beam-3T-Relocation-3b3587ac8c78806b8aeceae933170f02?pvs=21),🟢 Available,,0,1,,1,38,TRS/REL/030726/003 (https://app.notion.com/p/TRS-REL-030726-003-3b3587ac8c7880ed923ae27b41c379cc?pvs=21),PCS,80
RL-BRS10-042,0.106,B Grade,🟢 Receive,2900,RL-0307-003 Beam (https://app.notion.com/p/RL-0307-003-Beam-3b2587ac8c7880558a01dd45d53934c0?pvs=21),Beam 10T up Relocation (https://app.notion.com/p/Beam-10T-up-Relocation-3b2587ac8c7880dbb0b4d6273b6e8b96?pvs=21),🟢 Available,🌲 Raw Material,0,2,,2,140,TRS/RL/030726/005 (https://app.notion.com/p/TRS-RL-030726-005-3b3587ac8c7880c094d7fb6964438261?pvs=21),PCS,130
RL-BRS10-043,0.050,B Grade,🟢 Receive,3200,RL-0307-003 Beam (https://app.notion.com/p/RL-0307-003-Beam-3b2587ac8c7880558a01dd45d53934c0?pvs=21),Beam 10T up Relocation (https://app.notion.com/p/Beam-10T-up-Relocation-3b2587ac8c7880dbb0b4d6273b6e8b96?pvs=21),🟢 Available,🌲 Raw Material,0,1,,1,120,TRS/RL/030726/005 (https://app.notion.com/p/TRS-RL-030726-005-3b3587ac8c7880c094d7fb6964438261?pvs=21),PCS,130
RL-BRS10-044,0.049,B Grade,🟢 Receive,2600,RL-0307-003 Beam (https://app.notion.com/p/RL-0307-003-Beam-3b2587ac8c7880558a01dd45d53934c0?pvs=21),Beam 10T up Relocation (https://app.notion.com/p/Beam-10T-up-Relocation-3b2587ac8c7880dbb0b4d6273b6e8b96?pvs=21),🟢 Available,🌲 Raw Material,0,1,,1,125,TRS/RL/030726/005 (https://app.notion.com/p/TRS-RL-030726-005-3b3587ac8c7880c094d7fb6964438261?pvs=21),PCS,150
RL-BRS10-045,0.055,B Grade,🟢 Receive,2900,RL-0307-003 Beam (https://app.notion.com/p/RL-0307-003-Beam-3b2587ac8c7880558a01dd45d53934c0?pvs=21),Beam 10T up Relocation (https://app.notion.com/p/Beam-10T-up-Relocation-3b2587ac8c7880dbb0b4d6273b6e8b96?pvs=21),🟢 Available,🌲 Raw Material,0,1,,1,135,TRS/RL/030726/005 (https://app.notion.com/p/TRS-RL-030726-005-3b3587ac8c7880c094d7fb6964438261?pvs=21),PCS,140
RL-BRS10-046,0.056,B Grade,🟢 Receive,3200,RL-0307-003 Beam (https://app.notion.com/p/RL-0307-003-Beam-3b2587ac8c7880558a01dd45d53934c0?pvs=21),Beam 10T up Relocation (https://app.notion.com/p/Beam-10T-up-Relocation-3b2587ac8c7880dbb0b4d6273b6e8b96?pvs=21),🟢 Available,🌲 Raw Material,0,1,,1,125,TRS/RL/030726/005 (https://app.notion.com/p/TRS-RL-030726-005-3b3587ac8c7880c094d7fb6964438261?pvs=21),PCS,140
RL-BRS10-047,0.053,B Grade,🟢 Receive,2900,RL-0307-003 Beam (https://app.notion.com/p/RL-0307-003-Beam-3b2587ac8c7880558a01dd45d53934c0?pvs=21),Beam 10T up Relocation (https://app.notion.com/p/Beam-10T-up-Relocation-3b2587ac8c7880dbb0b4d6273b6e8b96?pvs=21),🟢 Available,🌲 Raw Material,0,1,,1,130,TRS/RL/030726/005 (https://app.notion.com/p/TRS-RL-030726-005-3b3587ac8c7880c094d7fb6964438261?pvs=21),PCS,140
RL-BRS10-048,0.050,B Grade,🟢 Receive,2900,RL-0307-003 Beam (https://app.notion.com/p/RL-0307-003-Beam-3b2587ac8c7880558a01dd45d53934c0?pvs=21),Beam 10T up Relocation (https://app.notion.com/p/Beam-10T-up-Relocation-3b2587ac8c7880dbb0b4d6273b6e8b96?pvs=21),🟢 Available,🌲 Raw Material,0,1,,1,120,TRS/RL/030726/005 (https://app.notion.com/p/TRS-RL-030726-005-3b3587ac8c7880c094d7fb6964438261?pvs=21),PCS,145
RL-BRS10-049,0.066,B Grade,🟢 Receive,2950,RL-0307-003 Beam (https://app.notion.com/p/RL-0307-003-Beam-3b2587ac8c7880558a01dd45d53934c0?pvs=21),Beam 10T up Relocation (https://app.notion.com/p/Beam-10T-up-Relocation-3b2587ac8c7880dbb0b4d6273b6e8b96?pvs=21),🟢 Available,🌲 Raw Material,0,1,,1,150,TRS/RL/030726/005 (https://app.notion.com/p/TRS-RL-030726-005-3b3587ac8c7880c094d7fb6964438261?pvs=21),PCS,150
RL-BRS10-050,0.068,B Grade,🟢 Receive,3150,RL-0307-003 Beam (https://app.notion.com/p/RL-0307-003-Beam-3b2587ac8c7880558a01dd45d53934c0?pvs=21),Beam 10T up Relocation (https://app.notion.com/p/Beam-10T-up-Relocation-3b2587ac8c7880dbb0b4d6273b6e8b96?pvs=21),🟢 Available,🌲 Raw Material,0,1,,1,140,TRS/RL/030726/005 (https://app.notion.com/p/TRS-RL-030726-005-3b3587ac8c7880c094d7fb6964438261?pvs=21),PCS,155
RL-BRS10-051,0.046,B Grade,🟢 Receive,2450,RL-0307-003 Beam (https://app.notion.com/p/RL-0307-003-Beam-3b2587ac8c7880558a01dd45d53934c0?pvs=21),Beam 10T up Relocation (https://app.notion.com/p/Beam-10T-up-Relocation-3b2587ac8c7880dbb0b4d6273b6e8b96?pvs=21),🟢 Available,🌲 Raw Material,0,1,,1,135,TRS/RL/030726/005 (https://app.notion.com/p/TRS-RL-030726-005-3b3587ac8c7880c094d7fb6964438261?pvs=21),PCS,140
RL-BRS-052,0.027,B Grade,,2900,RL-0307-003 Beam (https://app.notion.com/p/RL-0307-003-Beam-3b2587ac8c7880558a01dd45d53934c0?pvs=21),,🟢 Available,,0,1,,1,75,,PCS,125
RL-BRS10-053,0.059,B Grade,🟢 Receive,3500,RL-0307-003 Beam (https://app.notion.com/p/RL-0307-003-Beam-3b2587ac8c7880558a01dd45d53934c0?pvs=21),Beam 10T up Relocation (https://app.notion.com/p/Beam-10T-up-Relocation-3b2587ac8c7880dbb0b4d6273b6e8b96?pvs=21),🟢 Available,🌲 Raw Material,0,1,,1,140,TRS/RL/030726/005 (https://app.notion.com/p/TRS-RL-030726-005-3b3587ac8c7880c094d7fb6964438261?pvs=21),PCS,120
RL-BRS10-054,0.057,B Grade,🟢 Receive,2900,RL-0307-003 Beam (https://app.notion.com/p/RL-0307-003-Beam-3b2587ac8c7880558a01dd45d53934c0?pvs=21),Beam 10T up Relocation (https://app.notion.com/p/Beam-10T-up-Relocation-3b2587ac8c7880dbb0b4d6273b6e8b96?pvs=21),🟢 Available,🌲 Raw Material,0,1,,1,140,TRS/RL/030726/005 (https://app.notion.com/p/TRS-RL-030726-005-3b3587ac8c7880c094d7fb6964438261?pvs=21),PCS,140
RL-BRS10-055,0.061,B Grade,🟢 Receive,2950,RL-0307-003 Beam (https://app.notion.com/p/RL-0307-003-Beam-3b2587ac8c7880558a01dd45d53934c0?pvs=21),Beam 10T up Relocation (https://app.notion.com/p/Beam-10T-up-Relocation-3b2587ac8c7880dbb0b4d6273b6e8b96?pvs=21),🟢 Available,🌲 Raw Material,0,1,,1,130,TRS/RL/030726/005 (https://app.notion.com/p/TRS-RL-030726-005-3b3587ac8c7880c094d7fb6964438261?pvs=21),PCS,160
RL-BRS10-056,0.070,B Grade,🟢 Receive,3700,RL-0307-003 Beam (https://app.notion.com/p/RL-0307-003-Beam-3b2587ac8c7880558a01dd45d53934c0?pvs=21),Beam 10T up Relocation (https://app.notion.com/p/Beam-10T-up-Relocation-3b2587ac8c7880dbb0b4d6273b6e8b96?pvs=21),🟢 Available,🌲 Raw Material,0,1,,1,135,TRS/RL/030726/005 (https://app.notion.com/p/TRS-RL-030726-005-3b3587ac8c7880c094d7fb6964438261?pvs=21),PCS,140
RL-BRS10-057,0.046,B Grade,🟢 Receive,2950,RL-0307-003 Beam (https://app.notion.com/p/RL-0307-003-Beam-3b2587ac8c7880558a01dd45d53934c0?pvs=21),Beam 10T up Relocation (https://app.notion.com/p/Beam-10T-up-Relocation-3b2587ac8c7880dbb0b4d6273b6e8b96?pvs=21),🟢 Available,🌲 Raw Material,0,1,,1,125,TRS/RL/030726/005 (https://app.notion.com/p/TRS-RL-030726-005-3b3587ac8c7880c094d7fb6964438261?pvs=21),PCS,125
RL-BRS3-058,0.010,B Grade,🟢 Receive,1800,RL-0307-005 3Thick Beam (https://app.notion.com/p/RL-0307-005-3Thick-Beam-3b2587ac8c7880e1aef6dd9741992370?pvs=21),Beam 3T Relocation (https://app.notion.com/p/Beam-3T-Relocation-3b3587ac8c78806b8aeceae933170f02?pvs=21),🟢 Available,,0,1,,1,35,TRS/REL/030726/003 (https://app.notion.com/p/TRS-REL-030726-003-3b3587ac8c7880ed923ae27b41c379cc?pvs=21),PCS,155
RL-BRS4-059,0.012,B Grade,🟢 Receive,2900,RL-0307-004 4Thick Beam (https://app.notion.com/p/RL-0307-004-4Thick-Beam-3b2587ac8c788063b53dc1cdcb4f9a68?pvs=21),Beam 4T Relocation (https://app.notion.com/p/Beam-4T-Relocation-3b3587ac8c7880658aa8ce9cc30d5f15?pvs=21),🟢 Available,🌲 Raw Material,0,1,,1,40,TRS/RL/030726/004 (https://app.notion.com/p/TRS-RL-030726-004-3b3587ac8c7880ed8054c4a15fa39692?pvs=21),PCS,100
RL-BRS-060,0.004,B Grade,,1100,RL-0307-005 3Thick Beam (https://app.notion.com/p/RL-0307-005-3Thick-Beam-3b2587ac8c7880e1aef6dd9741992370?pvs=21),20Thick Rougsawn Relocation (https://app.notion.com/p/20Thick-Rougsawn-Relocation-3b3587ac8c7880f38efeec0f875d1414?pvs=21),🟢 Available,,0,1,,1,25,,PCS,150
RL-BRS-061,0.033,B Grade,,2900,RL-0307-005 3Thick Beam (https://app.notion.com/p/RL-0307-005-3Thick-Beam-3b2587ac8c7880e1aef6dd9741992370?pvs=21),,🟢 Available,,0,1,,1,70,,PCS,165
RL-BRS4-062,0.010,B Grade,🟢 Receive,2300,RL-0307-005 3Thick Beam (https://app.notion.com/p/RL-0307-005-3Thick-Beam-3b2587ac8c7880e1aef6dd9741992370?pvs=21),Beam 4T Relocation (https://app.notion.com/p/Beam-4T-Relocation-3b3587ac8c7880658aa8ce9cc30d5f15?pvs=21),🟢 Available,🌲 Raw Material,0,1,,1,40,TRS/RL/030726/004 (https://app.notion.com/p/TRS-RL-030726-004-3b3587ac8c7880ed8054c4a15fa39692?pvs=21),PCS,110
RL-PRS-001,0.008,B Grade,🟢 Receive,2900,RL-0307-006 2Thick Plank (https://app.notion.com/p/RL-0307-006-2Thick-Plank-3b3587ac8c7880f9b969c390ce72a523?pvs=21),20Thick Rougsawn Relocation (https://app.notion.com/p/20Thick-Rougsawn-Relocation-3b3587ac8c7880f38efeec0f875d1414?pvs=21),🟢 Available,,0,1,,1,26,TRS/REL/030726/002 (https://app.notion.com/p/TRS-REL-030726-002-3b3587ac8c78803aab23d2bfb29afefc?pvs=21),PCS,110
RL-PRS-002,0.007,B Grade,🟢 Receive,3100,RL-0307-006 2Thick Plank (https://app.notion.com/p/RL-0307-006-2Thick-Plank-3b3587ac8c7880f9b969c390ce72a523?pvs=21),20Thick Rougsawn Relocation (https://app.notion.com/p/20Thick-Rougsawn-Relocation-3b3587ac8c7880f38efeec0f875d1414?pvs=21),🟢 Available,🌲 Raw Material,0,1,,1,27,TRS/REL/030726/002 (https://app.notion.com/p/TRS-REL-030726-002-3b3587ac8c78803aab23d2bfb29afefc?pvs=21),PCS,80
RL-PRS-003,0.006,B Grade,🟢 Receive,2600,RL-0307-006 2Thick Plank (https://app.notion.com/p/RL-0307-006-2Thick-Plank-3b3587ac8c7880f9b969c390ce72a523?pvs=21),20Thick Rougsawn Relocation (https://app.notion.com/p/20Thick-Rougsawn-Relocation-3b3587ac8c7880f38efeec0f875d1414?pvs=21),🟢 Available,🌲 Raw Material,0,1,,1,28,TRS/REL/030726/002 (https://app.notion.com/p/TRS-REL-030726-002-3b3587ac8c78803aab23d2bfb29afefc?pvs=21),PCS,80
RL-PMD-001,0.002,B Grade,,2850,RL-0307-007 4Wide (https://app.notion.com/p/RL-0307-007-4Wide-3b3587ac8c78800a9451e9fdeda4a640?pvs=21),20X40 Moulded B Relocation (https://app.notion.com/p/20X40-Moulded-B-Relocation-3b3587ac8c7880c89b66c0a1ad352862?pvs=21),🟢 Available,🪑 Finished Goods,0,1,,1,20,,PCS,40
RL-PMD-002,0.003,B Grade,,3950,RL-0307-007 4Wide (https://app.notion.com/p/RL-0307-007-4Wide-3b3587ac8c78800a9451e9fdeda4a640?pvs=21),20X40 Moulded B Relocation (https://app.notion.com/p/20X40-Moulded-B-Relocation-3b3587ac8c7880c89b66c0a1ad352862?pvs=21),🟢 Available,🪑 Finished Goods,0,1,,1,20,,PCS,40
RL-BRS4-063,0.007,B Grade,🟢 Receive,2400,RL-0307-004 4Thick Beam (https://app.notion.com/p/RL-0307-004-4Thick-Beam-3b2587ac8c788063b53dc1cdcb4f9a68?pvs=21),Beam 4T Relocation (https://app.notion.com/p/Beam-4T-Relocation-3b3587ac8c7880658aa8ce9cc30d5f15?pvs=21),🟢 Available,🌲 Raw Material,0,1,,1,40,TRS/RL/030726/004 (https://app.notion.com/p/TRS-RL-030726-004-3b3587ac8c7880ed8054c4a15fa39692?pvs=21),PCS,75
RL-PMD-003,0.002,B Grade,,2350,RL-0307-007 4Wide (https://app.notion.com/p/RL-0307-007-4Wide-3b3587ac8c78800a9451e9fdeda4a640?pvs=21),20X40 Moulded B Relocation (https://app.notion.com/p/20X40-Moulded-B-Relocation-3b3587ac8c7880c89b66c0a1ad352862?pvs=21),🟢 Available,🪑 Finished Goods,0,1,,1,20,,PCS,40
RL-BRS3-064,0.012,B Grade,🟢 Receive,3900,RL-0307-005 3Thick Beam (https://app.notion.com/p/RL-0307-005-3Thick-Beam-3b2587ac8c7880e1aef6dd9741992370?pvs=21),Beam 3T Relocation (https://app.notion.com/p/Beam-3T-Relocation-3b3587ac8c78806b8aeceae933170f02?pvs=21),🟢 Available,🌲 Raw Material,0,1,,1,35,TRS/REL/030726/003 (https://app.notion.com/p/TRS-REL-030726-003-3b3587ac8c7880ed923ae27b41c379cc?pvs=21),PCS,85
RL-BRS3-065,0.012,B Grade,🟢 Receive,4000,RL-0307-005 3Thick Beam (https://app.notion.com/p/RL-0307-005-3Thick-Beam-3b2587ac8c7880e1aef6dd9741992370?pvs=21),Beam 3T Relocation (https://app.notion.com/p/Beam-3T-Relocation-3b3587ac8c78806b8aeceae933170f02?pvs=21),🟢 Available,🌲 Raw Material,0,1,,1,35,TRS/REL/030726/003 (https://app.notion.com/p/TRS-REL-030726-003-3b3587ac8c7880ed923ae27b41c379cc?pvs=21),PCS,85
RL-BRS4-066,0.036,B Grade,🟢 Receive,4000,RL-0307-004 4Thick Beam (https://app.notion.com/p/RL-0307-004-4Thick-Beam-3b2587ac8c788063b53dc1cdcb4f9a68?pvs=21),Beam 4T Relocation (https://app.notion.com/p/Beam-4T-Relocation-3b3587ac8c7880658aa8ce9cc30d5f15?pvs=21),🟢 Available,🌲 Raw Material,0,3,,3,40,TRS/RL/030726/004 (https://app.notion.com/p/TRS-RL-030726-004-3b3587ac8c7880ed8054c4a15fa39692?pvs=21),PCS,75
RL-PMD-004,0.002,B Grade,,2850,RL-0307-007 4Wide (https://app.notion.com/p/RL-0307-007-4Wide-3b3587ac8c78800a9451e9fdeda4a640?pvs=21),20X40 Moulded B Relocation (https://app.notion.com/p/20X40-Moulded-B-Relocation-3b3587ac8c7880c89b66c0a1ad352862?pvs=21),🟢 Available,🪑 Finished Goods,0,1,,1,20,,PCS,40
RL-BRS4-067,0.011,B Grade,🟢 Receive,3400,RL-0307-004 4Thick Beam (https://app.notion.com/p/RL-0307-004-4Thick-Beam-3b2587ac8c788063b53dc1cdcb4f9a68?pvs=21),Beam 4T Relocation (https://app.notion.com/p/Beam-4T-Relocation-3b3587ac8c7880658aa8ce9cc30d5f15?pvs=21),🟢 Available,🌲 Raw Material,0,1,,1,40,TRS/RL/030726/004 (https://app.notion.com/p/TRS-RL-030726-004-3b3587ac8c7880ed8054c4a15fa39692?pvs=21),PCS,80
RL-PMD-005,0.003,B Grade,,3200,RL-0307-007 4Wide (https://app.notion.com/p/RL-0307-007-4Wide-3b3587ac8c78800a9451e9fdeda4a640?pvs=21),20X40 Moulded B Relocation (https://app.notion.com/p/20X40-Moulded-B-Relocation-3b3587ac8c7880c89b66c0a1ad352862?pvs=21),🟢 Available,🪑 Finished Goods,0,1,,1,20,,PCS,40
RL-PMD-006,0.002,B Grade,,2650,RL-0307-007 4Wide (https://app.notion.com/p/RL-0307-007-4Wide-3b3587ac8c78800a9451e9fdeda4a640?pvs=21),20X40 Moulded B Relocation (https://app.notion.com/p/20X40-Moulded-B-Relocation-3b3587ac8c7880c89b66c0a1ad352862?pvs=21),🟢 Available,🪑 Finished Goods,0,1,,1,20,,PCS,40
RL-BRS3-068,0.009,B Grade,🟢 Receive,3100,RL-0307-005 3Thick Beam (https://app.notion.com/p/RL-0307-005-3Thick-Beam-3b2587ac8c7880e1aef6dd9741992370?pvs=21),Beam 3T Relocation (https://app.notion.com/p/Beam-3T-Relocation-3b3587ac8c78806b8aeceae933170f02?pvs=21),🟢 Available,🌲 Raw Material,0,1,,1,35,TRS/REL/030726/003 (https://app.notion.com/p/TRS-REL-030726-003-3b3587ac8c7880ed923ae27b41c379cc?pvs=21),PCS,80
RL-BRS3-069,0.011,B Grade,🟢 Receive,4000,RL-0307-005 3Thick Beam (https://app.notion.com/p/RL-0307-005-3Thick-Beam-3b2587ac8c7880e1aef6dd9741992370?pvs=21),Beam 3T Relocation (https://app.notion.com/p/Beam-3T-Relocation-3b3587ac8c78806b8aeceae933170f02?pvs=21),🟢 Available,🌲 Raw Material,0,1,,1,35,TRS/REL/030726/003 (https://app.notion.com/p/TRS-REL-030726-003-3b3587ac8c7880ed923ae27b41c379cc?pvs=21),PCS,80
RL-PMD-007,0.003,B Grade,,3150,RL-0307-007 4Wide (https://app.notion.com/p/RL-0307-007-4Wide-3b3587ac8c78800a9451e9fdeda4a640?pvs=21),20X40 Moulded B Relocation (https://app.notion.com/p/20X40-Moulded-B-Relocation-3b3587ac8c7880c89b66c0a1ad352862?pvs=21),🟢 Available,🪑 Finished Goods,0,1,,1,20,,PCS,40
RL-BRS4-070,0.008,B Grade,🟢 Receive,2600,RL-0307-004 4Thick Beam (https://app.notion.com/p/RL-0307-004-4Thick-Beam-3b2587ac8c788063b53dc1cdcb4f9a68?pvs=21),Beam 4T Relocation (https://app.notion.com/p/Beam-4T-Relocation-3b3587ac8c7880658aa8ce9cc30d5f15?pvs=21),🟢 Available,🌲 Raw Material,0,1,,1,40,TRS/RL/030726/004 (https://app.notion.com/p/TRS-RL-030726-004-3b3587ac8c7880ed8054c4a15fa39692?pvs=21),PCS,80
RL-PMD-008,0.002,B Grade,,2850,RL-0307-007 4Wide (https://app.notion.com/p/RL-0307-007-4Wide-3b3587ac8c78800a9451e9fdeda4a640?pvs=21),20X40 Moulded B Relocation (https://app.notion.com/p/20X40-Moulded-B-Relocation-3b3587ac8c7880c89b66c0a1ad352862?pvs=21),🟢 Available,🪑 Finished Goods,0,1,,1,20,,PCS,40
RL-PMD-009,0.002,B Grade,,2800,RL-0307-007 4Wide (https://app.notion.com/p/RL-0307-007-4Wide-3b3587ac8c78800a9451e9fdeda4a640?pvs=21),20X40 Moulded B Relocation (https://app.notion.com/p/20X40-Moulded-B-Relocation-3b3587ac8c7880c89b66c0a1ad352862?pvs=21),🟢 Available,🪑 Finished Goods,0,1,,1,20,,PCS,40
RL-PMD-010,0.002,B Grade,,2100,RL-0307-007 4Wide (https://app.notion.com/p/RL-0307-007-4Wide-3b3587ac8c78800a9451e9fdeda4a640?pvs=21),20X40 Moulded B Relocation (https://app.notion.com/p/20X40-Moulded-B-Relocation-3b3587ac8c7880c89b66c0a1ad352862?pvs=21),🟢 Available,🪑 Finished Goods,0,1,,1,20,,PCS,40
RL-PMD-011,0.002,B Grade,,2000,RL-0307-008 5Wide (https://app.notion.com/p/RL-0307-008-5Wide-3b3587ac8c788019aea3cab5301a5bbd?pvs=21),20x50 Moulded B relocation (https://app.notion.com/p/20x50-Moulded-B-relocation-3b3587ac8c78807bae60ec933a25fafc?pvs=21),🟢 Available,🪑 Finished Goods,0,1,,1,20,,PCS,50
RL-PMD-012,0.003,B Grade,,2850,RL-0307-008 5Wide (https://app.notion.com/p/RL-0307-008-5Wide-3b3587ac8c788019aea3cab5301a5bbd?pvs=21),20x50 Moulded B relocation (https://app.notion.com/p/20x50-Moulded-B-relocation-3b3587ac8c78807bae60ec933a25fafc?pvs=21),🟢 Available,🪑 Finished Goods,0,1,,1,20,,PCS,50
RK-PMD-013,0.003,B Grade,,3050,RL-0307-008 5Wide (https://app.notion.com/p/RL-0307-008-5Wide-3b3587ac8c788019aea3cab5301a5bbd?pvs=21),20x50 Moulded B relocation (https://app.notion.com/p/20x50-Moulded-B-relocation-3b3587ac8c78807bae60ec933a25fafc?pvs=21),🟢 Available,🪑 Finished Goods,0,1,,1,20,,PCS,50
RL-BRS3-071,0.006,B Grade,🟢 Receive,2100,RL-0307-005 3Thick Beam (https://app.notion.com/p/RL-0307-005-3Thick-Beam-3b2587ac8c7880e1aef6dd9741992370?pvs=21),Beam 3T Relocation (https://app.notion.com/p/Beam-3T-Relocation-3b3587ac8c78806b8aeceae933170f02?pvs=21),🟢 Available,🌲 Raw Material,0,1,,1,35,TRS/REL/030726/003 (https://app.notion.com/p/TRS-REL-030726-003-3b3587ac8c7880ed923ae27b41c379cc?pvs=21),PCS,80
RL-PMD-014,0.002,B Grade,,2100,RL-0307-008 5Wide (https://app.notion.com/p/RL-0307-008-5Wide-3b3587ac8c788019aea3cab5301a5bbd?pvs=21),20x50 Moulded B relocation (https://app.notion.com/p/20x50-Moulded-B-relocation-3b3587ac8c78807bae60ec933a25fafc?pvs=21),🟢 Available,🪑 Finished Goods,0,1,,1,20,,PCS,50
RL-BRS4-072,0.017,B Grade,🟢 Receive,2700,RL-0307-004 4Thick Beam (https://app.notion.com/p/RL-0307-004-4Thick-Beam-3b2587ac8c788063b53dc1cdcb4f9a68?pvs=21),Beam 4T Relocation (https://app.notion.com/p/Beam-4T-Relocation-3b3587ac8c7880658aa8ce9cc30d5f15?pvs=21),🟢 Available,🌲 Raw Material,0,1,,1,40,TRS/RL/030726/004 (https://app.notion.com/p/TRS-RL-030726-004-3b3587ac8c7880ed8054c4a15fa39692?pvs=21),PCS,155
RL-PMD-015,0.002,B Grade,,2300,RL-0307-008 5Wide (https://app.notion.com/p/RL-0307-008-5Wide-3b3587ac8c788019aea3cab5301a5bbd?pvs=21),20x50 Moulded B relocation (https://app.notion.com/p/20x50-Moulded-B-relocation-3b3587ac8c78807bae60ec933a25fafc?pvs=21),🟢 Available,🪑 Finished Goods,0,1,,1,20,,PCS,50
RL-PMD-016,0.003,B Grade,,3300,RL-0307-008 5Wide (https://app.notion.com/p/RL-0307-008-5Wide-3b3587ac8c788019aea3cab5301a5bbd?pvs=21),20x50 Moulded B relocation (https://app.notion.com/p/20x50-Moulded-B-relocation-3b3587ac8c78807bae60ec933a25fafc?pvs=21),🟢 Available,🪑 Finished Goods,0,1,,1,20,,PCS,50
RL-PMD-017,0.003,B Grade,,2650,RL-0307-008 5Wide (https://app.notion.com/p/RL-0307-008-5Wide-3b3587ac8c788019aea3cab5301a5bbd?pvs=21),20x50 Moulded B relocation (https://app.notion.com/p/20x50-Moulded-B-relocation-3b3587ac8c78807bae60ec933a25fafc?pvs=21),🟢 Available,🪑 Finished Goods,0,1,,1,20,,PCS,50
RL-BRS4-073,0.007,B Grade,🟢 Receive,2200,RL-0307-004 4Thick Beam (https://app.notion.com/p/RL-0307-004-4Thick-Beam-3b2587ac8c788063b53dc1cdcb4f9a68?pvs=21),Beam 4T Relocation (https://app.notion.com/p/Beam-4T-Relocation-3b3587ac8c7880658aa8ce9cc30d5f15?pvs=21),🟢 Available,🌲 Raw Material,0,1,,1,40,TRS/RL/030726/004 (https://app.notion.com/p/TRS-RL-030726-004-3b3587ac8c7880ed8054c4a15fa39692?pvs=21),PCS,75
RL-BRS4-074,0.013,B Grade,🟢 Receive,2400,RL-0307-004 4Thick Beam (https://app.notion.com/p/RL-0307-004-4Thick-Beam-3b2587ac8c788063b53dc1cdcb4f9a68?pvs=21),Beam 4T Relocation (https://app.notion.com/p/Beam-4T-Relocation-3b3587ac8c7880658aa8ce9cc30d5f15?pvs=21),🟢 Available,🌲 Raw Material,0,1,,1,45,TRS/RL/030726/004 (https://app.notion.com/p/TRS-RL-030726-004-3b3587ac8c7880ed8054c4a15fa39692?pvs=21),PCS,120
RL-BRS3-075,0.015,B Grade,🟢 Receive,4000,RL-0307-005 3Thick Beam (https://app.notion.com/p/RL-0307-005-3Thick-Beam-3b2587ac8c7880e1aef6dd9741992370?pvs=21),Beam 3T Relocation (https://app.notion.com/p/Beam-3T-Relocation-3b3587ac8c78806b8aeceae933170f02?pvs=21),🟢 Available,🌲 Raw Material,0,1,,1,35,TRS/REL/030726/003 (https://app.notion.com/p/TRS-REL-030726-003-3b3587ac8c7880ed923ae27b41c379cc?pvs=21),PCS,110
RL-BRS4-076,0.019,B Grade,🟢 Receive,4000,RL-0307-004 4Thick Beam (https://app.notion.com/p/RL-0307-004-4Thick-Beam-3b2587ac8c788063b53dc1cdcb4f9a68?pvs=21),Beam 4T Relocation (https://app.notion.com/p/Beam-4T-Relocation-3b3587ac8c7880658aa8ce9cc30d5f15?pvs=21),🟢 Available,🌲 Raw Material,0,1,,1,40,TRS/RL/030726/004 (https://app.notion.com/p/TRS-RL-030726-004-3b3587ac8c7880ed8054c4a15fa39692?pvs=21),PCS,120
RL-BRS4-077,0.014,B Grade,🟢 Receive,4000,RL-0307-004 4Thick Beam (https://app.notion.com/p/RL-0307-004-4Thick-Beam-3b2587ac8c788063b53dc1cdcb4f9a68?pvs=21),Beam 4T Relocation (https://app.notion.com/p/Beam-4T-Relocation-3b3587ac8c7880658aa8ce9cc30d5f15?pvs=21),🟢 Available,🌲 Raw Material,0,1,,1,40,TRS/RL/030726/004 (https://app.notion.com/p/TRS-RL-030726-004-3b3587ac8c7880ed8054c4a15fa39692?pvs=21),PCS,90
RL-BRS3-078,0.013,B Grade,🟢 Receive,3000,RL-0307-005 3Thick Beam (https://app.notion.com/p/RL-0307-005-3Thick-Beam-3b2587ac8c7880e1aef6dd9741992370?pvs=21),Beam 3T Relocation (https://app.notion.com/p/Beam-3T-Relocation-3b3587ac8c78806b8aeceae933170f02?pvs=21),🟢 Available,🌲 Raw Material,0,1,,1,35,TRS/REL/030726/003 (https://app.notion.com/p/TRS-REL-030726-003-3b3587ac8c7880ed923ae27b41c379cc?pvs=21),PCS,120
RL-BRS3-079,0.017,B Grade,🟢 Receive,4000,RL-0307-005 3Thick Beam (https://app.notion.com/p/RL-0307-005-3Thick-Beam-3b2587ac8c7880e1aef6dd9741992370?pvs=21),Beam 3T Relocation (https://app.notion.com/p/Beam-3T-Relocation-3b3587ac8c78806b8aeceae933170f02?pvs=21),🟢 Available,🌲 Raw Material,0,1,,1,35,TRS/REL/030726/003 (https://app.notion.com/p/TRS-REL-030726-003-3b3587ac8c7880ed923ae27b41c379cc?pvs=21),PCS,120
RL-BRS4-080,0.008,B Grade,🟢 Receive,2000,RL-0307-004 4Thick Beam (https://app.notion.com/p/RL-0307-004-4Thick-Beam-3b2587ac8c788063b53dc1cdcb4f9a68?pvs=21),Beam 4T Relocation (https://app.notion.com/p/Beam-4T-Relocation-3b3587ac8c7880658aa8ce9cc30d5f15?pvs=21),🟢 Available,🌲 Raw Material,0,1,,1,49,TRS/RL/030726/004 (https://app.notion.com/p/TRS-RL-030726-004-3b3587ac8c7880ed8054c4a15fa39692?pvs=21),PCS,80
RL-BRS4-081,0.007,B Grade,🟢 Receive,2200,RL-0307-004 4Thick Beam (https://app.notion.com/p/RL-0307-004-4Thick-Beam-3b2587ac8c788063b53dc1cdcb4f9a68?pvs=21),Beam 4T Relocation (https://app.notion.com/p/Beam-4T-Relocation-3b3587ac8c7880658aa8ce9cc30d5f15?pvs=21),🟢 Available,🌲 Raw Material,0,1,,1,40,TRS/RL/030726/004 (https://app.notion.com/p/TRS-RL-030726-004-3b3587ac8c7880ed8054c4a15fa39692?pvs=21),PCS,80
RL-BRS3-082,0.017,B Grade,🟢 Receive,4000,RL-0307-004 4Thick Beam (https://app.notion.com/p/RL-0307-004-4Thick-Beam-3b2587ac8c788063b53dc1cdcb4f9a68?pvs=21),Beam 3T Relocation (https://app.notion.com/p/Beam-3T-Relocation-3b3587ac8c78806b8aeceae933170f02?pvs=21),🟢 Available,🌲 Raw Material,0,1,,1,35,TRS/REL/030726/003 (https://app.notion.com/p/TRS-REL-030726-003-3b3587ac8c7880ed923ae27b41c379cc?pvs=21),PCS,120
RL-BRS4-083,0.010,B Grade,🟢 Receive,3200,RL-0307-004 4Thick Beam (https://app.notion.com/p/RL-0307-004-4Thick-Beam-3b2587ac8c788063b53dc1cdcb4f9a68?pvs=21),Beam 4T Relocation (https://app.notion.com/p/Beam-4T-Relocation-3b3587ac8c7880658aa8ce9cc30d5f15?pvs=21),🟢 Available,🌲 Raw Material,0,1,,1,40,TRS/RL/030726/004 (https://app.notion.com/p/TRS-RL-030726-004-3b3587ac8c7880ed8054c4a15fa39692?pvs=21),PCS,80
RL-BRS4-084,0.020,B Grade,🟢 Receive,4000,RL-0307-004 4Thick Beam (https://app.notion.com/p/RL-0307-004-4Thick-Beam-3b2587ac8c788063b53dc1cdcb4f9a68?pvs=21),Beam 4T Relocation (https://app.notion.com/p/Beam-4T-Relocation-3b3587ac8c7880658aa8ce9cc30d5f15?pvs=21),🟢 Available,🌲 Raw Material,0,1,,1,40,TRS/RL/030726/004 (https://app.notion.com/p/TRS-RL-030726-004-3b3587ac8c7880ed8054c4a15fa39692?pvs=21),PCS,125
RL-PMD-018,0.004,B Grade,,3500,RL-0307-008 5Wide (https://app.notion.com/p/RL-0307-008-5Wide-3b3587ac8c788019aea3cab5301a5bbd?pvs=21),20x50 Moulded B relocation (https://app.notion.com/p/20x50-Moulded-B-relocation-3b3587ac8c78807bae60ec933a25fafc?pvs=21),🟢 Available,🪑 Finished Goods,0,1,,1,20,,PCS,50
RL-PMD-019,0.010,B Grade,,2450,RL-0307-008 5Wide (https://app.notion.com/p/RL-0307-008-5Wide-3b3587ac8c788019aea3cab5301a5bbd?pvs=21),20x50 Moulded B relocation (https://app.notion.com/p/20x50-Moulded-B-relocation-3b3587ac8c78807bae60ec933a25fafc?pvs=21),🟢 Available,🪑 Finished Goods,0,4,,4,20,,PCS,50
RL-PMD-020,0.003,B Grade,,2950,RL-0307-008 5Wide (https://app.notion.com/p/RL-0307-008-5Wide-3b3587ac8c788019aea3cab5301a5bbd?pvs=21),20x50 Moulded B relocation (https://app.notion.com/p/20x50-Moulded-B-relocation-3b3587ac8c78807bae60ec933a25fafc?pvs=21),🟢 Available,🪑 Finished Goods,0,1,,1,20,,PCS,50
RL-PMD-021,0.003,B Grade,,2800,RL-0307-008 5Wide (https://app.notion.com/p/RL-0307-008-5Wide-3b3587ac8c788019aea3cab5301a5bbd?pvs=21),20x50 Moulded B relocation (https://app.notion.com/p/20x50-Moulded-B-relocation-3b3587ac8c78807bae60ec933a25fafc?pvs=21),🟢 Available,🪑 Finished Goods,0,1,,1,20,,PCS,50
RL-PMD-022,0.010,B Grade,,2600,RL-0307-008 5Wide (https://app.notion.com/p/RL-0307-008-5Wide-3b3587ac8c788019aea3cab5301a5bbd?pvs=21),20x50 Moulded B relocation (https://app.notion.com/p/20x50-Moulded-B-relocation-3b3587ac8c78807bae60ec933a25fafc?pvs=21),🟢 Available,🪑 Finished Goods,0,4,,4,20,,PCS,50
RL-PMD-023,0.005,B Grade,,2250,RL-0307-008 5Wide (https://app.notion.com/p/RL-0307-008-5Wide-3b3587ac8c788019aea3cab5301a5bbd?pvs=21),20x50 Moulded B relocation (https://app.notion.com/p/20x50-Moulded-B-relocation-3b3587ac8c78807bae60ec933a25fafc?pvs=21),🟢 Available,🪑 Finished Goods,0,2,,2,20,,PCS,50
RL-PMD-024,0.002,B Grade,,2400,RL-0307-008 5Wide (https://app.notion.com/p/RL-0307-008-5Wide-3b3587ac8c788019aea3cab5301a5bbd?pvs=21),20x50 Moulded B relocation (https://app.notion.com/p/20x50-Moulded-B-relocation-3b3587ac8c78807bae60ec933a25fafc?pvs=21),🟢 Available,🪑 Finished Goods,0,1,,1,20,,PCS,50
RL-PMD-025,0.009,B Grade,,2850,RL-0307-008 5Wide (https://app.notion.com/p/RL-0307-008-5Wide-3b3587ac8c788019aea3cab5301a5bbd?pvs=21),20x50 Moulded B relocation (https://app.notion.com/p/20x50-Moulded-B-relocation-3b3587ac8c78807bae60ec933a25fafc?pvs=21),🟢 Available,🪑 Finished Goods,0,3,,3,20,,PCS,50
RL-PMD-026,0.003,B Grade,,2890,RL-0307-008 5Wide (https://app.notion.com/p/RL-0307-008-5Wide-3b3587ac8c788019aea3cab5301a5bbd?pvs=21),20x50 Moulded B relocation (https://app.notion.com/p/20x50-Moulded-B-relocation-3b3587ac8c78807bae60ec933a25fafc?pvs=21),🟢 Available,🪑 Finished Goods,0,1,,1,20,,PCS,50
RL-PMD-027,0.007,B Grade,,2300,RL-0307-008 5Wide (https://app.notion.com/p/RL-0307-008-5Wide-3b3587ac8c788019aea3cab5301a5bbd?pvs=21),20x50 Moulded B relocation (https://app.notion.com/p/20x50-Moulded-B-relocation-3b3587ac8c78807bae60ec933a25fafc?pvs=21),🟢 Available,🪑 Finished Goods,0,3,,3,20,,PCS,50
RL-PMD-028,0.004,B Grade,,2200,RL-0307-008 5Wide (https://app.notion.com/p/RL-0307-008-5Wide-3b3587ac8c788019aea3cab5301a5bbd?pvs=21),20x50 Moulded B relocation (https://app.notion.com/p/20x50-Moulded-B-relocation-3b3587ac8c78807bae60ec933a25fafc?pvs=21),🟢 Available,🪑 Finished Goods,0,2,,2,20,,PCS,50
RL-PMD-029,0.003,B Grade,,3100,RL-0307-008 5Wide (https://app.notion.com/p/RL-0307-008-5Wide-3b3587ac8c788019aea3cab5301a5bbd?pvs=21),20x50 Moulded B relocation (https://app.notion.com/p/20x50-Moulded-B-relocation-3b3587ac8c78807bae60ec933a25fafc?pvs=21),🟢 Available,🪑 Finished Goods,0,1,,1,20,,PCS,50
RL-PMD-030,0.003,B Grade,,2950,RL-0307-008 5Wide (https://app.notion.com/p/RL-0307-008-5Wide-3b3587ac8c788019aea3cab5301a5bbd?pvs=21),20x50 Moulded B relocation (https://app.notion.com/p/20x50-Moulded-B-relocation-3b3587ac8c78807bae60ec933a25fafc?pvs=21),🟢 Available,🪑 Finished Goods,0,1,,1,20,,PCS,50
RL-PMD-031,0.006,B Grade,,2750,RL-0307-008 5Wide (https://app.notion.com/p/RL-0307-008-5Wide-3b3587ac8c788019aea3cab5301a5bbd?pvs=21),20x50 Moulded B relocation (https://app.notion.com/p/20x50-Moulded-B-relocation-3b3587ac8c78807bae60ec933a25fafc?pvs=21),🟢 Available,🪑 Finished Goods,0,2,,2,20,,PCS,50
RL-PMD-032,0.003,B Grade,,2550,RL-0307-008 5Wide (https://app.notion.com/p/RL-0307-008-5Wide-3b3587ac8c788019aea3cab5301a5bbd?pvs=21),20x50 Moulded B relocation (https://app.notion.com/p/20x50-Moulded-B-relocation-3b3587ac8c78807bae60ec933a25fafc?pvs=21),🟢 Available,🪑 Finished Goods,0,1,,1,20,,PCS,50
RL-PMD-033,0.002,B Grade,,2000,RL-0307-008 5Wide (https://app.notion.com/p/RL-0307-008-5Wide-3b3587ac8c788019aea3cab5301a5bbd?pvs=21),20x50 Moulded B relocation (https://app.notion.com/p/20x50-Moulded-B-relocation-3b3587ac8c78807bae60ec933a25fafc?pvs=21),🟢 Available,🪑 Finished Goods,0,1,,1,20,,PCS,50
RL-PMD-034,0.003,B Grade,,3400,RL-0307-008 5Wide (https://app.notion.com/p/RL-0307-008-5Wide-3b3587ac8c788019aea3cab5301a5bbd?pvs=21),20x50 Moulded B relocation (https://app.notion.com/p/20x50-Moulded-B-relocation-3b3587ac8c78807bae60ec933a25fafc?pvs=21),🟢 Available,🪑 Finished Goods,0,1,,1,20,,PCS,50
RL-PMD-035,0.003,B Grade,,2800,RL-0307-008 5Wide (https://app.notion.com/p/RL-0307-008-5Wide-3b3587ac8c788019aea3cab5301a5bbd?pvs=21),20x50 Moulded B relocation (https://app.notion.com/p/20x50-Moulded-B-relocation-3b3587ac8c78807bae60ec933a25fafc?pvs=21),🟢 Available,🪑 Finished Goods,0,1,,1,20,,PCS,50
RL-PMD-036,0.002,B Grade,,2400,RL-0307-008 5Wide (https://app.notion.com/p/RL-0307-008-5Wide-3b3587ac8c788019aea3cab5301a5bbd?pvs=21),20x50 Moulded B relocation (https://app.notion.com/p/20x50-Moulded-B-relocation-3b3587ac8c78807bae60ec933a25fafc?pvs=21),🟢 Available,🪑 Finished Goods,0,1,,1,20,,PCS,50
RL-PMD-037,0.002,B Grade,,2100,RL-0307-008 5Wide (https://app.notion.com/p/RL-0307-008-5Wide-3b3587ac8c788019aea3cab5301a5bbd?pvs=21),20x50 Moulded B relocation (https://app.notion.com/p/20x50-Moulded-B-relocation-3b3587ac8c78807bae60ec933a25fafc?pvs=21),🟢 Available,🪑 Finished Goods,0,1,,1,20,,PCS,50
WH-PRS2-001,0.001,B Grade,🔴 Adjustment,800,WH-0507-001 20Thick (https://app.notion.com/p/WH-0507-001-20Thick-3b3587ac8c78801d8ecffac6b6e40b3d?pvs=21),20Thick Roughsawn (https://app.notion.com/p/20Thick-Roughsawn-3b3587ac8c7880988152fb99401823d6?pvs=21),🟢 Available,🌲 Raw Material,0,1,,1,25,TRS/WH/050726/001 (https://app.notion.com/p/TRS-WH-050726-001-3b3587ac8c7880b19b8ffb4155174636?pvs=21),,65
WH-PRS3-001,0.002,B Grade,,1700,WH-0507-001 30Thick (https://app.notion.com/p/WH-0507-001-30Thick-3b3587ac8c7880f19ab7d6efcd7db144?pvs=21),30Thick Roughsawn (https://app.notion.com/p/30Thick-Roughsawn-3b3587ac8c7880629c0bc2cbeea8ccd4?pvs=21),🟢 Available,🌲 Raw Material,0,1,,1,30,,PCS,30
WH-PRS4-002,0.004,B Grade,,2200,WH-0507-001 40Thick (https://app.notion.com/p/WH-0507-001-40Thick-3b3587ac8c78806eb7cec1c836e1eda6?pvs=21),40Thick Roughsawn (https://app.notion.com/p/40Thick-Roughsawn-3b3587ac8c7880c49ad5dceacf826725?pvs=21),🟢 Available,🌲 Raw Material,0,1,,1,40,,PCS,40
WH-PRS2-002,0.002,B Grade,🔴 Adjustment,1200,WH-0507-001 20Thick (https://app.notion.com/p/WH-0507-001-20Thick-3b3587ac8c78801d8ecffac6b6e40b3d?pvs=21),20Thick Roughsawn (https://app.notion.com/p/20Thick-Roughsawn-3b3587ac8c7880988152fb99401823d6?pvs=21),🟢 Available,🌲 Raw Material,0,1,,1,22,TRS/WH/050726/001 (https://app.notion.com/p/TRS-WH-050726-001-3b3587ac8c7880b19b8ffb4155174636?pvs=21),,80
WH-PRS2-003,0.004,B Grade,🔴 Adjustment,2000,WH-0507-001 20Thick (https://app.notion.com/p/WH-0507-001-20Thick-3b3587ac8c78801d8ecffac6b6e40b3d?pvs=21),20Thick Roughsawn (https://app.notion.com/p/20Thick-Roughsawn-3b3587ac8c7880988152fb99401823d6?pvs=21),🟢 Available,🌲 Raw Material,0,1,,1,25,TRS/WH/050726/001 (https://app.notion.com/p/TRS-WH-050726-001-3b3587ac8c7880b19b8ffb4155174636?pvs=21),,80
WH-PRS2-004,0.001,B Grade,🔴 Adjustment,500,WH-0507-001 20Thick (https://app.notion.com/p/WH-0507-001-20Thick-3b3587ac8c78801d8ecffac6b6e40b3d?pvs=21),20Thick Roughsawn (https://app.notion.com/p/20Thick-Roughsawn-3b3587ac8c7880988152fb99401823d6?pvs=21),🟢 Available,🌲 Raw Material,0,1,,1,27,TRS/WH/050726/001 (https://app.notion.com/p/TRS-WH-050726-001-3b3587ac8c7880b19b8ffb4155174636?pvs=21),,65
WH-PRS2-005,0.002,B Grade,🔴 Adjustment,1400,WH-0507-001 20Thick (https://app.notion.com/p/WH-0507-001-20Thick-3b3587ac8c78801d8ecffac6b6e40b3d?pvs=21),20Thick Roughsawn (https://app.notion.com/p/20Thick-Roughsawn-3b3587ac8c7880988152fb99401823d6?pvs=21),🟢 Available,🌲 Raw Material,0,1,,1,24,TRS/WH/050726/001 (https://app.notion.com/p/TRS-WH-050726-001-3b3587ac8c7880b19b8ffb4155174636?pvs=21),,65
WH-PRS2-006,0.006,B Grade,🔴 Adjustment,1600,WH-0507-001 20Thick (https://app.notion.com/p/WH-0507-001-20Thick-3b3587ac8c78801d8ecffac6b6e40b3d?pvs=21),20Thick Roughsawn (https://app.notion.com/p/20Thick-Roughsawn-3b3587ac8c7880988152fb99401823d6?pvs=21),🟢 Available,🌲 Raw Material,0,5,,5,20,TRS/WH/050726/001 (https://app.notion.com/p/TRS-WH-050726-001-3b3587ac8c7880b19b8ffb4155174636?pvs=21),,40
WH-PRS2-007,0.000,B Grade,🔴 Adjustment,400,WH-0507-001 20Thick (https://app.notion.com/p/WH-0507-001-20Thick-3b3587ac8c78801d8ecffac6b6e40b3d?pvs=21),20Thick Roughsawn (https://app.notion.com/p/20Thick-Roughsawn-3b3587ac8c7880988152fb99401823d6?pvs=21),🟢 Available,🌲 Raw Material,0,1,,1,25,TRS/WH/050726/001 (https://app.notion.com/p/TRS-WH-050726-001-3b3587ac8c7880b19b8ffb4155174636?pvs=21),,40
WH-PRS2-008,0.001,B Grade,🔴 Adjustment,500,WH-0507-001 20Thick (https://app.notion.com/p/WH-0507-001-20Thick-3b3587ac8c78801d8ecffac6b6e40b3d?pvs=21),20Thick Roughsawn (https://app.notion.com/p/20Thick-Roughsawn-3b3587ac8c7880988152fb99401823d6?pvs=21),🟢 Available,🌲 Raw Material,0,1,,1,23,TRS/WH/050726/001 (https://app.notion.com/p/TRS-WH-050726-001-3b3587ac8c7880b19b8ffb4155174636?pvs=21),,130
WH-PRS4-001,0.005,B Grade,,1600,WH-0507-001 40Thick (https://app.notion.com/p/WH-0507-001-40Thick-3b3587ac8c78806eb7cec1c836e1eda6?pvs=21),40Thick Roughsawn (https://app.notion.com/p/40Thick-Roughsawn-3b3587ac8c7880c49ad5dceacf826725?pvs=21),🟢 Available,🌲 Raw Material,0,1,,1,40,,PCS,85
WH-PRS2-009,0.003,B Grade,🔴 Adjustment,1850,WH-0507-001 20Thick (https://app.notion.com/p/WH-0507-001-20Thick-3b3587ac8c78801d8ecffac6b6e40b3d?pvs=21),20Thick Roughsawn (https://app.notion.com/p/20Thick-Roughsawn-3b3587ac8c7880988152fb99401823d6?pvs=21),🟢 Available,🌲 Raw Material,0,1,,1,26,TRS/WH/050726/001 (https://app.notion.com/p/TRS-WH-050726-001-3b3587ac8c7880b19b8ffb4155174636?pvs=21),,55
WH-PRS2-010,0.003,B Grade,🔴 Adjustment,1400,WH-0507-001 20Thick (https://app.notion.com/p/WH-0507-001-20Thick-3b3587ac8c78801d8ecffac6b6e40b3d?pvs=21),20Thick Roughsawn (https://app.notion.com/p/20Thick-Roughsawn-3b3587ac8c7880988152fb99401823d6?pvs=21),🟢 Available,🌲 Raw Material,0,1,,1,23,TRS/WH/050726/001 (https://app.notion.com/p/TRS-WH-050726-001-3b3587ac8c7880b19b8ffb4155174636?pvs=21),,80
WH-PRS2-011,0.002,B Grade,🔴 Adjustment,1350,WH-0507-001 20Thick (https://app.notion.com/p/WH-0507-001-20Thick-3b3587ac8c78801d8ecffac6b6e40b3d?pvs=21),20Thick Roughsawn (https://app.notion.com/p/20Thick-Roughsawn-3b3587ac8c7880988152fb99401823d6?pvs=21),🟢 Available,🌲 Raw Material,0,1,,1,20,TRS/WH/050726/001 (https://app.notion.com/p/TRS-WH-050726-001-3b3587ac8c7880b19b8ffb4155174636?pvs=21),,60
WH-PRS2-012,0.004,B Grade,🔴 Adjustment,1650,WH-0507-001 20Thick (https://app.notion.com/p/WH-0507-001-20Thick-3b3587ac8c78801d8ecffac6b6e40b3d?pvs=21),20Thick Roughsawn (https://app.notion.com/p/20Thick-Roughsawn-3b3587ac8c7880988152fb99401823d6?pvs=21),🟢 Available,🌲 Raw Material,0,1,,1,26,TRS/WH/050726/001 (https://app.notion.com/p/TRS-WH-050726-001-3b3587ac8c7880b19b8ffb4155174636?pvs=21),,85
WH-PRS2-013,0.003,B Grade,🔴 Adjustment,1750,WH-0507-001 20Thick (https://app.notion.com/p/WH-0507-001-20Thick-3b3587ac8c78801d8ecffac6b6e40b3d?pvs=21),20Thick Roughsawn (https://app.notion.com/p/20Thick-Roughsawn-3b3587ac8c7880988152fb99401823d6?pvs=21),🟢 Available,🌲 Raw Material,0,1,,1,23,TRS/WH/050726/001 (https://app.notion.com/p/TRS-WH-050726-001-3b3587ac8c7880b19b8ffb4155174636?pvs=21),,80
WH-PRS2-014,0.001,B Grade,🔴 Adjustment,800,WH-0507-001 20Thick (https://app.notion.com/p/WH-0507-001-20Thick-3b3587ac8c78801d8ecffac6b6e40b3d?pvs=21),20Thick Roughsawn (https://app.notion.com/p/20Thick-Roughsawn-3b3587ac8c7880988152fb99401823d6?pvs=21),🟢 Available,🌲 Raw Material,0,1,,1,24,TRS/WH/050726/001 (https://app.notion.com/p/TRS-WH-050726-001-3b3587ac8c7880b19b8ffb4155174636?pvs=21),,65
WH-PRS2-015,0.002,B Grade,🔴 Adjustment,800,WH-0507-001 20Thick (https://app.notion.com/p/WH-0507-001-20Thick-3b3587ac8c78801d8ecffac6b6e40b3d?pvs=21),20Thick Roughsawn (https://app.notion.com/p/20Thick-Roughsawn-3b3587ac8c7880988152fb99401823d6?pvs=21),🟢 Available,🌲 Raw Material,0,1,,1,25,TRS/WH/050726/001 (https://app.notion.com/p/TRS-WH-050726-001-3b3587ac8c7880b19b8ffb4155174636?pvs=21),,90
WH-PRS2-016,0.002,B Grade,🔴 Adjustment,850,WH-0507-001 20Thick (https://app.notion.com/p/WH-0507-001-20Thick-3b3587ac8c78801d8ecffac6b6e40b3d?pvs=21),20Thick Roughsawn (https://app.notion.com/p/20Thick-Roughsawn-3b3587ac8c7880988152fb99401823d6?pvs=21),🟢 Available,🌲 Raw Material,0,1,,1,27,TRS/WH/050726/001 (https://app.notion.com/p/TRS-WH-050726-001-3b3587ac8c7880b19b8ffb4155174636?pvs=21),,85
WH-PRS2-017,0.002,B Grade,🔴 Adjustment,1300,WH-0507-001 20Thick (https://app.notion.com/p/WH-0507-001-20Thick-3b3587ac8c78801d8ecffac6b6e40b3d?pvs=21),20Thick Roughsawn (https://app.notion.com/p/20Thick-Roughsawn-3b3587ac8c7880988152fb99401823d6?pvs=21),🟢 Available,🌲 Raw Material,0,1,,1,21,TRS/WH/050726/001 (https://app.notion.com/p/TRS-WH-050726-001-3b3587ac8c7880b19b8ffb4155174636?pvs=21),,80
WH-PRS4-003,0.003,B Grade,,1950,WH-0507-001 40Thick (https://app.notion.com/p/WH-0507-001-40Thick-3b3587ac8c78806eb7cec1c836e1eda6?pvs=21),40Thick Roughsawn (https://app.notion.com/p/40Thick-Roughsawn-3b3587ac8c7880c49ad5dceacf826725?pvs=21),🟢 Available,🌲 Raw Material,0,1,,1,40,,PCS,40
WH-PRS4-004,0.005,B Grade,,2650,WH-0507-001 40Thick (https://app.notion.com/p/WH-0507-001-40Thick-3b3587ac8c78806eb7cec1c836e1eda6?pvs=21),40Thick Roughsawn (https://app.notion.com/p/40Thick-Roughsawn-3b3587ac8c7880c49ad5dceacf826725?pvs=21),🟢 Available,🌲 Raw Material,0,1,,1,45,,PCS,45
WH-PRS4-005,0.002,B Grade,,1300,WH-0507-001 40Thick (https://app.notion.com/p/WH-0507-001-40Thick-3b3587ac8c78806eb7cec1c836e1eda6?pvs=21),40Thick Roughsawn (https://app.notion.com/p/40Thick-Roughsawn-3b3587ac8c7880c49ad5dceacf826725?pvs=21),🟢 Available,🌲 Raw Material,0,1,,1,40,,PCS,40
WH-PRS4-006,0.001,B Grade,,900,WH-0507-001 40Thick (https://app.notion.com/p/WH-0507-001-40Thick-3b3587ac8c78806eb7cec1c836e1eda6?pvs=21),40Thick Roughsawn (https://app.notion.com/p/40Thick-Roughsawn-3b3587ac8c7880c49ad5dceacf826725?pvs=21),🟢 Available,🌲 Raw Material,0,1,,1,40,,PCS,40
WH-PRS4-007,0.006,B Grade,,1800,WH-0507-001 40Thick (https://app.notion.com/p/WH-0507-001-40Thick-3b3587ac8c78806eb7cec1c836e1eda6?pvs=21),40Thick Roughsawn (https://app.notion.com/p/40Thick-Roughsawn-3b3587ac8c7880c49ad5dceacf826725?pvs=21),🟢 Available,🌲 Raw Material,0,1,,1,40,,PCS,80
WH-PRS4-008,0.002,B Grade,,1450,WH-0507-001 40Thick (https://app.notion.com/p/WH-0507-001-40Thick-3b3587ac8c78806eb7cec1c836e1eda6?pvs=21),40Thick Roughsawn (https://app.notion.com/p/40Thick-Roughsawn-3b3587ac8c7880c49ad5dceacf826725?pvs=21),🟢 Available,🌲 Raw Material,0,1,,1,40,,PCS,40
WH-PRS4-009,0.008,B Grade,,1800,WH-0507-001 40Thick (https://app.notion.com/p/WH-0507-001-40Thick-3b3587ac8c78806eb7cec1c836e1eda6?pvs=21),40Thick Roughsawn (https://app.notion.com/p/40Thick-Roughsawn-3b3587ac8c7880c49ad5dceacf826725?pvs=21),🟢 Available,🌲 Raw Material,0,1,,1,40,,PCS,116
WH-PRS4-010,0.002,B Grade,,1400,WH-0507-001 40Thick (https://app.notion.com/p/WH-0507-001-40Thick-3b3587ac8c78806eb7cec1c836e1eda6?pvs=21),40Thick Roughsawn (https://app.notion.com/p/40Thick-Roughsawn-3b3587ac8c7880c49ad5dceacf826725?pvs=21),🟢 Available,🌲 Raw Material,0,1,,1,40,,PCS,40
WH-PRS2-018,0.004,B Grade,🔴 Adjustment,1550,WH-0507-001 20Thick (https://app.notion.com/p/WH-0507-001-20Thick-3b3587ac8c78801d8ecffac6b6e40b3d?pvs=21),20Thick Roughsawn (https://app.notion.com/p/20Thick-Roughsawn-3b3587ac8c7880988152fb99401823d6?pvs=21),🟢 Available,🌲 Raw Material,0,1,,1,24,TRS/WH/050726/001 (https://app.notion.com/p/TRS-WH-050726-001-3b3587ac8c7880b19b8ffb4155174636?pvs=21),,100
WH-PRS2-019,0.003,B Grade,🔴 Adjustment,1550,WH-0507-001 20Thick (https://app.notion.com/p/WH-0507-001-20Thick-3b3587ac8c78801d8ecffac6b6e40b3d?pvs=21),20Thick Roughsawn (https://app.notion.com/p/20Thick-Roughsawn-3b3587ac8c7880988152fb99401823d6?pvs=21),🟢 Available,🌲 Raw Material,0,1,,1,25,TRS/WH/050726/001 (https://app.notion.com/p/TRS-WH-050726-001-3b3587ac8c7880b19b8ffb4155174636?pvs=21),,80
WH-PRS2-020,0.002,B Grade,🔴 Adjustment,850,WH-0507-001 20Thick (https://app.notion.com/p/WH-0507-001-20Thick-3b3587ac8c78801d8ecffac6b6e40b3d?pvs=21),20Thick Roughsawn (https://app.notion.com/p/20Thick-Roughsawn-3b3587ac8c7880988152fb99401823d6?pvs=21),🟢 Available,🌲 Raw Material,0,1,,1,20,TRS/WH/050726/001 (https://app.notion.com/p/TRS-WH-050726-001-3b3587ac8c7880b19b8ffb4155174636?pvs=21),,125
WH-PRS2-021,0.002,B Grade,🔴 Adjustment,1050,WH-0507-001 20Thick (https://app.notion.com/p/WH-0507-001-20Thick-3b3587ac8c78801d8ecffac6b6e40b3d?pvs=21),20Thick Roughsawn (https://app.notion.com/p/20Thick-Roughsawn-3b3587ac8c7880988152fb99401823d6?pvs=21),🟢 Available,🌲 Raw Material,0,1,,1,24,TRS/WH/050726/001 (https://app.notion.com/p/TRS-WH-050726-001-3b3587ac8c7880b19b8ffb4155174636?pvs=21),,95
WH-PRS2-022,0.003,B Grade,🔴 Adjustment,1600,WH-0507-001 20Thick (https://app.notion.com/p/WH-0507-001-20Thick-3b3587ac8c78801d8ecffac6b6e40b3d?pvs=21),20Thick Roughsawn (https://app.notion.com/p/20Thick-Roughsawn-3b3587ac8c7880988152fb99401823d6?pvs=21),🟢 Available,🌲 Raw Material,0,1,,1,24,TRS/WH/050726/001 (https://app.notion.com/p/TRS-WH-050726-001-3b3587ac8c7880b19b8ffb4155174636?pvs=21),,85
WH-PRS2-023,0.001,B Grade,🔴 Adjustment,900,WH-0507-001 20Thick (https://app.notion.com/p/WH-0507-001-20Thick-3b3587ac8c78801d8ecffac6b6e40b3d?pvs=21),20Thick Roughsawn (https://app.notion.com/p/20Thick-Roughsawn-3b3587ac8c7880988152fb99401823d6?pvs=21),🟢 Available,🌲 Raw Material,0,1,,1,23,TRS/WH/050726/001 (https://app.notion.com/p/TRS-WH-050726-001-3b3587ac8c7880b19b8ffb4155174636?pvs=21),,65
WH-PRS2-024,0.001,B Grade,🔴 Adjustment,1400,WH-0507-001 20Thick (https://app.notion.com/p/WH-0507-001-20Thick-3b3587ac8c78801d8ecffac6b6e40b3d?pvs=21),20Thick Roughsawn (https://app.notion.com/p/20Thick-Roughsawn-3b3587ac8c7880988152fb99401823d6?pvs=21),🟢 Available,🌲 Raw Material,0,1,,1,24,TRS/WH/050726/001 (https://app.notion.com/p/TRS-WH-050726-001-3b3587ac8c7880b19b8ffb4155174636?pvs=21),,40
WH-PRS2-025,0.002,B Grade,🔴 Adjustment,950,WH-0507-001 20Thick (https://app.notion.com/p/WH-0507-001-20Thick-3b3587ac8c78801d8ecffac6b6e40b3d?pvs=21),20Thick Roughsawn (https://app.notion.com/p/20Thick-Roughsawn-3b3587ac8c7880988152fb99401823d6?pvs=21),🟢 Available,🌲 Raw Material,0,1,,1,24,TRS/WH/050726/001 (https://app.notion.com/p/TRS-WH-050726-001-3b3587ac8c7880b19b8ffb4155174636?pvs=21),,100
WH-PRS2-026,0.003,B Grade,🔴 Adjustment,1500,WH-0507-001 20Thick (https://app.notion.com/p/WH-0507-001-20Thick-3b3587ac8c78801d8ecffac6b6e40b3d?pvs=21),20Thick Roughsawn (https://app.notion.com/p/20Thick-Roughsawn-3b3587ac8c7880988152fb99401823d6?pvs=21),🟢 Available,🌲 Raw Material,0,1,,1,20,TRS/WH/050726/001 (https://app.notion.com/p/TRS-WH-050726-001-3b3587ac8c7880b19b8ffb4155174636?pvs=21),,85
WH-PRS2-027,0.003,B Grade,🔴 Adjustment,1550,WH-0507-001 20Thick (https://app.notion.com/p/WH-0507-001-20Thick-3b3587ac8c78801d8ecffac6b6e40b3d?pvs=21),20Thick Roughsawn (https://app.notion.com/p/20Thick-Roughsawn-3b3587ac8c7880988152fb99401823d6?pvs=21),🟢 Available,🌲 Raw Material,0,1,,1,22,TRS/WH/050726/001 (https://app.notion.com/p/TRS-WH-050726-001-3b3587ac8c7880b19b8ffb4155174636?pvs=21),,80
WH-PRS2-028,0.002,B Grade,🔴 Adjustment,950,WH-0507-001 20Thick (https://app.notion.com/p/WH-0507-001-20Thick-3b3587ac8c78801d8ecffac6b6e40b3d?pvs=21),20Thick Roughsawn (https://app.notion.com/p/20Thick-Roughsawn-3b3587ac8c7880988152fb99401823d6?pvs=21),🟢 Available,🌲 Raw Material,0,1,,1,25,TRS/WH/050726/001 (https://app.notion.com/p/TRS-WH-050726-001-3b3587ac8c7880b19b8ffb4155174636?pvs=21),,80
WH-PRS2-029,0.002,B Grade,🔴 Adjustment,850,WH-0507-001 20Thick (https://app.notion.com/p/WH-0507-001-20Thick-3b3587ac8c78801d8ecffac6b6e40b3d?pvs=21),20Thick Roughsawn (https://app.notion.com/p/20Thick-Roughsawn-3b3587ac8c7880988152fb99401823d6?pvs=21),🟢 Available,🌲 Raw Material,0,1,,1,24,TRS/WH/050726/001 (https://app.notion.com/p/TRS-WH-050726-001-3b3587ac8c7880b19b8ffb4155174636?pvs=21),,100
WH-PRS2-030,0.001,B Grade,🔴 Adjustment,900,WH-0507-001 20Thick (https://app.notion.com/p/WH-0507-001-20Thick-3b3587ac8c78801d8ecffac6b6e40b3d?pvs=21),20Thick Roughsawn (https://app.notion.com/p/20Thick-Roughsawn-3b3587ac8c7880988152fb99401823d6?pvs=21),🟢 Available,🌲 Raw Material,0,1,,1,24,TRS/WH/050726/001 (https://app.notion.com/p/TRS-WH-050726-001-3b3587ac8c7880b19b8ffb4155174636?pvs=21),,40
WH-PRS2-031,0.002,B Grade,🔴 Adjustment,900,WH-0507-001 20Thick (https://app.notion.com/p/WH-0507-001-20Thick-3b3587ac8c78801d8ecffac6b6e40b3d?pvs=21),20Thick Roughsawn (https://app.notion.com/p/20Thick-Roughsawn-3b3587ac8c7880988152fb99401823d6?pvs=21),🟢 Available,🌲 Raw Material,0,1,,1,24,TRS/WH/050726/001 (https://app.notion.com/p/TRS-WH-050726-001-3b3587ac8c7880b19b8ffb4155174636?pvs=21),,90
WH-PRS2-032,0.002,B Grade,🔴 Adjustment,1250,WH-0507-001 20Thick (https://app.notion.com/p/WH-0507-001-20Thick-3b3587ac8c78801d8ecffac6b6e40b3d?pvs=21),20Thick Roughsawn (https://app.notion.com/p/20Thick-Roughsawn-3b3587ac8c7880988152fb99401823d6?pvs=21),🟢 Available,🌲 Raw Material,0,1,,1,22,TRS/WH/050726/001 (https://app.notion.com/p/TRS-WH-050726-001-3b3587ac8c7880b19b8ffb4155174636?pvs=21),,80
WH-PRS2-033,0.001,B Grade,🔴 Adjustment,1300,WH-0507-001 20Thick (https://app.notion.com/p/WH-0507-001-20Thick-3b3587ac8c78801d8ecffac6b6e40b3d?pvs=21),20Thick Roughsawn (https://app.notion.com/p/20Thick-Roughsawn-3b3587ac8c7880988152fb99401823d6?pvs=21),🟢 Available,🌲 Raw Material,0,1,,1,24,TRS/WH/050726/001 (https://app.notion.com/p/TRS-WH-050726-001-3b3587ac8c7880b19b8ffb4155174636?pvs=21),,40
WH-PRS2-034,0.002,B Grade,🔴 Adjustment,1000,WH-0507-001 20Thick (https://app.notion.com/p/WH-0507-001-20Thick-3b3587ac8c78801d8ecffac6b6e40b3d?pvs=21),20Thick Roughsawn (https://app.notion.com/p/20Thick-Roughsawn-3b3587ac8c7880988152fb99401823d6?pvs=21),🟢 Available,🌲 Raw Material,0,1,,1,24,TRS/WH/050726/001 (https://app.notion.com/p/TRS-WH-050726-001-3b3587ac8c7880b19b8ffb4155174636?pvs=21),,80
WH-PRS2-035,0.001,B Grade,🔴 Adjustment,900,WH-0507-001 20Thick (https://app.notion.com/p/WH-0507-001-20Thick-3b3587ac8c78801d8ecffac6b6e40b3d?pvs=21),20Thick Roughsawn (https://app.notion.com/p/20Thick-Roughsawn-3b3587ac8c7880988152fb99401823d6?pvs=21),🟢 Available,🌲 Raw Material,0,1,,1,24,TRS/WH/050726/001 (https://app.notion.com/p/TRS-WH-050726-001-3b3587ac8c7880b19b8ffb4155174636?pvs=21),,65
WH-PRS2-036,0.001,B Grade,🔴 Adjustment,800,WH-0507-001 20Thick (https://app.notion.com/p/WH-0507-001-20Thick-3b3587ac8c78801d8ecffac6b6e40b3d?pvs=21),20Thick Roughsawn (https://app.notion.com/p/20Thick-Roughsawn-3b3587ac8c7880988152fb99401823d6?pvs=21),🟢 Available,🌲 Raw Material,0,1,,1,24,TRS/WH/050726/001 (https://app.notion.com/p/TRS-WH-050726-001-3b3587ac8c7880b19b8ffb4155174636?pvs=21),,65
WH-PRS2-037,0.002,B Grade,🔴 Adjustment,1350,WH-0507-001 20Thick (https://app.notion.com/p/WH-0507-001-20Thick-3b3587ac8c78801d8ecffac6b6e40b3d?pvs=21),20Thick Roughsawn (https://app.notion.com/p/20Thick-Roughsawn-3b3587ac8c7880988152fb99401823d6?pvs=21),🟢 Available,🌲 Raw Material,0,1,,1,23,TRS/WH/050726/001 (https://app.notion.com/p/TRS-WH-050726-001-3b3587ac8c7880b19b8ffb4155174636?pvs=21),,80
WH-PRS2-038,0.014,B Grade,🔴 Adjustment,3500,WH-0507-001 20Thick (https://app.notion.com/p/WH-0507-001-20Thick-3b3587ac8c78801d8ecffac6b6e40b3d?pvs=21),20Thick Roughsawn (https://app.notion.com/p/20Thick-Roughsawn-3b3587ac8c7880988152fb99401823d6?pvs=21),🟢 Available,🌲 Raw Material,0,1,,1,26,TRS/WH/050726/001 (https://app.notion.com/p/TRS-WH-050726-001-3b3587ac8c7880b19b8ffb4155174636?pvs=21),,155
WH-PRS2-039,0.003,B Grade,🔴 Adjustment,1500,WH-0507-001 20Thick (https://app.notion.com/p/WH-0507-001-20Thick-3b3587ac8c78801d8ecffac6b6e40b3d?pvs=21),20Thick Roughsawn (https://app.notion.com/p/20Thick-Roughsawn-3b3587ac8c7880988152fb99401823d6?pvs=21),🟢 Available,🌲 Raw Material,0,1,,1,25,TRS/WH/050726/001 (https://app.notion.com/p/TRS-WH-050726-001-3b3587ac8c7880b19b8ffb4155174636?pvs=21),,90
WH-PRS2-040,0.002,B Grade,🔴 Adjustment,1100,WH-0507-001 20Thick (https://app.notion.com/p/WH-0507-001-20Thick-3b3587ac8c78801d8ecffac6b6e40b3d?pvs=21),20Thick Roughsawn (https://app.notion.com/p/20Thick-Roughsawn-3b3587ac8c7880988152fb99401823d6?pvs=21),🟢 Available,🌲 Raw Material,0,1,,1,24,TRS/WH/050726/001 (https://app.notion.com/p/TRS-WH-050726-001-3b3587ac8c7880b19b8ffb4155174636?pvs=21),,80
WH-PRS2-041,0.003,B Grade,🔴 Adjustment,1000,WH-0507-001 20Thick (https://app.notion.com/p/WH-0507-001-20Thick-3b3587ac8c78801d8ecffac6b6e40b3d?pvs=21),20Thick Roughsawn (https://app.notion.com/p/20Thick-Roughsawn-3b3587ac8c7880988152fb99401823d6?pvs=21),🟢 Available,🌲 Raw Material,0,1,,1,21,TRS/WH/050726/001 (https://app.notion.com/p/TRS-WH-050726-001-3b3587ac8c7880b19b8ffb4155174636?pvs=21),,125
WH-PRS2-042,0.002,B Grade,🔴 Adjustment,850,WH-0507-001 20Thick (https://app.notion.com/p/WH-0507-001-20Thick-3b3587ac8c78801d8ecffac6b6e40b3d?pvs=21),20Thick Roughsawn (https://app.notion.com/p/20Thick-Roughsawn-3b3587ac8c7880988152fb99401823d6?pvs=21),🟢 Available,🌲 Raw Material,0,1,,1,24,TRS/WH/050726/001 (https://app.notion.com/p/TRS-WH-050726-001-3b3587ac8c7880b19b8ffb4155174636?pvs=21),,80
WH-PRS2-043,0.007,B Grade,🔴 Adjustment,2500,WH-0507-001 20Thick (https://app.notion.com/p/WH-0507-001-20Thick-3b3587ac8c78801d8ecffac6b6e40b3d?pvs=21),20Thick Roughsawn (https://app.notion.com/p/20Thick-Roughsawn-3b3587ac8c7880988152fb99401823d6?pvs=21),🟢 Available,🌲 Raw Material,0,1,,1,23,TRS/WH/050726/001 (https://app.notion.com/p/TRS-WH-050726-001-3b3587ac8c7880b19b8ffb4155174636?pvs=21),,120
WH-PRS2-044,0.002,B Grade,🔴 Adjustment,1000,WH-0507-001 20Thick (https://app.notion.com/p/WH-0507-001-20Thick-3b3587ac8c78801d8ecffac6b6e40b3d?pvs=21),20Thick Roughsawn (https://app.notion.com/p/20Thick-Roughsawn-3b3587ac8c7880988152fb99401823d6?pvs=21),🟢 Available,🌲 Raw Material,0,1,,1,24,TRS/WH/050726/001 (https://app.notion.com/p/TRS-WH-050726-001-3b3587ac8c7880b19b8ffb4155174636?pvs=21),,80
WH-PRS2-045,0.003,B Grade,🔴 Adjustment,1850,WH-0507-001 20Thick (https://app.notion.com/p/WH-0507-001-20Thick-3b3587ac8c78801d8ecffac6b6e40b3d?pvs=21),20Thick Roughsawn (https://app.notion.com/p/20Thick-Roughsawn-3b3587ac8c7880988152fb99401823d6?pvs=21),🟢 Available,🌲 Raw Material,0,1,,1,22,TRS/WH/050726/001 (https://app.notion.com/p/TRS-WH-050726-001-3b3587ac8c7880b19b8ffb4155174636?pvs=21),,80
WH-PRS2-046,0.002,B Grade,🔴 Adjustment,1600,WH-0507-001 20Thick (https://app.notion.com/p/WH-0507-001-20Thick-3b3587ac8c78801d8ecffac6b6e40b3d?pvs=21),20Thick Roughsawn (https://app.notion.com/p/20Thick-Roughsawn-3b3587ac8c7880988152fb99401823d6?pvs=21),🟢 Available,🌲 Raw Material,0,1,,1,20,TRS/WH/050726/001 (https://app.notion.com/p/TRS-WH-050726-001-3b3587ac8c7880b19b8ffb4155174636?pvs=21),,65
WH-PRS3-002,0.003,B Grade,,1400,WH-0507-001 30Thick (https://app.notion.com/p/WH-0507-001-30Thick-3b3587ac8c7880f19ab7d6efcd7db144?pvs=21),30Thick Roughsawn (https://app.notion.com/p/30Thick-Roughsawn-3b3587ac8c7880629c0bc2cbeea8ccd4?pvs=21),🟢 Available,🌲 Raw Material,0,1,,1,30,,PCS,65
WH-PRS3-003,0.002,B Grade,,1600,WH-0507-001 30Thick (https://app.notion.com/p/WH-0507-001-30Thick-3b3587ac8c7880f19ab7d6efcd7db144?pvs=21),30Thick Roughsawn (https://app.notion.com/p/30Thick-Roughsawn-3b3587ac8c7880629c0bc2cbeea8ccd4?pvs=21),🟢 Available,🌲 Raw Material,0,1,,1,30,,PCS,40
WH-PRS4-011,0.004,B Grade,,850,WH-0507-001 40Thick (https://app.notion.com/p/WH-0507-001-40Thick-3b3587ac8c78806eb7cec1c836e1eda6?pvs=21),40Thick Roughsawn (https://app.notion.com/p/40Thick-Roughsawn-3b3587ac8c7880c49ad5dceacf826725?pvs=21),🟢 Available,🌲 Raw Material,0,1,,1,41,,PCS,120
WH-PRS2-047,0.004,B Grade,🔴 Adjustment,900,WH-0507-001 20Thick (https://app.notion.com/p/WH-0507-001-20Thick-3b3587ac8c78801d8ecffac6b6e40b3d?pvs=21),20Thick Roughsawn (https://app.notion.com/p/20Thick-Roughsawn-3b3587ac8c7880988152fb99401823d6?pvs=21),🟢 Available,🌲 Raw Material,0,1,,1,28,TRS/WH/050726/001 (https://app.notion.com/p/TRS-WH-050726-001-3b3587ac8c7880b19b8ffb4155174636?pvs=21),,175
WH-PRS2-048,0.003,B Grade,🔴 Adjustment,800,WH-0507-001 20Thick (https://app.notion.com/p/WH-0507-001-20Thick-3b3587ac8c78801d8ecffac6b6e40b3d?pvs=21),20Thick Roughsawn (https://app.notion.com/p/20Thick-Roughsawn-3b3587ac8c7880988152fb99401823d6?pvs=21),🟢 Available,🌲 Raw Material,0,1,,1,23,TRS/WH/050726/001 (https://app.notion.com/p/TRS-WH-050726-001-3b3587ac8c7880b19b8ffb4155174636?pvs=21),,155
WH-PRS2-049,0.003,B Grade,🔴 Adjustment,800,WH-0507-001 20Thick (https://app.notion.com/p/WH-0507-001-20Thick-3b3587ac8c78801d8ecffac6b6e40b3d?pvs=21),20Thick Roughsawn (https://app.notion.com/p/20Thick-Roughsawn-3b3587ac8c7880988152fb99401823d6?pvs=21),🟢 Available,🌲 Raw Material,0,1,,1,24,TRS/WH/050726/001 (https://app.notion.com/p/TRS-WH-050726-001-3b3587ac8c7880b19b8ffb4155174636?pvs=21),,145
WH-PRS2-050,0.004,B Grade,🔴 Adjustment,1000,WH-0507-001 20Thick (https://app.notion.com/p/WH-0507-001-20Thick-3b3587ac8c78801d8ecffac6b6e40b3d?pvs=21),20Thick Roughsawn (https://app.notion.com/p/20Thick-Roughsawn-3b3587ac8c7880988152fb99401823d6?pvs=21),🟢 Available,🌲 Raw Material,0,1,,1,25,TRS/WH/050726/001 (https://app.notion.com/p/TRS-WH-050726-001-3b3587ac8c7880b19b8ffb4155174636?pvs=21),,140
WH-PRS2-051,0.004,B Grade,🔴 Adjustment,1150,WH-0507-001 20Thick (https://app.notion.com/p/WH-0507-001-20Thick-3b3587ac8c78801d8ecffac6b6e40b3d?pvs=21),20Thick Roughsawn (https://app.notion.com/p/20Thick-Roughsawn-3b3587ac8c7880988152fb99401823d6?pvs=21),🟢 Available,🌲 Raw Material,0,1,,1,23,TRS/WH/050726/001 (https://app.notion.com/p/TRS-WH-050726-001-3b3587ac8c7880b19b8ffb4155174636?pvs=21),,150
WH-PRS2-052,0.003,B Grade,🔴 Adjustment,800,WH-0507-001 20Thick (https://app.notion.com/p/WH-0507-001-20Thick-3b3587ac8c78801d8ecffac6b6e40b3d?pvs=21),20Thick Roughsawn (https://app.notion.com/p/20Thick-Roughsawn-3b3587ac8c7880988152fb99401823d6?pvs=21),🟢 Available,🌲 Raw Material,0,1,,1,23,TRS/WH/050726/001 (https://app.notion.com/p/TRS-WH-050726-001-3b3587ac8c7880b19b8ffb4155174636?pvs=21),,155
WH-PRS2-053,0.004,B Grade,🔴 Adjustment,1000,WH-0507-001 20Thick (https://app.notion.com/p/WH-0507-001-20Thick-3b3587ac8c78801d8ecffac6b6e40b3d?pvs=21),20Thick Roughsawn (https://app.notion.com/p/20Thick-Roughsawn-3b3587ac8c7880988152fb99401823d6?pvs=21),🟢 Available,🌲 Raw Material,0,1,,1,23,TRS/WH/050726/001 (https://app.notion.com/p/TRS-WH-050726-001-3b3587ac8c7880b19b8ffb4155174636?pvs=21),,160
WH-PRS2-054,0.003,B Grade,🔴 Adjustment,950,WH-0507-001 20Thick (https://app.notion.com/p/WH-0507-001-20Thick-3b3587ac8c78801d8ecffac6b6e40b3d?pvs=21),20Thick Roughsawn (https://app.notion.com/p/20Thick-Roughsawn-3b3587ac8c7880988152fb99401823d6?pvs=21),🟢 Available,🌲 Raw Material,0,1,,1,23,TRS/WH/050726/001 (https://app.notion.com/p/TRS-WH-050726-001-3b3587ac8c7880b19b8ffb4155174636?pvs=21),,150
WH-PRS2-055,0.004,B Grade,🔴 Adjustment,1100,WH-0507-001 20Thick (https://app.notion.com/p/WH-0507-001-20Thick-3b3587ac8c78801d8ecffac6b6e40b3d?pvs=21),20Thick Roughsawn (https://app.notion.com/p/20Thick-Roughsawn-3b3587ac8c7880988152fb99401823d6?pvs=21),🟢 Available,🌲 Raw Material,0,1,,1,24,TRS/WH/050726/001 (https://app.notion.com/p/TRS-WH-050726-001-3b3587ac8c7880b19b8ffb4155174636?pvs=21),,150
RL-PML6-001,0.002,B Grade,,1650,RL-1008-001 60Thick (https://app.notion.com/p/RL-1008-001-60Thick-3b8587ac8c78801da8aafe86adc7b185?pvs=21),17X60W B Moulded RL (https://app.notion.com/p/17X60W-B-Moulded-RL-3b8587ac8c7880de926eed60da880134?pvs=21),🟢 Available,🪵 Semi Finished,0,1,,1,17,,PCS,60
RL-PML7-001,0.005,B Grade,,3050,RL-1008-001 70Thick (https://app.notion.com/p/RL-1008-001-70Thick-3b8587ac8c78804c940de3f90a9def51?pvs=21),20X70W B Moulded RL (https://app.notion.com/p/20X70W-B-Moulded-RL-3b8587ac8c788063b9bff09ee96d2457?pvs=21),🟢 Available,🪵 Semi Finished,0,1,,1,20,,PCS,75
RL-PML6-002,0.005,B Grade,,1500,RL-1008-001 60Thick (https://app.notion.com/p/RL-1008-001-60Thick-3b8587ac8c78801da8aafe86adc7b185?pvs=21),17X60W B Moulded RL (https://app.notion.com/p/17X60W-B-Moulded-RL-3b8587ac8c7880de926eed60da880134?pvs=21),🟢 Available,🪵 Semi Finished,0,3,,3,17,,PCS,60
RL-PML6-003,0.003,B Grade,,1300,RL-1008-001 60Thick (https://app.notion.com/p/RL-1008-001-60Thick-3b8587ac8c78801da8aafe86adc7b185?pvs=21),17X60W B Moulded RL (https://app.notion.com/p/17X60W-B-Moulded-RL-3b8587ac8c7880de926eed60da880134?pvs=21),🟢 Available,🪵 Semi Finished,0,2,,2,17,,PCS,60
RL-PML6-004,0.011,B Grade,,1600,RL-1008-001 60Thick (https://app.notion.com/p/RL-1008-001-60Thick-3b8587ac8c78801da8aafe86adc7b185?pvs=21),17X60W B Moulded RL (https://app.notion.com/p/17X60W-B-Moulded-RL-3b8587ac8c7880de926eed60da880134?pvs=21),🟢 Available,🪵 Semi Finished,0,7,,7,17,,PCS,60
RL-PML6-005,0.003,B Grade,,3050,RL-1008-001 60Thick (https://app.notion.com/p/RL-1008-001-60Thick-3b8587ac8c78801da8aafe86adc7b185?pvs=21),17X60W B Moulded RL (https://app.notion.com/p/17X60W-B-Moulded-RL-3b8587ac8c7880de926eed60da880134?pvs=21),🟢 Available,🪵 Semi Finished,0,1,,1,17,,PCS,60
RL-PML6-006,0.005,B Grade,,1550,RL-1008-001 60Thick (https://app.notion.com/p/RL-1008-001-60Thick-3b8587ac8c78801da8aafe86adc7b185?pvs=21),17X60W B Moulded RL (https://app.notion.com/p/17X60W-B-Moulded-RL-3b8587ac8c7880de926eed60da880134?pvs=21),🟢 Available,🪵 Semi Finished,0,3,,3,17,,PCS,60
RL-PML6-007,0.009,B Grade,,2200,RL-1008-001 60Thick (https://app.notion.com/p/RL-1008-001-60Thick-3b8587ac8c78801da8aafe86adc7b185?pvs=21),17X60W B Moulded RL (https://app.notion.com/p/17X60W-B-Moulded-RL-3b8587ac8c7880de926eed60da880134?pvs=21),🟢 Available,🪵 Semi Finished,0,4,,4,17,,PCS,60
RL-PML6-008,0.013,B Grade,,2600,RL-1008-001 60Thick (https://app.notion.com/p/RL-1008-001-60Thick-3b8587ac8c78801da8aafe86adc7b185?pvs=21),17X60W B Moulded RL (https://app.notion.com/p/17X60W-B-Moulded-RL-3b8587ac8c7880de926eed60da880134?pvs=21),🟢 Available,🪵 Semi Finished,0,5,,5,17,,PCS,60
RL-PML6-009,0.012,B Grade,,2900,RL-1008-001 60Thick (https://app.notion.com/p/RL-1008-001-60Thick-3b8587ac8c78801da8aafe86adc7b185?pvs=21),17X60W B Moulded RL (https://app.notion.com/p/17X60W-B-Moulded-RL-3b8587ac8c7880de926eed60da880134?pvs=21),🟢 Available,🪵 Semi Finished,0,4,,4,17,,PCS,60
RL-PML6-010,0.002,B Grade,,2400,RL-1008-001 60Thick (https://app.notion.com/p/RL-1008-001-60Thick-3b8587ac8c78801da8aafe86adc7b185?pvs=21),17X60W B Moulded RL (https://app.notion.com/p/17X60W-B-Moulded-RL-3b8587ac8c7880de926eed60da880134?pvs=21),🟢 Available,🪵 Semi Finished,0,1,,1,17,,PCS,60
RL-PML6-011,0.002,B Grade,,1800,RL-1008-001 60Thick (https://app.notion.com/p/RL-1008-001-60Thick-3b8587ac8c78801da8aafe86adc7b185?pvs=21),17X60W B Moulded RL (https://app.notion.com/p/17X60W-B-Moulded-RL-3b8587ac8c7880de926eed60da880134?pvs=21),🟢 Available,🪵 Semi Finished,0,1,,1,17,,PCS,60
RL-PML6-012,0.016,B Grade,,3200,RL-1008-001 60Thick (https://app.notion.com/p/RL-1008-001-60Thick-3b8587ac8c78801da8aafe86adc7b185?pvs=21),17X60W B Moulded RL (https://app.notion.com/p/17X60W-B-Moulded-RL-3b8587ac8c7880de926eed60da880134?pvs=21),🟢 Available,🪵 Semi Finished,0,5,,5,17,,PCS,60
RL-PML6-013,0.005,B Grade,,2250,RL-1008-001 60Thick (https://app.notion.com/p/RL-1008-001-60Thick-3b8587ac8c78801da8aafe86adc7b185?pvs=21),17X60W B Moulded RL (https://app.notion.com/p/17X60W-B-Moulded-RL-3b8587ac8c7880de926eed60da880134?pvs=21),🟢 Available,🪵 Semi Finished,0,2,,2,17,,PCS,60
RL-PML6-014,0.023,B Grade,,3250,RL-1008-001 60Thick (https://app.notion.com/p/RL-1008-001-60Thick-3b8587ac8c78801da8aafe86adc7b185?pvs=21),17X60W B Moulded RL (https://app.notion.com/p/17X60W-B-Moulded-RL-3b8587ac8c7880de926eed60da880134?pvs=21),🟢 Available,🪵 Semi Finished,0,7,,7,17,,PCS,60
RL-PML6-015,0.010,B Grade,,1900,RL-1008-001 60Thick (https://app.notion.com/p/RL-1008-001-60Thick-3b8587ac8c78801da8aafe86adc7b185?pvs=21),17X60W B Moulded RL (https://app.notion.com/p/17X60W-B-Moulded-RL-3b8587ac8c7880de926eed60da880134?pvs=21),🟢 Available,🪵 Semi Finished,0,5,,5,17,,PCS,60
RL-PML6-016,0.001,B Grade,,550,RL-1008-001 60Thick (https://app.notion.com/p/RL-1008-001-60Thick-3b8587ac8c78801da8aafe86adc7b185?pvs=21),17X60W B Moulded RL (https://app.notion.com/p/17X60W-B-Moulded-RL-3b8587ac8c7880de926eed60da880134?pvs=21),🟢 Available,🪵 Semi Finished,0,1,,1,17,,PCS,60
RL-PML6-017,0.003,B Grade,,1450,RL-1008-001 60Thick (https://app.notion.com/p/RL-1008-001-60Thick-3b8587ac8c78801da8aafe86adc7b185?pvs=21),17X60W B Moulded RL (https://app.notion.com/p/17X60W-B-Moulded-RL-3b8587ac8c7880de926eed60da880134?pvs=21),🟢 Available,🪵 Semi Finished,0,2,,2,17,,PCS,60
RL-PML6-018,0.006,B Grade,,2850,RL-1008-001 60Thick (https://app.notion.com/p/RL-1008-001-60Thick-3b8587ac8c78801da8aafe86adc7b185?pvs=21),17X60W B Moulded RL (https://app.notion.com/p/17X60W-B-Moulded-RL-3b8587ac8c7880de926eed60da880134?pvs=21),🟢 Available,🪵 Semi Finished,0,2,,2,17,,PCS,60
RL-PML6-019,0.001,B Grade,,850,RL-1008-001 60Thick (https://app.notion.com/p/RL-1008-001-60Thick-3b8587ac8c78801da8aafe86adc7b185?pvs=21),17X60W B Moulded RL (https://app.notion.com/p/17X60W-B-Moulded-RL-3b8587ac8c7880de926eed60da880134?pvs=21),🟢 Available,🪵 Semi Finished,0,1,,1,17,,PCS,60
RL-PML6-020,0.010,B Grade,,2500,RL-1008-001 60Thick (https://app.notion.com/p/RL-1008-001-60Thick-3b8587ac8c78801da8aafe86adc7b185?pvs=21),17X60W B Moulded RL (https://app.notion.com/p/17X60W-B-Moulded-RL-3b8587ac8c7880de926eed60da880134?pvs=21),🟢 Available,🪵 Semi Finished,0,4,,4,17,,PCS,60
RL-PML6-021,0.002,B Grade,,900,RL-1008-001 60Thick (https://app.notion.com/p/RL-1008-001-60Thick-3b8587ac8c78801da8aafe86adc7b185?pvs=21),17X60W B Moulded RL (https://app.notion.com/p/17X60W-B-Moulded-RL-3b8587ac8c7880de926eed60da880134?pvs=21),🟢 Available,🪵 Semi Finished,0,2,,2,17,,PCS,60
RL-PML6-022,0.003,B Grade,,2750,RL-1008-001 60Thick (https://app.notion.com/p/RL-1008-001-60Thick-3b8587ac8c78801da8aafe86adc7b185?pvs=21),17X60W B Moulded RL (https://app.notion.com/p/17X60W-B-Moulded-RL-3b8587ac8c7880de926eed60da880134?pvs=21),🟢 Available,🪵 Semi Finished,0,1,,1,17,,PCS,60
RL-PML6-023,0.003,B Grade,,3000,RL-1008-001 60Thick (https://app.notion.com/p/RL-1008-001-60Thick-3b8587ac8c78801da8aafe86adc7b185?pvs=21),17X60W B Moulded RL (https://app.notion.com/p/17X60W-B-Moulded-RL-3b8587ac8c7880de926eed60da880134?pvs=21),🟢 Available,🪵 Semi Finished,0,1,,1,17,,PCS,60
RL-PML6-024,0.002,B Grade,,2350,RL-1008-001 60Thick (https://app.notion.com/p/RL-1008-001-60Thick-3b8587ac8c78801da8aafe86adc7b185?pvs=21),17X60W B Moulded RL (https://app.notion.com/p/17X60W-B-Moulded-RL-3b8587ac8c7880de926eed60da880134?pvs=21),🟢 Available,🪵 Semi Finished,0,1,,1,17,,PCS,60
RL-PML6-025,0.004,B Grade,,2000,RL-1008-001 60Thick (https://app.notion.com/p/RL-1008-001-60Thick-3b8587ac8c78801da8aafe86adc7b185?pvs=21),17X60W B Moulded RL (https://app.notion.com/p/17X60W-B-Moulded-RL-3b8587ac8c7880de926eed60da880134?pvs=21),🟢 Available,🪵 Semi Finished,0,2,,2,17,,PCS,60
RL-PML6-026,0.001,B Grade,,1150,RL-1008-001 60Thick (https://app.notion.com/p/RL-1008-001-60Thick-3b8587ac8c78801da8aafe86adc7b185?pvs=21),17X60W B Moulded RL (https://app.notion.com/p/17X60W-B-Moulded-RL-3b8587ac8c7880de926eed60da880134?pvs=21),🟢 Available,🪵 Semi Finished,0,1,,1,17,,PCS,60
RL-PML6-027,0.002,B Grade,,1100,RL-1008-001 60Thick (https://app.notion.com/p/RL-1008-001-60Thick-3b8587ac8c78801da8aafe86adc7b185?pvs=21),17X60W B Moulded RL (https://app.notion.com/p/17X60W-B-Moulded-RL-3b8587ac8c7880de926eed60da880134?pvs=21),🟢 Available,🪵 Semi Finished,0,2,,2,17,,PCS,60
RL-PML6-028,0.001,B Grade,,1400,RL-1008-001 60Thick (https://app.notion.com/p/RL-1008-001-60Thick-3b8587ac8c78801da8aafe86adc7b185?pvs=21),17X60W B Moulded RL (https://app.notion.com/p/17X60W-B-Moulded-RL-3b8587ac8c7880de926eed60da880134?pvs=21),🟢 Available,🪵 Semi Finished,0,1,,1,17,,PCS,60
RL-PML6-029,0.012,B Grade,,1950,RL-1008-001 60Thick (https://app.notion.com/p/RL-1008-001-60Thick-3b8587ac8c78801da8aafe86adc7b185?pvs=21),17X60W B Moulded RL (https://app.notion.com/p/17X60W-B-Moulded-RL-3b8587ac8c7880de926eed60da880134?pvs=21),🟢 Available,🪵 Semi Finished,0,6,,6,17,,PCS,60
RL-PML6-030,0.002,B Grade,,1750,RL-1008-001 60Thick (https://app.notion.com/p/RL-1008-001-60Thick-3b8587ac8c78801da8aafe86adc7b185?pvs=21),17X60W B Moulded RL (https://app.notion.com/p/17X60W-B-Moulded-RL-3b8587ac8c7880de926eed60da880134?pvs=21),🟢 Available,🪵 Semi Finished,0,1,,1,17,,PCS,60
RL-PML6-031,0.001,B Grade,,1000,RL-1008-001 60Thick (https://app.notion.com/p/RL-1008-001-60Thick-3b8587ac8c78801da8aafe86adc7b185?pvs=21),17X60W B Moulded RL (https://app.notion.com/p/17X60W-B-Moulded-RL-3b8587ac8c7880de926eed60da880134?pvs=21),🟢 Available,🪵 Semi Finished,0,1,,1,17,,PCS,60
RL-PML7-002,0.020,B Grade,,1650,RL-1008-001 70Thick (https://app.notion.com/p/RL-1008-001-70Thick-3b8587ac8c78804c940de3f90a9def51?pvs=21),20X70W B Moulded RL (https://app.notion.com/p/20X70W-B-Moulded-RL-3b8587ac8c788063b9bff09ee96d2457?pvs=21),🟢 Available,🪵 Semi Finished,0,8,,8,20,,PCS,75
RL-PML7-003,0.015,B Grade,,1400,RL-1008-001 70Thick (https://app.notion.com/p/RL-1008-001-70Thick-3b8587ac8c78804c940de3f90a9def51?pvs=21),20X70W B Moulded RL (https://app.notion.com/p/20X70W-B-Moulded-RL-3b8587ac8c788063b9bff09ee96d2457?pvs=21),🟢 Available,🪵 Semi Finished,0,7,,7,20,,PCS,75
RL-PML7-004,0.009,B Grade,,1900,RL-1008-001 70Thick (https://app.notion.com/p/RL-1008-001-70Thick-3b8587ac8c78804c940de3f90a9def51?pvs=21),20X70W B Moulded RL (https://app.notion.com/p/20X70W-B-Moulded-RL-3b8587ac8c788063b9bff09ee96d2457?pvs=21),🟢 Available,🪵 Semi Finished,0,3,,3,20,,PCS,75
RL-PML7-005,0.016,B Grade,,1500,RL-1008-001 70Thick (https://app.notion.com/p/RL-1008-001-70Thick-3b8587ac8c78804c940de3f90a9def51?pvs=21),20X70W B Moulded RL (https://app.notion.com/p/20X70W-B-Moulded-RL-3b8587ac8c788063b9bff09ee96d2457?pvs=21),🟢 Available,🪵 Semi Finished,0,7,,7,20,,PCS,75
RL-PML7-006,0.016,B Grade,,1300,RL-1008-001 70Thick (https://app.notion.com/p/RL-1008-001-70Thick-3b8587ac8c78804c940de3f90a9def51?pvs=21),20X70W B Moulded RL (https://app.notion.com/p/20X70W-B-Moulded-RL-3b8587ac8c788063b9bff09ee96d2457?pvs=21),🟢 Available,🪵 Semi Finished,0,8,,8,20,,PCS,75
RL-PML7-007,0.012,B Grade,,1600,RL-1008-001 70Thick (https://app.notion.com/p/RL-1008-001-70Thick-3b8587ac8c78804c940de3f90a9def51?pvs=21),20X70W B Moulded RL (https://app.notion.com/p/20X70W-B-Moulded-RL-3b8587ac8c788063b9bff09ee96d2457?pvs=21),🟢 Available,🪵 Semi Finished,0,5,,5,20,,PCS,75
RL-PML7-008,0.010,B Grade,,1700,RL-1008-001 70Thick (https://app.notion.com/p/RL-1008-001-70Thick-3b8587ac8c78804c940de3f90a9def51?pvs=21),20X70W B Moulded RL (https://app.notion.com/p/20X70W-B-Moulded-RL-3b8587ac8c788063b9bff09ee96d2457?pvs=21),🟢 Available,🪵 Semi Finished,0,4,,4,20,,PCS,75
RL-PML7-009,0.012,B Grade,,2000,RL-1008-001 70Thick (https://app.notion.com/p/RL-1008-001-70Thick-3b8587ac8c78804c940de3f90a9def51?pvs=21),20X70W B Moulded RL (https://app.notion.com/p/20X70W-B-Moulded-RL-3b8587ac8c788063b9bff09ee96d2457?pvs=21),🟢 Available,🪵 Semi Finished,0,4,,4,20,,PCS,75
RL-PML7-010,0.003,B Grade,,1100,RL-1008-001 70Thick (https://app.notion.com/p/RL-1008-001-70Thick-3b8587ac8c78804c940de3f90a9def51?pvs=21),20X70W B Moulded RL (https://app.notion.com/p/20X70W-B-Moulded-RL-3b8587ac8c788063b9bff09ee96d2457?pvs=21),🟢 Available,🪵 Semi Finished,0,2,,2,20,,PCS,75
RL-PML7-011,0.006,B Grade,,1000,RL-1008-001 70Thick (https://app.notion.com/p/RL-1008-001-70Thick-3b8587ac8c78804c940de3f90a9def51?pvs=21),20X70W B Moulded RL (https://app.notion.com/p/20X70W-B-Moulded-RL-3b8587ac8c788063b9bff09ee96d2457?pvs=21),🟢 Available,🪵 Semi Finished,0,4,,4,20,,PCS,75
RL-PML7-012,0.002,B Grade,,650,RL-1008-001 70Thick (https://app.notion.com/p/RL-1008-001-70Thick-3b8587ac8c78804c940de3f90a9def51?pvs=21),20X70W B Moulded RL (https://app.notion.com/p/20X70W-B-Moulded-RL-3b8587ac8c788063b9bff09ee96d2457?pvs=21),🟢 Available,🪵 Semi Finished,0,2,,2,20,,PCS,75
RL-PML7-013,0.014,B Grade,,1850,RL-1008-001 70Thick (https://app.notion.com/p/RL-1008-001-70Thick-3b8587ac8c78804c940de3f90a9def51?pvs=21),20X70W B Moulded RL (https://app.notion.com/p/20X70W-B-Moulded-RL-3b8587ac8c788063b9bff09ee96d2457?pvs=21),🟢 Available,🪵 Semi Finished,0,5,,5,20,,PCS,75
RL-PML7-014,0.004,B Grade,,1200,RL-1008-001 70Thick (https://app.notion.com/p/RL-1008-001-70Thick-3b8587ac8c78804c940de3f90a9def51?pvs=21),20X70W B Moulded RL (https://app.notion.com/p/20X70W-B-Moulded-RL-3b8587ac8c788063b9bff09ee96d2457?pvs=21),🟢 Available,🪵 Semi Finished,0,2,,2,20,,PCS,75
RL-PML7-015,0.011,B Grade,,1800,RL-1008-001 70Thick (https://app.notion.com/p/RL-1008-001-70Thick-3b8587ac8c78804c940de3f90a9def51?pvs=21),20X70W B Moulded RL (https://app.notion.com/p/20X70W-B-Moulded-RL-3b8587ac8c788063b9bff09ee96d2457?pvs=21),🟢 Available,🪵 Semi Finished,0,4,,4,20,,PCS,75
" RL-PML7-016",0.004,B Grade,,1350,RL-1008-001 70Thick (https://app.notion.com/p/RL-1008-001-70Thick-3b8587ac8c78804c940de3f90a9def51?pvs=21),20X70W B Moulded RL (https://app.notion.com/p/20X70W-B-Moulded-RL-3b8587ac8c788063b9bff09ee96d2457?pvs=21),🟢 Available,🪵 Semi Finished,0,2,,2,20,,PCS,75
RL-PML7-017,0.007,B Grade,,900,RL-1008-001 70Thick (https://app.notion.com/p/RL-1008-001-70Thick-3b8587ac8c78804c940de3f90a9def51?pvs=21),20X70W B Moulded RL (https://app.notion.com/p/20X70W-B-Moulded-RL-3b8587ac8c788063b9bff09ee96d2457?pvs=21),🟢 Available,🪵 Semi Finished,0,5,,5,20,,PCS,75
RL-PML7-018,0.003,B Grade,,2100,RL-1008-001 70Thick (https://app.notion.com/p/RL-1008-001-70Thick-3b8587ac8c78804c940de3f90a9def51?pvs=21),20X70W B Moulded RL (https://app.notion.com/p/20X70W-B-Moulded-RL-3b8587ac8c788063b9bff09ee96d2457?pvs=21),🟢 Available,🪵 Semi Finished,0,1,,1,20,,PCS,75
RL-PML7-019,0.009,B Grade,,1950,RL-1008-001 70Thick (https://app.notion.com/p/RL-1008-001-70Thick-3b8587ac8c78804c940de3f90a9def51?pvs=21),20X70W B Moulded RL (https://app.notion.com/p/20X70W-B-Moulded-RL-3b8587ac8c788063b9bff09ee96d2457?pvs=21),🟢 Available,🪵 Semi Finished,0,3,,3,20,,PCS,75
RL-PML7-020,0.008,B Grade,,1750,RL-1008-001 70Thick (https://app.notion.com/p/RL-1008-001-70Thick-3b8587ac8c78804c940de3f90a9def51?pvs=21),20X70W B Moulded RL (https://app.notion.com/p/20X70W-B-Moulded-RL-3b8587ac8c788063b9bff09ee96d2457?pvs=21),🟢 Available,🪵 Semi Finished,0,3,,3,20,,PCS,75
RL-PML7-021,0.006,B Grade,,800,RL-1008-001 70Thick (https://app.notion.com/p/RL-1008-001-70Thick-3b8587ac8c78804c940de3f90a9def51?pvs=21),20X70W B Moulded RL (https://app.notion.com/p/20X70W-B-Moulded-RL-3b8587ac8c788063b9bff09ee96d2457?pvs=21),🟢 Available,🪵 Semi Finished,0,5,,5,20,,PCS,75
RL-PML7-022,0.006,B Grade,,950,RL-1008-001 70Thick (https://app.notion.com/p/RL-1008-001-70Thick-3b8587ac8c78804c940de3f90a9def51?pvs=21),20X70W B Moulded RL (https://app.notion.com/p/20X70W-B-Moulded-RL-3b8587ac8c788063b9bff09ee96d2457?pvs=21),🟢 Available,🪵 Semi Finished,0,4,,4,20,,PCS,75
RL-PML7-023,0.003,B Grade,,2150,RL-1008-001 70Thick (https://app.notion.com/p/RL-1008-001-70Thick-3b8587ac8c78804c940de3f90a9def51?pvs=21),20X70W B Moulded RL (https://app.notion.com/p/20X70W-B-Moulded-RL-3b8587ac8c788063b9bff09ee96d2457?pvs=21),🟢 Available,🪵 Semi Finished,0,1,,1,20,,PCS,75
RL-PML7-024,0.001,B Grade,,550,RL-1008-001 70Thick (https://app.notion.com/p/RL-1008-001-70Thick-3b8587ac8c78804c940de3f90a9def51?pvs=21),20X70W B Moulded RL (https://app.notion.com/p/20X70W-B-Moulded-RL-3b8587ac8c788063b9bff09ee96d2457?pvs=21),🟢 Available,🪵 Semi Finished,0,1,,1,20,,PCS,75
RL-PML7-025,0.002,B Grade,,1150,RL-1008-001 70Thick (https://app.notion.com/p/RL-1008-001-70Thick-3b8587ac8c78804c940de3f90a9def51?pvs=21),20X70W B Moulded RL (https://app.notion.com/p/20X70W-B-Moulded-RL-3b8587ac8c788063b9bff09ee96d2457?pvs=21),🟢 Available,🪵 Semi Finished,0,1,,1,20,,PCS,75
RL-PML7-025,0.003,B Grade,,2050,RL-1008-001 70Thick (https://app.notion.com/p/RL-1008-001-70Thick-3b8587ac8c78804c940de3f90a9def51?pvs=21),20X70W B Moulded RL (https://app.notion.com/p/20X70W-B-Moulded-RL-3b8587ac8c788063b9bff09ee96d2457?pvs=21),🟢 Available,🪵 Semi Finished,0,1,,1,20,,PCS,75
RL-PML7-026,0.001,B Grade,,600,RL-1008-001 70Thick (https://app.notion.com/p/RL-1008-001-70Thick-3b8587ac8c78804c940de3f90a9def51?pvs=21),20X70W B Moulded RL (https://app.notion.com/p/20X70W-B-Moulded-RL-3b8587ac8c788063b9bff09ee96d2457?pvs=21),🟢 Available,🪵 Semi Finished,0,1,,1,20,,PCS,75
RL-PML7-027,0.002,B Grade,,1450,RL-1008-001 70Thick (https://app.notion.com/p/RL-1008-001-70Thick-3b8587ac8c78804c940de3f90a9def51?pvs=21),20X70W B Moulded RL (https://app.notion.com/p/20X70W-B-Moulded-RL-3b8587ac8c788063b9bff09ee96d2457?pvs=21),🟢 Available,🪵 Semi Finished,0,1,,1,20,,PCS,75
RL-PML7-028,0.006,B Grade,,1050,RL-1008-001 70Thick (https://app.notion.com/p/RL-1008-001-70Thick-3b8587ac8c78804c940de3f90a9def51?pvs=21),20X70W B Moulded RL (https://app.notion.com/p/20X70W-B-Moulded-RL-3b8587ac8c788063b9bff09ee96d2457?pvs=21),🟢 Available,🪵 Semi Finished,0,4,,4,20,,PCS,75
RL-PML7-029,0.001,B Grade,,700,RL-1008-001 70Thick (https://app.notion.com/p/RL-1008-001-70Thick-3b8587ac8c78804c940de3f90a9def51?pvs=21),20X70W B Moulded RL (https://app.notion.com/p/20X70W-B-Moulded-RL-3b8587ac8c788063b9bff09ee96d2457?pvs=21),🟢 Available,🪵 Semi Finished,0,1,,1,20,,PCS,75
RL-PML7-030,0.001,B Grade,,500,RL-1008-001 70Thick (https://app.notion.com/p/RL-1008-001-70Thick-3b8587ac8c78804c940de3f90a9def51?pvs=21),20X70W B Moulded RL (https://app.notion.com/p/20X70W-B-Moulded-RL-3b8587ac8c788063b9bff09ee96d2457?pvs=21),🟢 Available,🪵 Semi Finished,0,1,,1,20,,PCS,75
RL-PML7-031,0.004,B Grade,,2500,RL-1008-001 70Thick (https://app.notion.com/p/RL-1008-001-70Thick-3b8587ac8c78804c940de3f90a9def51?pvs=21),20X70W B Moulded RL (https://app.notion.com/p/20X70W-B-Moulded-RL-3b8587ac8c788063b9bff09ee96d2457?pvs=21),🟢 Available,🪵 Semi Finished,0,1,,1,20,,PCS,75
RL-PML7-032,0.001,B Grade,,750,RL-1008-001 70Thick (https://app.notion.com/p/RL-1008-001-70Thick-3b8587ac8c78804c940de3f90a9def51?pvs=21),20X70W B Moulded RL (https://app.notion.com/p/20X70W-B-Moulded-RL-3b8587ac8c788063b9bff09ee96d2457?pvs=21),🟢 Available,🪵 Semi Finished,0,1,,1,20,,PCS,75
RL-PML7-033,0.003,B Grade,,2250,RL-1008-001 70Thick (https://app.notion.com/p/RL-1008-001-70Thick-3b8587ac8c78804c940de3f90a9def51?pvs=21),20X70W B Moulded RL (https://app.notion.com/p/20X70W-B-Moulded-RL-3b8587ac8c788063b9bff09ee96d2457?pvs=21),🟢 Available,🪵 Semi Finished,0,1,,1,20,,PCS,75
RL-PML7-034,0.004,B Grade,,2600,RL-1008-001 70Thick (https://app.notion.com/p/RL-1008-001-70Thick-3b8587ac8c78804c940de3f90a9def51?pvs=21),20X70W B Moulded RL (https://app.notion.com/p/20X70W-B-Moulded-RL-3b8587ac8c788063b9bff09ee96d2457?pvs=21),🟢 Available,🪵 Semi Finished,0,1,,1,20,,PCS,75
,0.000,,,,RL-1008-001 70Thick (https://app.notion.com/p/RL-1008-001-70Thick-3b8587ac8c78804c940de3f90a9def51?pvs=21),,🔴 Out of Stock,,0,,,0,,,,
,0.000,,,,RL-1008-001 70Thick (https://app.notion.com/p/RL-1008-001-70Thick-3b8587ac8c78804c940de3f90a9def51?pvs=21),,🔴 Out of Stock,,0,,,0,,,,
RL-PML25-001,0.003,B Grade,,1950,RL-1008-001 25Thick (https://app.notion.com/p/RL-1008-001-25Thick-3b8587ac8c78802b817fcc42214c0589?pvs=21),25Thick B Moulded (https://app.notion.com/p/25Thick-B-Moulded-3b8587ac8c7880f9aa3dcf7d2d704a2f?pvs=21),🟢 Available,🪵 Semi Finished,0,1,,1,25,,PCS,60
RL-PML25-002,0.002,B Grade,,900,RL-1008-001 25Thick (https://app.notion.com/p/RL-1008-001-25Thick-3b8587ac8c78802b817fcc42214c0589?pvs=21),25Thick B Moulded (https://app.notion.com/p/25Thick-B-Moulded-3b8587ac8c7880f9aa3dcf7d2d704a2f?pvs=21),🟢 Available,🪵 Semi Finished,0,1,,1,25,,PCS,75
RL-PML25-003,0.004,B Grade,,3200,RL-1008-001 25Thick (https://app.notion.com/p/RL-1008-001-25Thick-3b8587ac8c78802b817fcc42214c0589?pvs=21),25Thick B Moulded (https://app.notion.com/p/25Thick-B-Moulded-3b8587ac8c7880f9aa3dcf7d2d704a2f?pvs=21),🟢 Available,🪵 Semi Finished,0,1,,1,25,,PCS,55
RL-PML25-004,0.003,B Grade,,2050,RL-1008-001 25Thick (https://app.notion.com/p/RL-1008-001-25Thick-3b8587ac8c78802b817fcc42214c0589?pvs=21),25Thick B Moulded (https://app.notion.com/p/25Thick-B-Moulded-3b8587ac8c7880f9aa3dcf7d2d704a2f?pvs=21),🟢 Available,🪵 Semi Finished,0,1,,1,25,,PCS,60
RL-PML25-005,0.002,B Grade,,850,RL-1008-001 25Thick (https://app.notion.com/p/RL-1008-001-25Thick-3b8587ac8c78802b817fcc42214c0589?pvs=21),25Thick B Moulded (https://app.notion.com/p/25Thick-B-Moulded-3b8587ac8c7880f9aa3dcf7d2d704a2f?pvs=21),🟢 Available,🪵 Semi Finished,0,1,,1,25,,PCS,75
WH-PRS2-0,0.000,,,,,20Thick Roughsawn (https://app.notion.com/p/20Thick-Roughsawn-3b3587ac8c7880988152fb99401823d6?pvs=21),🔴 Out of Stock,,0,,,0,,,,
WH-PRS2-056,0.001,B Grade,,800,WH-0507-001 20Thick (https://app.notion.com/p/WH-0507-001-20Thick-3b3587ac8c78801d8ecffac6b6e40b3d?pvs=21),20Thick Roughsawn (https://app.notion.com/p/20Thick-Roughsawn-3b3587ac8c7880988152fb99401823d6?pvs=21),🟢 Available,,0,1,,1,25,,,50
WH-PRS2-057,0.005,B Grade,,2000,WH-0507-001 20Thick (https://app.notion.com/p/WH-0507-001-20Thick-3b3587ac8c78801d8ecffac6b6e40b3d?pvs=21),20Thick Roughsawn (https://app.notion.com/p/20Thick-Roughsawn-3b3587ac8c7880988152fb99401823d6?pvs=21),🟢 Available,,0,2,,2,25,,,50
WH-PRS2-058,0.003,B Grade,,2200,WH-0507-001 20Thick (https://app.notion.com/p/WH-0507-001-20Thick-3b3587ac8c78801d8ecffac6b6e40b3d?pvs=21),20Thick Roughsawn (https://app.notion.com/p/20Thick-Roughsawn-3b3587ac8c7880988152fb99401823d6?pvs=21),🟢 Available,,0,1,,1,25,,,50
WH-PRS2-059,0.002,B Grade,,1750,WH-0507-001 20Thick (https://app.notion.com/p/WH-0507-001-20Thick-3b3587ac8c78801d8ecffac6b6e40b3d?pvs=21),20Thick Roughsawn (https://app.notion.com/p/20Thick-Roughsawn-3b3587ac8c7880988152fb99401823d6?pvs=21),🟢 Available,,0,1,,1,26,,,50
WH-PRS2-060,0.004,B Grade,,2900,WH-0507-001 20Thick (https://app.notion.com/p/WH-0507-001-20Thick-3b3587ac8c78801d8ecffac6b6e40b3d?pvs=21),20Thick Roughsawn (https://app.notion.com/p/20Thick-Roughsawn-3b3587ac8c7880988152fb99401823d6?pvs=21),🟢 Available,,0,1,,1,22,,,55
WH-PRS2-061,0.001,B Grade,,650,WH-0507-001 20Thick (https://app.notion.com/p/WH-0507-001-20Thick-3b3587ac8c78801d8ecffac6b6e40b3d?pvs=21),20Thick Roughsawn (https://app.notion.com/p/20Thick-Roughsawn-3b3587ac8c7880988152fb99401823d6?pvs=21),🟢 Available,,0,1,,1,25,,,55
WH-PRS2-062,0.001,B Grade,,1000,WH-0507-001 20Thick (https://app.notion.com/p/WH-0507-001-20Thick-3b3587ac8c78801d8ecffac6b6e40b3d?pvs=21),20Thick Roughsawn (https://app.notion.com/p/20Thick-Roughsawn-3b3587ac8c7880988152fb99401823d6?pvs=21),🟢 Available,,0,1,,1,25,,,55
WH-PRS2-063,0.002,B Grade,,1750,WH-0507-001 20Thick (https://app.notion.com/p/WH-0507-001-20Thick-3b3587ac8c78801d8ecffac6b6e40b3d?pvs=21),20Thick Roughsawn (https://app.notion.com/p/20Thick-Roughsawn-3b3587ac8c7880988152fb99401823d6?pvs=21),🟢 Available,,0,1,,1,25,,,55
WH-PRS2-064,0.001,B Grade,,950,WH-0507-001 20Thick (https://app.notion.com/p/WH-0507-001-20Thick-3b3587ac8c78801d8ecffac6b6e40b3d?pvs=21),20Thick Roughsawn (https://app.notion.com/p/20Thick-Roughsawn-3b3587ac8c7880988152fb99401823d6?pvs=21),🟢 Available,,0,1,,1,28,,,55
WH-PRS2-065,0.003,B Grade,,800,WH-0507-001 20Thick (https://app.notion.com/p/WH-0507-001-20Thick-3b3587ac8c78801d8ecffac6b6e40b3d?pvs=21),20Thick Roughsawn (https://app.notion.com/p/20Thick-Roughsawn-3b3587ac8c7880988152fb99401823d6?pvs=21),🟢 Available,,0,3,,3,23,,,60
WH-PRS2-066,0.002,B Grade,,900,WH-0507-001 20Thick (https://app.notion.com/p/WH-0507-001-20Thick-3b3587ac8c78801d8ecffac6b6e40b3d?pvs=21),20Thick Roughsawn (https://app.notion.com/p/20Thick-Roughsawn-3b3587ac8c7880988152fb99401823d6?pvs=21),🟢 Available,,0,2,,2,23,,,60
WH-PRS2-067,0.001,B Grade,,700,WH-0507-001 20Thick (https://app.notion.com/p/WH-0507-001-20Thick-3b3587ac8c78801d8ecffac6b6e40b3d?pvs=21),20Thick Roughsawn (https://app.notion.com/p/20Thick-Roughsawn-3b3587ac8c7880988152fb99401823d6?pvs=21),🟢 Available,,0,1,,1,25,,,60
WH-PRS2-068,0.002,B Grade,,1000,WH-0507-001 20Thick (https://app.notion.com/p/WH-0507-001-20Thick-3b3587ac8c78801d8ecffac6b6e40b3d?pvs=21),20Thick Roughsawn (https://app.notion.com/p/20Thick-Roughsawn-3b3587ac8c7880988152fb99401823d6?pvs=21),🟢 Available,,0,1,,1,25,,,60
WH-PRS2-069,0.003,B Grade,,1900,WH-0507-001 20Thick (https://app.notion.com/p/WH-0507-001-20Thick-3b3587ac8c78801d8ecffac6b6e40b3d?pvs=21),20Thick Roughsawn (https://app.notion.com/p/20Thick-Roughsawn-3b3587ac8c7880988152fb99401823d6?pvs=21),🟢 Available,,0,1,,1,25,,,60
WH-PRS2-070,0.002,B Grade,,1100,WH-0507-001 20Thick (https://app.notion.com/p/WH-0507-001-20Thick-3b3587ac8c78801d8ecffac6b6e40b3d?pvs=21),20Thick Roughsawn (https://app.notion.com/p/20Thick-Roughsawn-3b3587ac8c7880988152fb99401823d6?pvs=21),🟢 Available,,0,1,,1,26,,,60
WH-PRS2-071,0.005,B Grade,,3100,WH-0507-001 20Thick (https://app.notion.com/p/WH-0507-001-20Thick-3b3587ac8c78801d8ecffac6b6e40b3d?pvs=21),20Thick Roughsawn (https://app.notion.com/p/20Thick-Roughsawn-3b3587ac8c7880988152fb99401823d6?pvs=21),🟢 Available,,0,1,,1,27,,,60
WH-PRS2-072,0.002,B Grade,,1850,WH-0507-001 20Thick (https://app.notion.com/p/WH-0507-001-20Thick-3b3587ac8c78801d8ecffac6b6e40b3d?pvs=21),20Thick Roughsawn (https://app.notion.com/p/20Thick-Roughsawn-3b3587ac8c7880988152fb99401823d6?pvs=21),🟢 Available,,0,1,,1,20,,,65
WH-PRS2-073,0.003,B Grade,,2000,WH-0507-001 20Thick (https://app.notion.com/p/WH-0507-001-20Thick-3b3587ac8c78801d8ecffac6b6e40b3d?pvs=21),20Thick Roughsawn (https://app.notion.com/p/20Thick-Roughsawn-3b3587ac8c7880988152fb99401823d6?pvs=21),🟢 Available,,0,1,,1,20,,,65
WH-PRS2-074,0.001,B Grade,,800,WH-0507-001 20Thick (https://app.notion.com/p/WH-0507-001-20Thick-3b3587ac8c78801d8ecffac6b6e40b3d?pvs=21),20Thick Roughsawn (https://app.notion.com/p/20Thick-Roughsawn-3b3587ac8c7880988152fb99401823d6?pvs=21),🟢 Available,,0,1,,1,23,,,65
WH-PRS2-075,0.007,B Grade,,800,WH-0507-001 20Thick (https://app.notion.com/p/WH-0507-001-20Thick-3b3587ac8c78801d8ecffac6b6e40b3d?pvs=21),20Thick Roughsawn (https://app.notion.com/p/20Thick-Roughsawn-3b3587ac8c7880988152fb99401823d6?pvs=21),🟢 Available,,0,6,,6,24,,,65
WH-PRS2-076,0.003,B Grade,,850,WH-0507-001 20Thick (https://app.notion.com/p/WH-0507-001-20Thick-3b3587ac8c78801d8ecffac6b6e40b3d?pvs=21),20Thick Roughsawn (https://app.notion.com/p/20Thick-Roughsawn-3b3587ac8c7880988152fb99401823d6?pvs=21),🟢 Available,,0,2,,2,24,,,65
WH-PRS2-077,0.004,B Grade,,900,WH-0507-001 20Thick (https://app.notion.com/p/WH-0507-001-20Thick-3b3587ac8c78801d8ecffac6b6e40b3d?pvs=21),20Thick Roughsawn (https://app.notion.com/p/20Thick-Roughsawn-3b3587ac8c7880988152fb99401823d6?pvs=21),🟢 Available,,0,3,,3,24,,,60
WH-PRS2-078,0.001,B Grade,,500,WH-0507-001 20Thick (https://app.notion.com/p/WH-0507-001-20Thick-3b3587ac8c78801d8ecffac6b6e40b3d?pvs=21),20Thick Roughsawn (https://app.notion.com/p/20Thick-Roughsawn-3b3587ac8c7880988152fb99401823d6?pvs=21),🟢 Available,,0,1,,1,25,,,65
WH-PRS2-079,0.003,B Grade,,550,WH-0507-001 20Thick (https://app.notion.com/p/WH-0507-001-20Thick-3b3587ac8c78801d8ecffac6b6e40b3d?pvs=21),20Thick Roughsawn (https://app.notion.com/p/20Thick-Roughsawn-3b3587ac8c7880988152fb99401823d6?pvs=21),🟢 Available,,0,3,,3,25,,,65
WH-PRS2-080,0.002,B Grade,,950,WH-0507-001 20Thick (https://app.notion.com/p/WH-0507-001-20Thick-3b3587ac8c78801d8ecffac6b6e40b3d?pvs=21),20Thick Roughsawn (https://app.notion.com/p/20Thick-Roughsawn-3b3587ac8c7880988152fb99401823d6?pvs=21),🟢 Available,,0,1,,1,25,,,65
WH-PRS2-081,0.004,B Grade,,2650,WH-0507-001 20Thick (https://app.notion.com/p/WH-0507-001-20Thick-3b3587ac8c78801d8ecffac6b6e40b3d?pvs=21),20Thick Roughsawn (https://app.notion.com/p/20Thick-Roughsawn-3b3587ac8c7880988152fb99401823d6?pvs=21),🟢 Available,,0,1,,1,25,,,65
WH-PRS2-082,0.001,B Grade,,550,WH-0507-001 20Thick (https://app.notion.com/p/WH-0507-001-20Thick-3b3587ac8c78801d8ecffac6b6e40b3d?pvs=21),20Thick Roughsawn (https://app.notion.com/p/20Thick-Roughsawn-3b3587ac8c7880988152fb99401823d6?pvs=21),🟢 Available,,0,1,,1,26,,,65
WH-PRS2-083,0.002,B Grade,,1100,WH-0507-001 20Thick (https://app.notion.com/p/WH-0507-001-20Thick-3b3587ac8c78801d8ecffac6b6e40b3d?pvs=21),20Thick Roughsawn (https://app.notion.com/p/20Thick-Roughsawn-3b3587ac8c7880988152fb99401823d6?pvs=21),🟢 Available,,0,1,,1,28,,,65
WH-PRS2-084,0.003,B Grade,,1750,WH-0507-001 20Thick (https://app.notion.com/p/WH-0507-001-20Thick-3b3587ac8c78801d8ecffac6b6e40b3d?pvs=21),20Thick Roughsawn (https://app.notion.com/p/20Thick-Roughsawn-3b3587ac8c7880988152fb99401823d6?pvs=21),🟢 Available,,0,1,,1,28,,,65
WH-PRS2-085,0.001,B Grade,,950,WH-0507-001 20Thick (https://app.notion.com/p/WH-0507-001-20Thick-3b3587ac8c78801d8ecffac6b6e40b3d?pvs=21),20Thick Roughsawn (https://app.notion.com/p/20Thick-Roughsawn-3b3587ac8c7880988152fb99401823d6?pvs=21),🟢 Available,,0,1,,1,20,,,70
WH-PRS2-086,0.001,B Grade,,850,WH-0507-001 20Thick (https://app.notion.com/p/WH-0507-001-20Thick-3b3587ac8c78801d8ecffac6b6e40b3d?pvs=21),20Thick Roughsawn (https://app.notion.com/p/20Thick-Roughsawn-3b3587ac8c7880988152fb99401823d6?pvs=21),🟢 Available,,0,1,,1,21,,,70
WH-PRS2-087,0.002,B Grade,,1050,WH-0507-001 20Thick (https://app.notion.com/p/WH-0507-001-20Thick-3b3587ac8c78801d8ecffac6b6e40b3d?pvs=21),20Thick Roughsawn (https://app.notion.com/p/20Thick-Roughsawn-3b3587ac8c7880988152fb99401823d6?pvs=21),🟢 Available,,0,1,,1,24,,,70
WH-PRS2-088,0.003,B Grade,,900,WH-0507-001 20Thick (https://app.notion.com/p/WH-0507-001-20Thick-3b3587ac8c78801d8ecffac6b6e40b3d?pvs=21),20Thick Roughsawn (https://app.notion.com/p/20Thick-Roughsawn-3b3587ac8c7880988152fb99401823d6?pvs=21),🟢 Available,,0,2,,2,25,,,70
WH-PRS2-089,0.002,B Grade,,1000,WH-0507-001 20Thick (https://app.notion.com/p/WH-0507-001-20Thick-3b3587ac8c78801d8ecffac6b6e40b3d?pvs=21),20Thick Roughsawn (https://app.notion.com/p/20Thick-Roughsawn-3b3587ac8c7880988152fb99401823d6?pvs=21),🟢 Available,,0,1,,1,25,,,70
WH-PRS2-090,0.004,B Grade,,1050,WH-0507-001 20Thick (https://app.notion.com/p/WH-0507-001-20Thick-3b3587ac8c78801d8ecffac6b6e40b3d?pvs=21),20Thick Roughsawn (https://app.notion.com/p/20Thick-Roughsawn-3b3587ac8c7880988152fb99401823d6?pvs=21),🟢 Available,,0,2,,2,25,,,70
WH-PRS2-091,0.003,B Grade,,1700,WH-0507-001 20Thick (https://app.notion.com/p/WH-0507-001-20Thick-3b3587ac8c78801d8ecffac6b6e40b3d?pvs=21),20Thick Roughsawn (https://app.notion.com/p/20Thick-Roughsawn-3b3587ac8c7880988152fb99401823d6?pvs=21),🟢 Available,,0,1,,1,25,,,70
WH-PRS2-092,0.003,B Grade,,1950,WH-0507-001 20Thick (https://app.notion.com/p/WH-0507-001-20Thick-3b3587ac8c78801d8ecffac6b6e40b3d?pvs=21),20Thick Roughsawn (https://app.notion.com/p/20Thick-Roughsawn-3b3587ac8c7880988152fb99401823d6?pvs=21),🟢 Available,,0,1,,1,25,,,70
WH-PRS2-093,0.002,B Grade,,1000,WH-0507-001 20Thick (https://app.notion.com/p/WH-0507-001-20Thick-3b3587ac8c78801d8ecffac6b6e40b3d?pvs=21),20Thick Roughsawn (https://app.notion.com/p/20Thick-Roughsawn-3b3587ac8c7880988152fb99401823d6?pvs=21),🟢 Available,,0,1,,1,26,,,70
WH-PRS2-094,0.003,B Grade,,1500,WH-0507-001 20Thick (https://app.notion.com/p/WH-0507-001-20Thick-3b3587ac8c78801d8ecffac6b6e40b3d?pvs=21),20Thick Roughsawn (https://app.notion.com/p/20Thick-Roughsawn-3b3587ac8c7880988152fb99401823d6?pvs=21),🟢 Available,,0,1,,1,26,,,70
WH-PRS2-095,0.002,B Grade,,1000,WH-0507-001 20Thick (https://app.notion.com/p/WH-0507-001-20Thick-3b3587ac8c78801d8ecffac6b6e40b3d?pvs=21),20Thick Roughsawn (https://app.notion.com/p/20Thick-Roughsawn-3b3587ac8c7880988152fb99401823d6?pvs=21),🟢 Available,,0,1,,1,27,,,70
WH-PRS2-096,0.003,B Grade,,1600,WH-0507-001 20Thick (https://app.notion.com/p/WH-0507-001-20Thick-3b3587ac8c78801d8ecffac6b6e40b3d?pvs=21),20Thick Roughsawn (https://app.notion.com/p/20Thick-Roughsawn-3b3587ac8c7880988152fb99401823d6?pvs=21),🟢 Available,,0,1,,1,28,,,70
WH-PRS2-097,0.006,B Grade,,3200,WH-0507-001 20Thick (https://app.notion.com/p/WH-0507-001-20Thick-3b3587ac8c78801d8ecffac6b6e40b3d?pvs=21),20Thick Roughsawn (https://app.notion.com/p/20Thick-Roughsawn-3b3587ac8c7880988152fb99401823d6?pvs=21),🟢 Available,,0,1,,1,29,,,70
WH-PRS2-098,0.002,B Grade,,950,WH-0507-001 20Thick (https://app.notion.com/p/WH-0507-001-20Thick-3b3587ac8c78801d8ecffac6b6e40b3d?pvs=21),20Thick Roughsawn (https://app.notion.com/p/20Thick-Roughsawn-3b3587ac8c7880988152fb99401823d6?pvs=21),🟢 Available,,0,1,,1,22,,,75
WH-PRS2-099,0.001,B Grade,,900,WH-0507-001 20Thick (https://app.notion.com/p/WH-0507-001-20Thick-3b3587ac8c78801d8ecffac6b6e40b3d?pvs=21),20Thick Roughsawn (https://app.notion.com/p/20Thick-Roughsawn-3b3587ac8c7880988152fb99401823d6?pvs=21),🟢 Available,,0,1,,1,22,,,75
WH-PRS2-100,0.003,B Grade,,1450,WH-0507-001 20Thick (https://app.notion.com/p/WH-0507-001-20Thick-3b3587ac8c78801d8ecffac6b6e40b3d?pvs=21),20Thick Roughsawn (https://app.notion.com/p/20Thick-Roughsawn-3b3587ac8c7880988152fb99401823d6?pvs=21),🟢 Available,,0,1,,1,25,,,72
WH-PRS2-101,0.003,B Grade,,900,WH-0507-001 20Thick (https://app.notion.com/p/WH-0507-001-20Thick-3b3587ac8c78801d8ecffac6b6e40b3d?pvs=21),20Thick Roughsawn (https://app.notion.com/p/20Thick-Roughsawn-3b3587ac8c7880988152fb99401823d6?pvs=21),🟢 Available,,0,2,,2,23,,,75
WH-PRS2-102,0.002,B Grade,,1250,WH-0507-001 20Thick (https://app.notion.com/p/WH-0507-001-20Thick-3b3587ac8c78801d8ecffac6b6e40b3d?pvs=21),20Thick Roughsawn (https://app.notion.com/p/20Thick-Roughsawn-3b3587ac8c7880988152fb99401823d6?pvs=21),🟢 Available,,0,1,,1,23,,,75
WH-PRS2-103,0.002,B Grade,,1050,WH-0507-001 20Thick (https://app.notion.com/p/WH-0507-001-20Thick-3b3587ac8c78801d8ecffac6b6e40b3d?pvs=21),20Thick Roughsawn (https://app.notion.com/p/20Thick-Roughsawn-3b3587ac8c7880988152fb99401823d6?pvs=21),🟢 Available,,0,1,,1,25,,,75
WH-PRS2-104,0.002,B Grade,,1200,WH-0507-001 20Thick (https://app.notion.com/p/WH-0507-001-20Thick-3b3587ac8c78801d8ecffac6b6e40b3d?pvs=21),20Thick Roughsawn (https://app.notion.com/p/20Thick-Roughsawn-3b3587ac8c7880988152fb99401823d6?pvs=21),🟢 Available,,0,1,,1,25,,,75
WH-PRS2-105,0.003,B Grade,,1500,WH-0507-001 20Thick (https://app.notion.com/p/WH-0507-001-20Thick-3b3587ac8c78801d8ecffac6b6e40b3d?pvs=21),20Thick Roughsawn (https://app.notion.com/p/20Thick-Roughsawn-3b3587ac8c7880988152fb99401823d6?pvs=21),🟢 Available,,0,1,,1,25,,,75
WH-PRS2-106,0.003,B Grade,,1750,WH-0507-001 20Thick (https://app.notion.com/p/WH-0507-001-20Thick-3b3587ac8c78801d8ecffac6b6e40b3d?pvs=21),20Thick Roughsawn (https://app.notion.com/p/20Thick-Roughsawn-3b3587ac8c7880988152fb99401823d6?pvs=21),🟢 Available,,0,1,,1,25,,,75
WH-PRS2-107,0.002,B Grade,,900,WH-0507-001 20Thick (https://app.notion.com/p/WH-0507-001-20Thick-3b3587ac8c78801d8ecffac6b6e40b3d?pvs=21),20Thick Roughsawn (https://app.notion.com/p/20Thick-Roughsawn-3b3587ac8c7880988152fb99401823d6?pvs=21),🟢 Available,,0,1,,1,26,,,75
WH-PRS2-108,0.001,B Grade,,500,WH-0507-001 20Thick (https://app.notion.com/p/WH-0507-001-20Thick-3b3587ac8c78801d8ecffac6b6e40b3d?pvs=21),20Thick Roughsawn (https://app.notion.com/p/20Thick-Roughsawn-3b3587ac8c7880988152fb99401823d6?pvs=21),🟢 Available,,0,1,,1,28,,,75
WH-PRS2-109,0.002,B Grade,,1050,WH-0507-001 20Thick (https://app.notion.com/p/WH-0507-001-20Thick-3b3587ac8c78801d8ecffac6b6e40b3d?pvs=21),20Thick Roughsawn (https://app.notion.com/p/20Thick-Roughsawn-3b3587ac8c7880988152fb99401823d6?pvs=21),🟢 Available,,0,1,,1,28,,,75
WH-PRS2-110,0.003,B Grade,,1650,WH-0507-001 20Thick (https://app.notion.com/p/WH-0507-001-20Thick-3b3587ac8c78801d8ecffac6b6e40b3d?pvs=21),20Thick Roughsawn (https://app.notion.com/p/20Thick-Roughsawn-3b3587ac8c7880988152fb99401823d6?pvs=21),🟢 Available,,0,1,,1,28,,,75
WH-PRS2-112,0.001,B Grade,,500,WH-0507-001 20Thick (https://app.notion.com/p/WH-0507-001-20Thick-3b3587ac8c78801d8ecffac6b6e40b3d?pvs=21),20Thick Roughsawn (https://app.notion.com/p/20Thick-Roughsawn-3b3587ac8c7880988152fb99401823d6?pvs=21),🟢 Available,,0,1,,1,24,,,80
WH-PRS2-113,0.001,B Grade,,750,WH-0507-001 20Thick (https://app.notion.com/p/WH-0507-001-20Thick-3b3587ac8c78801d8ecffac6b6e40b3d?pvs=21),20Thick Roughsawn (https://app.notion.com/p/20Thick-Roughsawn-3b3587ac8c7880988152fb99401823d6?pvs=21),🟢 Available,,0,1,,1,24,,,80
WH-PRS2-114,0.002,B Grade,,800,WH-0507-001 20Thick (https://app.notion.com/p/WH-0507-001-20Thick-3b3587ac8c78801d8ecffac6b6e40b3d?pvs=21),20Thick Roughsawn (https://app.notion.com/p/20Thick-Roughsawn-3b3587ac8c7880988152fb99401823d6?pvs=21),🟢 Available,,0,1,,1,24,,,80
WH-PRS2-115,0.002,B Grade,,950,WH-0507-001 20Thick (https://app.notion.com/p/WH-0507-001-20Thick-3b3587ac8c78801d8ecffac6b6e40b3d?pvs=21),20Thick Roughsawn (https://app.notion.com/p/20Thick-Roughsawn-3b3587ac8c7880988152fb99401823d6?pvs=21),🟢 Available,,0,1,,1,24,,,80
WH-PRS2-116,0.002,B Grade,,1100,WH-0507-001 20Thick (https://app.notion.com/p/WH-0507-001-20Thick-3b3587ac8c78801d8ecffac6b6e40b3d?pvs=21),20Thick Roughsawn (https://app.notion.com/p/20Thick-Roughsawn-3b3587ac8c7880988152fb99401823d6?pvs=21),🟢 Available,,0,1,,1,24,,,80
WH-PRS2-117,0.002,B Grade,,1200,WH-0507-001 20Thick (https://app.notion.com/p/WH-0507-001-20Thick-3b3587ac8c78801d8ecffac6b6e40b3d?pvs=21),20Thick Roughsawn (https://app.notion.com/p/20Thick-Roughsawn-3b3587ac8c7880988152fb99401823d6?pvs=21),🟢 Available,,0,1,,1,24,,,80
WH-PRS2-118,0.003,B Grade,,1600,WH-0507-001 20Thick (https://app.notion.com/p/WH-0507-001-20Thick-3b3587ac8c78801d8ecffac6b6e40b3d?pvs=21),20Thick Roughsawn (https://app.notion.com/p/20Thick-Roughsawn-3b3587ac8c7880988152fb99401823d6?pvs=21),🟢 Available,,0,1,,1,24,,,80
WH-PRS2-119,0.005,B Grade,,2500,WH-0507-001 20Thick (https://app.notion.com/p/WH-0507-001-20Thick-3b3587ac8c78801d8ecffac6b6e40b3d?pvs=21),20Thick Roughsawn (https://app.notion.com/p/20Thick-Roughsawn-3b3587ac8c7880988152fb99401823d6?pvs=21),🟢 Available,,0,1,,1,24,,,80
WH-PRS2-120,0.001,B Grade,,700,WH-0507-001 20Thick (https://app.notion.com/p/WH-0507-001-20Thick-3b3587ac8c78801d8ecffac6b6e40b3d?pvs=21),20Thick Roughsawn (https://app.notion.com/p/20Thick-Roughsawn-3b3587ac8c7880988152fb99401823d6?pvs=21),🟢 Available,,0,1,,1,25,,,80
WH-PRS2-121,0.002,B Grade,,1150,WH-0507-001 20Thick (https://app.notion.com/p/WH-0507-001-20Thick-3b3587ac8c78801d8ecffac6b6e40b3d?pvs=21),20Thick Roughsawn (https://app.notion.com/p/20Thick-Roughsawn-3b3587ac8c7880988152fb99401823d6?pvs=21),🟢 Available,,0,1,,1,25,,,80
WH-PRS2-122,0.002,B Grade,,1250,WH-0507-001 20Thick (https://app.notion.com/p/WH-0507-001-20Thick-3b3587ac8c78801d8ecffac6b6e40b3d?pvs=21),20Thick Roughsawn (https://app.notion.com/p/20Thick-Roughsawn-3b3587ac8c7880988152fb99401823d6?pvs=21),🟢 Available,,0,1,,1,22,,,80
WH-PRS2-123,0.003,B Grade,,1750,WH-0507-001 20Thick (https://app.notion.com/p/WH-0507-001-20Thick-3b3587ac8c78801d8ecffac6b6e40b3d?pvs=21),20Thick Roughsawn (https://app.notion.com/p/20Thick-Roughsawn-3b3587ac8c7880988152fb99401823d6?pvs=21),🟢 Available,,0,1,,1,22,,,80
WH-PRS2-124,0.003,B Grade,,1450,WH-0507-001 20Thick (https://app.notion.com/p/WH-0507-001-20Thick-3b3587ac8c78801d8ecffac6b6e40b3d?pvs=21),20Thick Roughsawn (https://app.notion.com/p/20Thick-Roughsawn-3b3587ac8c7880988152fb99401823d6?pvs=21),🟢 Available,,0,1,,1,22,,,80
WH-PRS2-125,0.002,B Grade,,1200,WH-0507-001 20Thick (https://app.notion.com/p/WH-0507-001-20Thick-3b3587ac8c78801d8ecffac6b6e40b3d?pvs=21),20Thick Roughsawn (https://app.notion.com/p/20Thick-Roughsawn-3b3587ac8c7880988152fb99401823d6?pvs=21),🟢 Available,,0,1,,1,23,,,80
WH-PRS2-126,0.003,B Grade,,1500,WH-0507-001 20Thick (https://app.notion.com/p/WH-0507-001-20Thick-3b3587ac8c78801d8ecffac6b6e40b3d?pvs=21),20Thick Roughsawn (https://app.notion.com/p/20Thick-Roughsawn-3b3587ac8c7880988152fb99401823d6?pvs=21),🟢 Available,,0,1,,1,23,,,80
WH-PRS2-127,0.004,B Grade,,1850,WH-0507-001 20Thick (https://app.notion.com/p/WH-0507-001-20Thick-3b3587ac8c78801d8ecffac6b6e40b3d?pvs=21),20Thick Roughsawn (https://app.notion.com/p/20Thick-Roughsawn-3b3587ac8c7880988152fb99401823d6?pvs=21),🟢 Available,,0,1,,1,25,,,80
WH-PRS2-128,0.006,B Grade,,2950,WH-0507-001 20Thick (https://app.notion.com/p/WH-0507-001-20Thick-3b3587ac8c78801d8ecffac6b6e40b3d?pvs=21),20Thick Roughsawn (https://app.notion.com/p/20Thick-Roughsawn-3b3587ac8c7880988152fb99401823d6?pvs=21),🟢 Available,,0,1,,1,25,,,80
WH-PRS2-129,0.002,B Grade,,1100,WH-0507-001 20Thick (https://app.notion.com/p/WH-0507-001-20Thick-3b3587ac8c78801d8ecffac6b6e40b3d?pvs=21),20Thick Roughsawn (https://app.notion.com/p/20Thick-Roughsawn-3b3587ac8c7880988152fb99401823d6?pvs=21),🟢 Available,,0,1,,1,23,,,85
WH-PRS2-130,0.001,B Grade,,600,WH-0507-001 20Thick (https://app.notion.com/p/WH-0507-001-20Thick-3b3587ac8c78801d8ecffac6b6e40b3d?pvs=21),20Thick Roughsawn (https://app.notion.com/p/20Thick-Roughsawn-3b3587ac8c7880988152fb99401823d6?pvs=21),🟢 Available,,0,1,,1,25,,,85
WH-PRS2-131,0.004,B Grade,,1950,WH-0507-001 20Thick (https://app.notion.com/p/WH-0507-001-20Thick-3b3587ac8c78801d8ecffac6b6e40b3d?pvs=21),20Thick Roughsawn (https://app.notion.com/p/20Thick-Roughsawn-3b3587ac8c7880988152fb99401823d6?pvs=21),🟢 Available,,0,1,,1,20,,,90
WH-PRS2-132,0.002,B Grade,,1100,WH-0507-001 20Thick (https://app.notion.com/p/WH-0507-001-20Thick-3b3587ac8c78801d8ecffac6b6e40b3d?pvs=21),20Thick Roughsawn (https://app.notion.com/p/20Thick-Roughsawn-3b3587ac8c7880988152fb99401823d6?pvs=21),🟢 Available,,0,1,,1,21,,,90
WH-PRS2-133,0.001,B Grade,,500,WH-0507-001 20Thick (https://app.notion.com/p/WH-0507-001-20Thick-3b3587ac8c78801d8ecffac6b6e40b3d?pvs=21),20Thick Roughsawn (https://app.notion.com/p/20Thick-Roughsawn-3b3587ac8c7880988152fb99401823d6?pvs=21),🟢 Available,,0,1,,1,23,,,90
WH-PRS2-134,0.002,B Grade,,800,WH-0507-001 20Thick (https://app.notion.com/p/WH-0507-001-20Thick-3b3587ac8c78801d8ecffac6b6e40b3d?pvs=21),20Thick Roughsawn (https://app.notion.com/p/20Thick-Roughsawn-3b3587ac8c7880988152fb99401823d6?pvs=21),🟢 Available,,0,1,,1,25,,,90
WH-PRS2-135,0.001,B Grade,,400,WH-0507-001 20Thick (https://app.notion.com/p/WH-0507-001-20Thick-3b3587ac8c78801d8ecffac6b6e40b3d?pvs=21),20Thick Roughsawn (https://app.notion.com/p/20Thick-Roughsawn-3b3587ac8c7880988152fb99401823d6?pvs=21),🟢 Available,,0,1,,1,26,,,90
WH-PRS2-136,0.002,B Grade,,1000,WH-0507-001 20Thick (https://app.notion.com/p/WH-0507-001-20Thick-3b3587ac8c78801d8ecffac6b6e40b3d?pvs=21),20Thick Roughsawn (https://app.notion.com/p/20Thick-Roughsawn-3b3587ac8c7880988152fb99401823d6?pvs=21),🟢 Available,,0,1,,1,27,,,90
WH-PRS2-137,0.004,B Grade,,1600,WH-0507-001 20Thick (https://app.notion.com/p/WH-0507-001-20Thick-3b3587ac8c78801d8ecffac6b6e40b3d?pvs=21),20Thick Roughsawn (https://app.notion.com/p/20Thick-Roughsawn-3b3587ac8c7880988152fb99401823d6?pvs=21),🟢 Available,,0,1,,1,28,,,90
WH-PRS2-138,0.006,B Grade,,2500,WH-0507-001 20Thick (https://app.notion.com/p/WH-0507-001-20Thick-3b3587ac8c78801d8ecffac6b6e40b3d?pvs=21),20Thick Roughsawn (https://app.notion.com/p/20Thick-Roughsawn-3b3587ac8c7880988152fb99401823d6?pvs=21),🟢 Available,,0,1,,1,28,,,90
WH-PRS2-139,0.003,B Grade,,1200,WH-0507-001 20Thick (https://app.notion.com/p/WH-0507-001-20Thick-3b3587ac8c78801d8ecffac6b6e40b3d?pvs=21),20Thick Roughsawn (https://app.notion.com/p/20Thick-Roughsawn-3b3587ac8c7880988152fb99401823d6?pvs=21),🟢 Available,,0,1,,1,25,,,95
WH-PRS2-140,0.006,B Grade,,2400,WH-0507-001 20Thick (https://app.notion.com/p/WH-0507-001-20Thick-3b3587ac8c78801d8ecffac6b6e40b3d?pvs=21),20Thick Roughsawn (https://app.notion.com/p/20Thick-Roughsawn-3b3587ac8c7880988152fb99401823d6?pvs=21),🟢 Available,,0,1,,1,25,,,95
WH-PRS2-141,0.004,B Grade,,1600,WH-0507-001 20Thick (https://app.notion.com/p/WH-0507-001-20Thick-3b3587ac8c78801d8ecffac6b6e40b3d?pvs=21),20Thick Roughsawn (https://app.notion.com/p/20Thick-Roughsawn-3b3587ac8c7880988152fb99401823d6?pvs=21),🟢 Available,,0,1,,1,26,,,95
WH-PRS2-142,0.002,B Grade,,800,WH-0507-001 20Thick (https://app.notion.com/p/WH-0507-001-20Thick-3b3587ac8c78801d8ecffac6b6e40b3d?pvs=21),20Thick Roughsawn (https://app.notion.com/p/20Thick-Roughsawn-3b3587ac8c7880988152fb99401823d6?pvs=21),🟢 Available,,0,1,,1,24,,,100
WH-PRS2-143,0.001,B Grade,,450,WH-0507-001 20Thick (https://app.notion.com/p/WH-0507-001-20Thick-3b3587ac8c78801d8ecffac6b6e40b3d?pvs=21),20Thick Roughsawn (https://app.notion.com/p/20Thick-Roughsawn-3b3587ac8c7880988152fb99401823d6?pvs=21),🟢 Available,,0,1,,1,25,,,100
WH-PRS2-144,0.003,B Grade,,1200,WH-0507-001 20Thick (https://app.notion.com/p/WH-0507-001-20Thick-3b3587ac8c78801d8ecffac6b6e40b3d?pvs=21),20Thick Roughsawn (https://app.notion.com/p/20Thick-Roughsawn-3b3587ac8c7880988152fb99401823d6?pvs=21),🟢 Available,,0,1,,1,25,,,100
WH-PRS2-145,0.004,B Grade,,1400,WH-0507-001 20Thick (https://app.notion.com/p/WH-0507-001-20Thick-3b3587ac8c78801d8ecffac6b6e40b3d?pvs=21),20Thick Roughsawn (https://app.notion.com/p/20Thick-Roughsawn-3b3587ac8c7880988152fb99401823d6?pvs=21),🟢 Available,,0,1,,1,25,,,100
WH-PRS2-146,0.004,B Grade,,800,WH-0507-001 20Thick (https://app.notion.com/p/WH-0507-001-20Thick-3b3587ac8c78801d8ecffac6b6e40b3d?pvs=21),20Thick Roughsawn (https://app.notion.com/p/20Thick-Roughsawn-3b3587ac8c7880988152fb99401823d6?pvs=21),🟢 Available,,0,2,,2,27,,,100
WH-PRS2-147,0.002,B Grade,,900,WH-0507-001 20Thick (https://app.notion.com/p/WH-0507-001-20Thick-3b3587ac8c78801d8ecffac6b6e40b3d?pvs=21),20Thick Roughsawn (https://app.notion.com/p/20Thick-Roughsawn-3b3587ac8c7880988152fb99401823d6?pvs=21),🟢 Available,,0,1,,1,25,,,110
WH-PRS2-148,0.010,B Grade,,4000,WH-0507-001 20Thick (https://app.notion.com/p/WH-0507-001-20Thick-3b3587ac8c78801d8ecffac6b6e40b3d?pvs=21),20Thick Roughsawn (https://app.notion.com/p/20Thick-Roughsawn-3b3587ac8c7880988152fb99401823d6?pvs=21),🟢 Available,,0,1,,1,21,,,120
WH-PRS2-149,0.002,B Grade,,800,WH-0507-001 20Thick (https://app.notion.com/p/WH-0507-001-20Thick-3b3587ac8c78801d8ecffac6b6e40b3d?pvs=21),20Thick Roughsawn (https://app.notion.com/p/20Thick-Roughsawn-3b3587ac8c7880988152fb99401823d6?pvs=21),🟢 Available,,0,1,,1,21,,,125
WH-PRS2-150,0.007,B Grade,,2350,WH-0507-001 20Thick (https://app.notion.com/p/WH-0507-001-20Thick-3b3587ac8c78801d8ecffac6b6e40b3d?pvs=21),20Thick Roughsawn (https://app.notion.com/p/20Thick-Roughsawn-3b3587ac8c7880988152fb99401823d6?pvs=21),🟢 Available,,0,1,,1,25,,,125
WH-PRS2-151,0.003,B Grade,,950,WH-0507-001 20Thick (https://app.notion.com/p/WH-0507-001-20Thick-3b3587ac8c78801d8ecffac6b6e40b3d?pvs=21),20Thick Roughsawn (https://app.notion.com/p/20Thick-Roughsawn-3b3587ac8c7880988152fb99401823d6?pvs=21),🟢 Available,,0,1,,1,26,,,125
WH-PRS2-152,0.003,B Grade,,750,WH-0507-001 20Thick (https://app.notion.com/p/WH-0507-001-20Thick-3b3587ac8c78801d8ecffac6b6e40b3d?pvs=21),20Thick Roughsawn (https://app.notion.com/p/20Thick-Roughsawn-3b3587ac8c7880988152fb99401823d6?pvs=21),🟢 Available,,0,1,,1,27,,,125
WH-PRS2-153,0.005,B Grade,,1450,WH-0507-001 20Thick (https://app.notion.com/p/WH-0507-001-20Thick-3b3587ac8c78801d8ecffac6b6e40b3d?pvs=21),20Thick Roughsawn (https://app.notion.com/p/20Thick-Roughsawn-3b3587ac8c7880988152fb99401823d6?pvs=21),🟢 Available,,0,1,,1,25,,,130
WH-PRS2-154,0.001,B Grade,,400,WH-0507-001 20Thick (https://app.notion.com/p/WH-0507-001-20Thick-3b3587ac8c78801d8ecffac6b6e40b3d?pvs=21),20Thick Roughsawn (https://app.notion.com/p/20Thick-Roughsawn-3b3587ac8c7880988152fb99401823d6?pvs=21),🟢 Available,,0,1,,1,25,,,140
WH-PRS2-155,0.002,B Grade,,300,WH-0507-001 20Thick (https://app.notion.com/p/WH-0507-001-20Thick-3b3587ac8c78801d8ecffac6b6e40b3d?pvs=21),20Thick Roughsawn (https://app.notion.com/p/20Thick-Roughsawn-3b3587ac8c7880988152fb99401823d6?pvs=21),🟢 Available,,0,2,,2,22,,,155
WH-PRS2-156,0.010,B Grade,,2650,WH-0507-001 20Thick (https://app.notion.com/p/WH-0507-001-20Thick-3b3587ac8c78801d8ecffac6b6e40b3d?pvs=21),20Thick Roughsawn (https://app.notion.com/p/20Thick-Roughsawn-3b3587ac8c7880988152fb99401823d6?pvs=21),🟢 Available,,0,1,,1,24,,,155
WH-PRS2-158,0.003,B Grade,,800,WH-0507-001 20Thick (https://app.notion.com/p/WH-0507-001-20Thick-3b3587ac8c78801d8ecffac6b6e40b3d?pvs=21),20Thick Roughsawn (https://app.notion.com/p/20Thick-Roughsawn-3b3587ac8c7880988152fb99401823d6?pvs=21),🟢 Available,,0,1,,1,21,,,150
WH-PRS2-157,0.002,B Grade,,500,WH-0507-001 20Thick (https://app.notion.com/p/WH-0507-001-20Thick-3b3587ac8c78801d8ecffac6b6e40b3d?pvs=21),20Thick Roughsawn (https://app.notion.com/p/20Thick-Roughsawn-3b3587ac8c7880988152fb99401823d6?pvs=21),🟢 Available,,0,1,,1,20,,,150
WH-PRS2-159,0.009,B Grade,,3000,WH-0507-001 20Thick (https://app.notion.com/p/WH-0507-001-20Thick-3b3587ac8c78801d8ecffac6b6e40b3d?pvs=21),20Thick Roughsawn (https://app.notion.com/p/20Thick-Roughsawn-3b3587ac8c7880988152fb99401823d6?pvs=21),🟢 Available,,0,1,,1,21,,,150
WH-PRS2-160,0.003,B Grade,,800,WH-0507-001 20Thick (https://app.notion.com/p/WH-0507-001-20Thick-3b3587ac8c78801d8ecffac6b6e40b3d?pvs=21),20Thick Roughsawn (https://app.notion.com/p/20Thick-Roughsawn-3b3587ac8c7880988152fb99401823d6?pvs=21),🟢 Available,,0,1,,1,22,,,150
WH-PRS2-161,0.006,B Grade,,1700,WH-0507-001 20Thick (https://app.notion.com/p/WH-0507-001-20Thick-3b3587ac8c78801d8ecffac6b6e40b3d?pvs=21),20Thick Roughsawn (https://app.notion.com/p/20Thick-Roughsawn-3b3587ac8c7880988152fb99401823d6?pvs=21),🟢 Available,,0,1,,1,23,,,150
WH-PRS2-162,0.014,B Grade,,4000,WH-0507-001 20Thick (https://app.notion.com/p/WH-0507-001-20Thick-3b3587ac8c78801d8ecffac6b6e40b3d?pvs=21),20Thick Roughsawn (https://app.notion.com/p/20Thick-Roughsawn-3b3587ac8c7880988152fb99401823d6?pvs=21),🟢 Available,,0,1,,1,23,,,150
WH-PRS2-163,0.023,B Grade,,3000,WH-0507-001 20Thick (https://app.notion.com/p/WH-0507-001-20Thick-3b3587ac8c78801d8ecffac6b6e40b3d?pvs=21),20Thick Roughsawn (https://app.notion.com/p/20Thick-Roughsawn-3b3587ac8c7880988152fb99401823d6?pvs=21),🟢 Available,,0,2,,2,25,,,150
WH-PRS2-164,0.002,B Grade,,600,WH-0507-001 20Thick (https://app.notion.com/p/WH-0507-001-20Thick-3b3587ac8c78801d8ecffac6b6e40b3d?pvs=21),20Thick Roughsawn (https://app.notion.com/p/20Thick-Roughsawn-3b3587ac8c7880988152fb99401823d6?pvs=21),🟢 Available,,0,1,,1,25,,,155
WH-PRS2-165,0.007,B Grade,,1750,WH-0507-001 20Thick (https://app.notion.com/p/WH-0507-001-20Thick-3b3587ac8c78801d8ecffac6b6e40b3d?pvs=21),20Thick Roughsawn (https://app.notion.com/p/20Thick-Roughsawn-3b3587ac8c7880988152fb99401823d6?pvs=21),🟢 Available,,0,1,,1,25,,,155
WH-PRS2-166,0.002,B Grade,,500,WH-0507-001 20Thick (https://app.notion.com/p/WH-0507-001-20Thick-3b3587ac8c78801d8ecffac6b6e40b3d?pvs=21),20Thick Roughsawn (https://app.notion.com/p/20Thick-Roughsawn-3b3587ac8c7880988152fb99401823d6?pvs=21),🟢 Available,,0,1,,1,20,,,160
WH-PRS2-168,0.013,B Grade,,3500,WH-0507-001 20Thick (https://app.notion.com/p/WH-0507-001-20Thick-3b3587ac8c78801d8ecffac6b6e40b3d?pvs=21),20Thick Roughsawn (https://app.notion.com/p/20Thick-Roughsawn-3b3587ac8c7880988152fb99401823d6?pvs=21),🟢 Available,,0,1,,1,20,,,180
WH-PRS2-167,0.012,B Grade,,3500,WH-0507-001 20Thick (https://app.notion.com/p/WH-0507-001-20Thick-3b3587ac8c78801d8ecffac6b6e40b3d?pvs=21),20Thick Roughsawn (https://app.notion.com/p/20Thick-Roughsawn-3b3587ac8c7880988152fb99401823d6?pvs=21),🟢 Available,,0,1,,1,21,,,160
WH-PRS2-169,0.005,B Grade,,1100,WH-0507-001 20Thick (https://app.notion.com/p/WH-0507-001-20Thick-3b3587ac8c78801d8ecffac6b6e40b3d?pvs=21),20Thick Roughsawn (https://app.notion.com/p/20Thick-Roughsawn-3b3587ac8c7880988152fb99401823d6?pvs=21),🟢 Available,,0,1,,1,25,,,180
WH-PRS2-171,0.014,B Grade,,2900,WH-0507-001 20Thick (https://app.notion.com/p/WH-0507-001-20Thick-3b3587ac8c78801d8ecffac6b6e40b3d?pvs=21),20Thick Roughsawn (https://app.notion.com/p/20Thick-Roughsawn-3b3587ac8c7880988152fb99401823d6?pvs=21),🟢 Available,,0,1,,1,26,,,180
WH-PRS2-172,0.011,B Grade,,2450,WH-0507-001 20Thick (https://app.notion.com/p/WH-0507-001-20Thick-3b3587ac8c78801d8ecffac6b6e40b3d?pvs=21),20Thick Roughsawn (https://app.notion.com/p/20Thick-Roughsawn-3b3587ac8c7880988152fb99401823d6?pvs=21),🟢 Available,,0,1,,1,25,,,185
WH-PRS2-173,0.001,B Grade,,1700,WH-0507-001 20Thick (https://app.notion.com/p/WH-0507-001-20Thick-3b3587ac8c78801d8ecffac6b6e40b3d?pvs=21),20Thick Roughsawn (https://app.notion.com/p/20Thick-Roughsawn-3b3587ac8c7880988152fb99401823d6?pvs=21),🟢 Available,,0,1,,1,21,,,40
WH-PRS2-174,0.009,B Grade,,600,WH-0507-001 20Thick (https://app.notion.com/p/WH-0507-001-20Thick-3b3587ac8c78801d8ecffac6b6e40b3d?pvs=21),20Thick Roughsawn (https://app.notion.com/p/20Thick-Roughsawn-3b3587ac8c7880988152fb99401823d6?pvs=21),🟢 Available,,0,19,,19,20,,,40
WH-PRS2-175,0.001,B Grade,,1600,WH-0507-001 20Thick (https://app.notion.com/p/WH-0507-001-20Thick-3b3587ac8c78801d8ecffac6b6e40b3d?pvs=21),20Thick Roughsawn (https://app.notion.com/p/20Thick-Roughsawn-3b3587ac8c7880988152fb99401823d6?pvs=21),🟢 Available,,0,1,,1,21,,,40
WH-PRS2-176,0.001,B Grade,,1700,WH-0507-001 20Thick (https://app.notion.com/p/WH-0507-001-20Thick-3b3587ac8c78801d8ecffac6b6e40b3d?pvs=21),20Thick Roughsawn (https://app.notion.com/p/20Thick-Roughsawn-3b3587ac8c7880988152fb99401823d6?pvs=21),🟢 Available,,0,1,,1,21,,,40
WH-PRS2-177,0.001,B Grade,,600,WH-0507-001 20Thick (https://app.notion.com/p/WH-0507-001-20Thick-3b3587ac8c78801d8ecffac6b6e40b3d?pvs=21),20Thick Roughsawn (https://app.notion.com/p/20Thick-Roughsawn-3b3587ac8c7880988152fb99401823d6?pvs=21),🟢 Available,,0,1,,1,22,,,40
WH-PRS2-178,0.001,B Grade,,1300,WH-0507-001 20Thick (https://app.notion.com/p/WH-0507-001-20Thick-3b3587ac8c78801d8ecffac6b6e40b3d?pvs=21),20Thick Roughsawn (https://app.notion.com/p/20Thick-Roughsawn-3b3587ac8c7880988152fb99401823d6?pvs=21),🟢 Available,,0,1,,1,22,,,40
WH-PRS2-179,0.002,B Grade,,2200,WH-0507-001 20Thick (https://app.notion.com/p/WH-0507-001-20Thick-3b3587ac8c78801d8ecffac6b6e40b3d?pvs=21),20Thick Roughsawn (https://app.notion.com/p/20Thick-Roughsawn-3b3587ac8c7880988152fb99401823d6?pvs=21),🟢 Available,,0,1,,1,23,,,40
WH-PRS2-180,0.001,B Grade,,1050,WH-0507-001 20Thick (https://app.notion.com/p/WH-0507-001-20Thick-3b3587ac8c78801d8ecffac6b6e40b3d?pvs=21),20Thick Roughsawn (https://app.notion.com/p/20Thick-Roughsawn-3b3587ac8c7880988152fb99401823d6?pvs=21),🟢 Available,,0,1,,1,25,,,40
WH-PRS2-181,0.001,B Grade,,1250,WH-0507-001 20Thick (https://app.notion.com/p/WH-0507-001-20Thick-3b3587ac8c78801d8ecffac6b6e40b3d?pvs=21),20Thick Roughsawn (https://app.notion.com/p/20Thick-Roughsawn-3b3587ac8c7880988152fb99401823d6?pvs=21),🟢 Available,,0,1,,1,25,,,40
WH-PRS2-182,0.002,B Grade,,1600,WH-0507-001 20Thick (https://app.notion.com/p/WH-0507-001-20Thick-3b3587ac8c78801d8ecffac6b6e40b3d?pvs=21),20Thick Roughsawn (https://app.notion.com/p/20Thick-Roughsawn-3b3587ac8c7880988152fb99401823d6?pvs=21),🟢 Available,,0,1,,1,25,,,40
WH-PRS2-183,0.002,B Grade,,1750,WH-0507-001 20Thick (https://app.notion.com/p/WH-0507-001-20Thick-3b3587ac8c78801d8ecffac6b6e40b3d?pvs=21),20Thick Roughsawn (https://app.notion.com/p/20Thick-Roughsawn-3b3587ac8c7880988152fb99401823d6?pvs=21),🟢 Available,,0,1,,1,25,,,40
WH-PRS2-184,0.002,B Grade,,1650,WH-0507-001 20Thick (https://app.notion.com/p/WH-0507-001-20Thick-3b3587ac8c78801d8ecffac6b6e40b3d?pvs=21),20Thick Roughsawn (https://app.notion.com/p/20Thick-Roughsawn-3b3587ac8c7880988152fb99401823d6?pvs=21),🟢 Available,,0,1,,1,28,,,40
WH-PRS2-185,0.001,B Grade,,1100,WH-0507-001 20Thick (https://app.notion.com/p/WH-0507-001-20Thick-3b3587ac8c78801d8ecffac6b6e40b3d?pvs=21),20Thick Roughsawn (https://app.notion.com/p/20Thick-Roughsawn-3b3587ac8c7880988152fb99401823d6?pvs=21),🟢 Available,,0,1,,1,25,,,45
WH-PRS2-186,0.002,B Grade,,2000,WH-0507-001 20Thick (https://app.notion.com/p/WH-0507-001-20Thick-3b3587ac8c78801d8ecffac6b6e40b3d?pvs=21),20Thick Roughsawn (https://app.notion.com/p/20Thick-Roughsawn-3b3587ac8c7880988152fb99401823d6?pvs=21),🟢 Available,,0,1,,1,20,,,50
WH-PRS2-187,0.001,B Grade,,850,WH-0507-001 20Thick (https://app.notion.com/p/WH-0507-001-20Thick-3b3587ac8c78801d8ecffac6b6e40b3d?pvs=21),20Thick Roughsawn (https://app.notion.com/p/20Thick-Roughsawn-3b3587ac8c7880988152fb99401823d6?pvs=21),🟢 Available,,0,1,,1,21,,,50
WH-PRS2-188,0.002,B Grade,,1200,WH-0507-001 20Thick (https://app.notion.com/p/WH-0507-001-20Thick-3b3587ac8c78801d8ecffac6b6e40b3d?pvs=21),20Thick Roughsawn (https://app.notion.com/p/20Thick-Roughsawn-3b3587ac8c7880988152fb99401823d6?pvs=21),🟢 Available,,0,1,,1,24,,,80
WH-PRS3-004,0.001,B Grade,,610,WH-0507-001 30Thick (https://app.notion.com/p/WH-0507-001-30Thick-3b3587ac8c7880f19ab7d6efcd7db144?pvs=21),30Thick Roughsawn (https://app.notion.com/p/30Thick-Roughsawn-3b3587ac8c7880629c0bc2cbeea8ccd4?pvs=21),🟢 Available,🌲 Raw Material,0,2,,2,30,,PCS,30
,0.000,,,,,30Thick Roughsawn (https://app.notion.com/p/30Thick-Roughsawn-3b3587ac8c7880629c0bc2cbeea8ccd4?pvs=21),🔴 Out of Stock,,0,,,0,,,,
,0.000,,,,,30Thick Roughsawn (https://app.notion.com/p/30Thick-Roughsawn-3b3587ac8c7880629c0bc2cbeea8ccd4?pvs=21),🔴 Out of Stock,,0,,,0,,,,
,0.000,,,,,30Thick Roughsawn (https://app.notion.com/p/30Thick-Roughsawn-3b3587ac8c7880629c0bc2cbeea8ccd4?pvs=21),🔴 Out of Stock,,0,,,0,,,,
,0.000,,,,,30Thick Roughsawn (https://app.notion.com/p/30Thick-Roughsawn-3b3587ac8c7880629c0bc2cbeea8ccd4?pvs=21),🔴 Out of Stock,,0,,,0,,,,
,0.000,,,,,30Thick Roughsawn (https://app.notion.com/p/30Thick-Roughsawn-3b3587ac8c7880629c0bc2cbeea8ccd4?pvs=21),🔴 Out of Stock,,0,,,0,,,,
WH-PRS3-005,0.001,B Grade,,1500,WH-0507-001 30Thick (https://app.notion.com/p/WH-0507-001-30Thick-3b3587ac8c7880f19ab7d6efcd7db144?pvs=21),30Thick Roughsawn (https://app.notion.com/p/30Thick-Roughsawn-3b3587ac8c7880629c0bc2cbeea8ccd4?pvs=21),🟢 Available,🌲 Raw Material,0,1,,1,30,,PCS,30
WH-PRS3-006,0.002,B Grade,,2200,WH-0507-001 30Thick (https://app.notion.com/p/WH-0507-001-30Thick-3b3587ac8c7880f19ab7d6efcd7db144?pvs=21),30Thick Roughsawn (https://app.notion.com/p/30Thick-Roughsawn-3b3587ac8c7880629c0bc2cbeea8ccd4?pvs=21),🟢 Available,🌲 Raw Material,0,1,,1,30,,PCS,30
WH-PRS3-007,0.002,B Grade,,1350,WH-0507-001 30Thick (https://app.notion.com/p/WH-0507-001-30Thick-3b3587ac8c7880f19ab7d6efcd7db144?pvs=21),30Thick Roughsawn (https://app.notion.com/p/30Thick-Roughsawn-3b3587ac8c7880629c0bc2cbeea8ccd4?pvs=21),🟢 Available,🌲 Raw Material,0,1,,1,30,,PCS,50
WH-PRS3-008,0.002,B Grade,,1350,WH-0507-001 30Thick (https://app.notion.com/p/WH-0507-001-30Thick-3b3587ac8c7880f19ab7d6efcd7db144?pvs=21),30Thick Roughsawn (https://app.notion.com/p/30Thick-Roughsawn-3b3587ac8c7880629c0bc2cbeea8ccd4?pvs=21),🟢 Available,🌲 Raw Material,0,1,,1,30,,PCS,50
WH-PRS3-009,0.002,B Grade,,1200,WH-0507-001 30Thick (https://app.notion.com/p/WH-0507-001-30Thick-3b3587ac8c7880f19ab7d6efcd7db144?pvs=21),30Thick Roughsawn (https://app.notion.com/p/30Thick-Roughsawn-3b3587ac8c7880629c0bc2cbeea8ccd4?pvs=21),🟢 Available,🌲 Raw Material,0,1,,1,35,,PCS,50
WH-PRS3-010,0.009,B Grade,,2600,WH-0507-001 30Thick (https://app.notion.com/p/WH-0507-001-30Thick-3b3587ac8c7880f19ab7d6efcd7db144?pvs=21),30Thick Roughsawn (https://app.notion.com/p/30Thick-Roughsawn-3b3587ac8c7880629c0bc2cbeea8ccd4?pvs=21),🟢 Available,🌲 Raw Material,0,2,,2,30,,PCS,60
WH-PRS3-011,0.002,B Grade,,1150,WH-0507-001 30Thick (https://app.notion.com/p/WH-0507-001-30Thick-3b3587ac8c7880f19ab7d6efcd7db144?pvs=21),30Thick Roughsawn (https://app.notion.com/p/30Thick-Roughsawn-3b3587ac8c7880629c0bc2cbeea8ccd4?pvs=21),🟢 Available,🌲 Raw Material,0,1,,1,30,,PCS,70
WH-PRS3-012,0.002,B Grade,,1100,WH-0507-001 30Thick (https://app.notion.com/p/WH-0507-001-30Thick-3b3587ac8c7880f19ab7d6efcd7db144?pvs=21),30Thick Roughsawn (https://app.notion.com/p/30Thick-Roughsawn-3b3587ac8c7880629c0bc2cbeea8ccd4?pvs=21),🟢 Available,🌲 Raw Material,0,1,,1,30,,PCS,75
WH-PRS3-013,0.003,B Grade,,1100,WH-0507-001 30Thick (https://app.notion.com/p/WH-0507-001-30Thick-3b3587ac8c7880f19ab7d6efcd7db144?pvs=21),30Thick Roughsawn (https://app.notion.com/p/30Thick-Roughsawn-3b3587ac8c7880629c0bc2cbeea8ccd4?pvs=21),🟢 Available,🌲 Raw Material,0,1,,1,30,,PCS,80
WH-PRS3-014,0.003,B Grade,,1050,WH-0507-001 30Thick (https://app.notion.com/p/WH-0507-001-30Thick-3b3587ac8c7880f19ab7d6efcd7db144?pvs=21),30Thick Roughsawn (https://app.notion.com/p/30Thick-Roughsawn-3b3587ac8c7880629c0bc2cbeea8ccd4?pvs=21),🟢 Available,🌲 Raw Material,0,1,,1,30,,PCS,85
WH-PRS3-015,0.004,B Grade,,1150,WH-0507-001 30Thick (https://app.notion.com/p/WH-0507-001-30Thick-3b3587ac8c7880f19ab7d6efcd7db144?pvs=21),30Thick Roughsawn (https://app.notion.com/p/30Thick-Roughsawn-3b3587ac8c7880629c0bc2cbeea8ccd4?pvs=21),🟢 Available,🌲 Raw Material,0,1,,1,35,,PCS,100
WH-PRS3-016,0.011,B Grade,,3000,WH-0507-001 30Thick (https://app.notion.com/p/WH-0507-001-30Thick-3b3587ac8c7880f19ab7d6efcd7db144?pvs=21),30Thick Roughsawn (https://app.notion.com/p/30Thick-Roughsawn-3b3587ac8c7880629c0bc2cbeea8ccd4?pvs=21),🟢 Available,🌲 Raw Material,0,1,,1,30,,PCS,125
WH-PRS3-017,0.013,B Grade,,2600,WH-0507-001 30Thick (https://app.notion.com/p/WH-0507-001-30Thick-3b3587ac8c7880f19ab7d6efcd7db144?pvs=21),30Thick Roughsawn (https://app.notion.com/p/30Thick-Roughsawn-3b3587ac8c7880629c0bc2cbeea8ccd4?pvs=21),🟢 Available,🌲 Raw Material,0,1,,1,35,,PCS,145
WH-PRS3-018,0.009,B Grade,,1900,WH-0507-001 30Thick (https://app.notion.com/p/WH-0507-001-30Thick-3b3587ac8c7880f19ab7d6efcd7db144?pvs=21),30Thick Roughsawn (https://app.notion.com/p/30Thick-Roughsawn-3b3587ac8c7880629c0bc2cbeea8ccd4?pvs=21),🟢 Available,🌲 Raw Material,0,1,,1,30,,PCS,155
WH-PRS3-019,0.010,B Grade,,2200,WH-0507-001 30Thick (https://app.notion.com/p/WH-0507-001-30Thick-3b3587ac8c7880f19ab7d6efcd7db144?pvs=21),30Thick Roughsawn (https://app.notion.com/p/30Thick-Roughsawn-3b3587ac8c7880629c0bc2cbeea8ccd4?pvs=21),🟢 Available,🌲 Raw Material,0,1,,1,30,,PCS,155
WH-PRS3-020,0.011,B Grade,,2450,WH-0507-001 30Thick (https://app.notion.com/p/WH-0507-001-30Thick-3b3587ac8c7880f19ab7d6efcd7db144?pvs=21),30Thick Roughsawn (https://app.notion.com/p/30Thick-Roughsawn-3b3587ac8c7880629c0bc2cbeea8ccd4?pvs=21),🟢 Available,🌲 Raw Material,0,1,,1,30,,PCS,155
WH-PRS3-021,0.013,B Grade,,2850,WH-0507-001 30Thick (https://app.notion.com/p/WH-0507-001-30Thick-3b3587ac8c7880f19ab7d6efcd7db144?pvs=21),30Thick Roughsawn (https://app.notion.com/p/30Thick-Roughsawn-3b3587ac8c7880629c0bc2cbeea8ccd4?pvs=21),🟢 Available,🌲 Raw Material,0,1,,1,30,,PCS,155
WH-PRS3-022,0.014,B Grade,,2500,WH-0507-001 30Thick (https://app.notion.com/p/WH-0507-001-30Thick-3b3587ac8c7880f19ab7d6efcd7db144?pvs=21),30Thick Roughsawn (https://app.notion.com/p/30Thick-Roughsawn-3b3587ac8c7880629c0bc2cbeea8ccd4?pvs=21),🟢 Available,🌲 Raw Material,0,1,,1,35,,PCS,155
WH-PRS3-023,0.017,B Grade,,3300,WH-0507-001 30Thick (https://app.notion.com/p/WH-0507-001-30Thick-3b3587ac8c7880f19ab7d6efcd7db144?pvs=21),30Thick Roughsawn (https://app.notion.com/p/30Thick-Roughsawn-3b3587ac8c7880629c0bc2cbeea8ccd4?pvs=21),🟢 Available,🌲 Raw Material,0,1,,1,30,,PCS,170
WH-PRS3-024,0.004,B Grade,,3000,WH-0507-001 30Thick (https://app.notion.com/p/WH-0507-001-30Thick-3b3587ac8c7880f19ab7d6efcd7db144?pvs=21),30Thick Roughsawn (https://app.notion.com/p/30Thick-Roughsawn-3b3587ac8c7880629c0bc2cbeea8ccd4?pvs=21),🟢 Available,🌲 Raw Material,0,1,,1,35,,PCS,40
WH-PRS3-025,0.000,,,,WH-0507-001 30Thick (https://app.notion.com/p/WH-0507-001-30Thick-3b3587ac8c7880f19ab7d6efcd7db144?pvs=21),30Thick Roughsawn (https://app.notion.com/p/30Thick-Roughsawn-3b3587ac8c7880629c0bc2cbeea8ccd4?pvs=21),🔴 Out of Stock,🌲 Raw Material,0,,,0,,,,
🌲 Raw Material,0.000,,,,WH-0507-001 30Thick (https://app.notion.com/p/WH-0507-001-30Thick-3b3587ac8c7880f19ab7d6efcd7db144?pvs=21),30Thick Roughsawn (https://app.notion.com/p/30Thick-Roughsawn-3b3587ac8c7880629c0bc2cbeea8ccd4?pvs=21),🔴 Out of Stock,🌲 Raw Material,0,,,0,,,,
WH-PRS4-012,0.001,B Grade,,550,WH-0507-001 40Thick (https://app.notion.com/p/WH-0507-001-40Thick-3b3587ac8c78806eb7cec1c836e1eda6?pvs=21),40Thick Roughsawn (https://app.notion.com/p/40Thick-Roughsawn-3b3587ac8c7880c49ad5dceacf826725?pvs=21),🟢 Available,🌲 Raw Material,0,1,,1,40,,PCS,40
WH-PRS4-013,0.002,B Grade,,700,WH-0507-001 40Thick (https://app.notion.com/p/WH-0507-001-40Thick-3b3587ac8c78806eb7cec1c836e1eda6?pvs=21),40Thick Roughsawn (https://app.notion.com/p/40Thick-Roughsawn-3b3587ac8c7880c49ad5dceacf826725?pvs=21),🟢 Available,🌲 Raw Material,0,2,,2,40,,PCS,40
WH-PRS4-014,0.003,B Grade,,800,WH-0507-001 40Thick (https://app.notion.com/p/WH-0507-001-40Thick-3b3587ac8c78806eb7cec1c836e1eda6?pvs=21),40Thick Roughsawn (https://app.notion.com/p/40Thick-Roughsawn-3b3587ac8c7880c49ad5dceacf826725?pvs=21),🟢 Available,🌲 Raw Material,0,2,,2,40,,PCS,40
WH-PRS4-015,0.003,B Grade,,850,WH-0507-001 40Thick (https://app.notion.com/p/WH-0507-001-40Thick-3b3587ac8c78806eb7cec1c836e1eda6?pvs=21),40Thick Roughsawn (https://app.notion.com/p/40Thick-Roughsawn-3b3587ac8c7880c49ad5dceacf826725?pvs=21),🟢 Available,🌲 Raw Material,0,2,,2,40,,PCS,40
WH-PRS4-016,0.004,B Grade,,900,WH-0507-001 40Thick (https://app.notion.com/p/WH-0507-001-40Thick-3b3587ac8c78806eb7cec1c836e1eda6?pvs=21),40Thick Roughsawn (https://app.notion.com/p/40Thick-Roughsawn-3b3587ac8c7880c49ad5dceacf826725?pvs=21),🟢 Available,🌲 Raw Material,0,3,,3,40,,PCS,40
WH-PRS4-017,0.002,B Grade,,1000,WH-0507-001 40Thick (https://app.notion.com/p/WH-0507-001-40Thick-3b3587ac8c78806eb7cec1c836e1eda6?pvs=21),40Thick Roughsawn (https://app.notion.com/p/40Thick-Roughsawn-3b3587ac8c7880c49ad5dceacf826725?pvs=21),🟢 Available,🌲 Raw Material,0,1,,1,40,,PCS,40
WH-PRS4-018,0.002,B Grade,,1050,WH-0507-001 40Thick (https://app.notion.com/p/WH-0507-001-40Thick-3b3587ac8c78806eb7cec1c836e1eda6?pvs=21),40Thick Roughsawn (https://app.notion.com/p/40Thick-Roughsawn-3b3587ac8c7880c49ad5dceacf826725?pvs=21),🟢 Available,🌲 Raw Material,0,1,,1,40,,PCS,40
WH-PRS4-019,0.002,B Grade,,1100,WH-0507-001 40Thick (https://app.notion.com/p/WH-0507-001-40Thick-3b3587ac8c78806eb7cec1c836e1eda6?pvs=21),40Thick Roughsawn (https://app.notion.com/p/40Thick-Roughsawn-3b3587ac8c7880c49ad5dceacf826725?pvs=21),🟢 Available,🌲 Raw Material,0,1,,1,40,,PCS,40
WH-PRS4-020,0.002,B Grade,,1150,WH-0507-001 40Thick (https://app.notion.com/p/WH-0507-001-40Thick-3b3587ac8c78806eb7cec1c836e1eda6?pvs=21),40Thick Roughsawn (https://app.notion.com/p/40Thick-Roughsawn-3b3587ac8c7880c49ad5dceacf826725?pvs=21),🟢 Available,🌲 Raw Material,0,1,,1,40,,PCS,40
WH-PRS4-021,0.013,B Grade,,1200,WH-0507-001 40Thick (https://app.notion.com/p/WH-0507-001-40Thick-3b3587ac8c78806eb7cec1c836e1eda6?pvs=21),40Thick Roughsawn (https://app.notion.com/p/40Thick-Roughsawn-3b3587ac8c7880c49ad5dceacf826725?pvs=21),🟢 Available,🌲 Raw Material,0,7,,7,40,,PCS,40
WH-PRS4-022,0.004,B Grade,,1250,WH-0507-001 40Thick (https://app.notion.com/p/WH-0507-001-40Thick-3b3587ac8c78806eb7cec1c836e1eda6?pvs=21),40Thick Roughsawn (https://app.notion.com/p/40Thick-Roughsawn-3b3587ac8c7880c49ad5dceacf826725?pvs=21),🟢 Available,🌲 Raw Material,0,2,,2,40,,PCS,40
WH-PRS4-023,0.002,B Grade,,1300,WH-0507-001 40Thick (https://app.notion.com/p/WH-0507-001-40Thick-3b3587ac8c78806eb7cec1c836e1eda6?pvs=21),40Thick Roughsawn (https://app.notion.com/p/40Thick-Roughsawn-3b3587ac8c7880c49ad5dceacf826725?pvs=21),🟢 Available,🌲 Raw Material,0,1,,1,40,,PCS,40
WH-PRS4-024,0.003,B Grade,,1900,WH-0507-001 40Thick (https://app.notion.com/p/WH-0507-001-40Thick-3b3587ac8c78806eb7cec1c836e1eda6?pvs=21),40Thick Roughsawn (https://app.notion.com/p/40Thick-Roughsawn-3b3587ac8c7880c49ad5dceacf826725?pvs=21),🟢 Available,🌲 Raw Material,0,1,,1,40,,PCS,40
WH-PRS4-025,0.003,B Grade,,1450,WH-0507-001 40Thick (https://app.notion.com/p/WH-0507-001-40Thick-3b3587ac8c78806eb7cec1c836e1eda6?pvs=21),40Thick Roughsawn (https://app.notion.com/p/40Thick-Roughsawn-3b3587ac8c7880c49ad5dceacf826725?pvs=21),🟢 Available,🌲 Raw Material,0,1,,1,45,,PCS,40
WH-PRS4-026,0.003,B Grade,,1700,WH-0507-001 40Thick (https://app.notion.com/p/WH-0507-001-40Thick-3b3587ac8c78806eb7cec1c836e1eda6?pvs=21),40Thick Roughsawn (https://app.notion.com/p/40Thick-Roughsawn-3b3587ac8c7880c49ad5dceacf826725?pvs=21),🟢 Available,🌲 Raw Material,0,1,,1,50,,PCS,40
WH-PRS4-027,0.002,B Grade,,950,WH-0507-001 40Thick (https://app.notion.com/p/WH-0507-001-40Thick-3b3587ac8c78806eb7cec1c836e1eda6?pvs=21),40Thick Roughsawn (https://app.notion.com/p/40Thick-Roughsawn-3b3587ac8c7880c49ad5dceacf826725?pvs=21),🟢 Available,🌲 Raw Material,0,1,,1,40,,PCS,45
WH-PRS4-028,0.001,B Grade,,650,WH-0507-001 40Thick (https://app.notion.com/p/WH-0507-001-40Thick-3b3587ac8c78806eb7cec1c836e1eda6?pvs=21),40Thick Roughsawn (https://app.notion.com/p/40Thick-Roughsawn-3b3587ac8c7880c49ad5dceacf826725?pvs=21),🟢 Available,🌲 Raw Material,0,1,,1,45,,PCS,45
WH-PRS4-029,0.001,B Grade,,700,WH-0507-001 40Thick (https://app.notion.com/p/WH-0507-001-40Thick-3b3587ac8c78806eb7cec1c836e1eda6?pvs=21),40Thick Roughsawn (https://app.notion.com/p/40Thick-Roughsawn-3b3587ac8c7880c49ad5dceacf826725?pvs=21),🟢 Available,🌲 Raw Material,0,1,,1,45,,PCS,45
WH-PRS4-031,0.002,B Grade,,1050,WH-0507-001 40Thick (https://app.notion.com/p/WH-0507-001-40Thick-3b3587ac8c78806eb7cec1c836e1eda6?pvs=21),40Thick Roughsawn (https://app.notion.com/p/40Thick-Roughsawn-3b3587ac8c7880c49ad5dceacf826725?pvs=21),🟢 Available,🌲 Raw Material,0,1,,1,45,,PCS,45
WH-PRS4-032,0.004,B Grade,,1950,WH-0507-001 40Thick (https://app.notion.com/p/WH-0507-001-40Thick-3b3587ac8c78806eb7cec1c836e1eda6?pvs=21),40Thick Roughsawn (https://app.notion.com/p/40Thick-Roughsawn-3b3587ac8c7880c49ad5dceacf826725?pvs=21),🟢 Available,🌲 Raw Material,0,1,,1,45,,PCS,50
WH-PRS4-033,0.003,B Grade,,1300,WH-0507-001 40Thick (https://app.notion.com/p/WH-0507-001-40Thick-3b3587ac8c78806eb7cec1c836e1eda6?pvs=21),40Thick Roughsawn (https://app.notion.com/p/40Thick-Roughsawn-3b3587ac8c7880c49ad5dceacf826725?pvs=21),🟢 Available,🌲 Raw Material,0,1,,1,42,,PCS,60
WH-PRS4-034,0.003,B Grade,,1000,WH-0507-001 40Thick (https://app.notion.com/p/WH-0507-001-40Thick-3b3587ac8c78806eb7cec1c836e1eda6?pvs=21),40Thick Roughsawn (https://app.notion.com/p/40Thick-Roughsawn-3b3587ac8c7880c49ad5dceacf826725?pvs=21),🟢 Available,🌲 Raw Material,0,1,,1,40,,PCS,65
WH-PRS4-035,0.004,B Grade,,1650,WH-0507-001 40Thick (https://app.notion.com/p/WH-0507-001-40Thick-3b3587ac8c78806eb7cec1c836e1eda6?pvs=21),40Thick Roughsawn (https://app.notion.com/p/40Thick-Roughsawn-3b3587ac8c7880c49ad5dceacf826725?pvs=21),🟢 Available,🌲 Raw Material,0,1,,1,40,,PCS,65
WH-PRS4-036,0.008,B Grade,,3000,WH-0507-001 40Thick (https://app.notion.com/p/WH-0507-001-40Thick-3b3587ac8c78806eb7cec1c836e1eda6?pvs=21),40Thick Roughsawn (https://app.notion.com/p/40Thick-Roughsawn-3b3587ac8c7880c49ad5dceacf826725?pvs=21),🟢 Available,🌲 Raw Material,0,1,,1,40,,PCS,70
WH-PRS4-037,0.009,B Grade,,2900,WH-0507-001 40Thick (https://app.notion.com/p/WH-0507-001-40Thick-3b3587ac8c78806eb7cec1c836e1eda6?pvs=21),40Thick Roughsawn (https://app.notion.com/p/40Thick-Roughsawn-3b3587ac8c7880c49ad5dceacf826725?pvs=21),🟢 Available,🌲 Raw Material,0,1,,1,45,,PCS,70
WH-PRS4-038,0.011,B Grade,,2900,,40Thick Roughsawn (https://app.notion.com/p/40Thick-Roughsawn-3b3587ac8c7880c49ad5dceacf826725?pvs=21),🟢 Available,🌲 Raw Material,0,1,,1,55,,PCS,70
WH-PRS4-039,0.006,B Grade,,2100,WH-0507-001 40Thick (https://app.notion.com/p/WH-0507-001-40Thick-3b3587ac8c78806eb7cec1c836e1eda6?pvs=21),40Thick Roughsawn (https://app.notion.com/p/40Thick-Roughsawn-3b3587ac8c7880c49ad5dceacf826725?pvs=21),🟢 Available,🌲 Raw Material,0,1,,1,40,,PCS,75
WH-PRS4-040,0.005,B Grade,,1700,WH-0507-001 40Thick (https://app.notion.com/p/WH-0507-001-40Thick-3b3587ac8c78806eb7cec1c836e1eda6?pvs=21),40Thick Roughsawn (https://app.notion.com/p/40Thick-Roughsawn-3b3587ac8c7880c49ad5dceacf826725?pvs=21),🟢 Available,🌲 Raw Material,0,1,,1,42,,PCS,75
WH-PRS4-041,0.004,B Grade,,1050,WH-0507-001 40Thick (https://app.notion.com/p/WH-0507-001-40Thick-3b3587ac8c78806eb7cec1c836e1eda6?pvs=21),40Thick Roughsawn (https://app.notion.com/p/40Thick-Roughsawn-3b3587ac8c7880c49ad5dceacf826725?pvs=21),🟢 Available,🌲 Raw Material,0,1,,1,45,,PCS,75
WH-PRS4-042,0.009,B Grade,,2600,WH-0507-001 40Thick (https://app.notion.com/p/WH-0507-001-40Thick-3b3587ac8c78806eb7cec1c836e1eda6?pvs=21),40Thick Roughsawn (https://app.notion.com/p/40Thick-Roughsawn-3b3587ac8c7880c49ad5dceacf826725?pvs=21),🟢 Available,🌲 Raw Material,0,1,,1,45,,PCS,75
WH-PRS4-043,0.002,B Grade,,750,WH-0507-001 40Thick (https://app.notion.com/p/WH-0507-001-40Thick-3b3587ac8c78806eb7cec1c836e1eda6?pvs=21),40Thick Roughsawn (https://app.notion.com/p/40Thick-Roughsawn-3b3587ac8c7880c49ad5dceacf826725?pvs=21),🟢 Available,🌲 Raw Material,0,1,,1,40,,PCS,80
WH-PRS4-044,0.003,B Grade,,800,WH-0507-001 40Thick (https://app.notion.com/p/WH-0507-001-40Thick-3b3587ac8c78806eb7cec1c836e1eda6?pvs=21),40Thick Roughsawn (https://app.notion.com/p/40Thick-Roughsawn-3b3587ac8c7880c49ad5dceacf826725?pvs=21),🟢 Available,🌲 Raw Material,0,1,,1,40,,PCS,80
WH-PRS4-045,0.005,B Grade,,1600,WH-0507-001 40Thick (https://app.notion.com/p/WH-0507-001-40Thick-3b3587ac8c78806eb7cec1c836e1eda6?pvs=21),40Thick Roughsawn (https://app.notion.com/p/40Thick-Roughsawn-3b3587ac8c7880c49ad5dceacf826725?pvs=21),🟢 Available,🌲 Raw Material,0,1,,1,40,,PCS,80
WH-PRS4-046,0.008,B Grade,,2600,WH-0507-001 40Thick (https://app.notion.com/p/WH-0507-001-40Thick-3b3587ac8c78806eb7cec1c836e1eda6?pvs=21),40Thick Roughsawn (https://app.notion.com/p/40Thick-Roughsawn-3b3587ac8c7880c49ad5dceacf826725?pvs=21),🟢 Available,🌲 Raw Material,0,1,,1,40,,PCS,80
WH-PRS4-047,0.009,B Grade,,2900,WH-0507-001 40Thick (https://app.notion.com/p/WH-0507-001-40Thick-3b3587ac8c78806eb7cec1c836e1eda6?pvs=21),40Thick Roughsawn (https://app.notion.com/p/40Thick-Roughsawn-3b3587ac8c7880c49ad5dceacf826725?pvs=21),🟢 Available,🌲 Raw Material,0,1,,1,40,,PCS,80
WH-PRS4-049,0.010,B Grade,,3050,WH-0507-001 40Thick (https://app.notion.com/p/WH-0507-001-40Thick-3b3587ac8c78806eb7cec1c836e1eda6?pvs=21),40Thick Roughsawn (https://app.notion.com/p/40Thick-Roughsawn-3b3587ac8c7880c49ad5dceacf826725?pvs=21),🟢 Available,🌲 Raw Material,0,1,,1,40,,PCS,80
WH-PRS4-048,0.009,B Grade,,2950,WH-0507-001 40Thick (https://app.notion.com/p/WH-0507-001-40Thick-3b3587ac8c78806eb7cec1c836e1eda6?pvs=21),40Thick Roughsawn (https://app.notion.com/p/40Thick-Roughsawn-3b3587ac8c7880c49ad5dceacf826725?pvs=21),🟢 Available,🌲 Raw Material,0,1,,1,40,,PCS,80
WH-PRS4-050,0.004,B Grade,,1200,WH-0507-001 40Thick (https://app.notion.com/p/WH-0507-001-40Thick-3b3587ac8c78806eb7cec1c836e1eda6?pvs=21),40Thick Roughsawn (https://app.notion.com/p/40Thick-Roughsawn-3b3587ac8c7880c49ad5dceacf826725?pvs=21),🟢 Available,🌲 Raw Material,0,1,,1,40,,PCS,85
WH-PRS4-051,0.005,B Grade,,1600,WH-0507-001 40Thick (https://app.notion.com/p/WH-0507-001-40Thick-3b3587ac8c78806eb7cec1c836e1eda6?pvs=21),40Thick Roughsawn (https://app.notion.com/p/40Thick-Roughsawn-3b3587ac8c7880c49ad5dceacf826725?pvs=21),🟢 Available,🌲 Raw Material,0,1,,1,40,,PCS,85
WH-PRS4-052,0.007,B Grade,,2000,WH-0507-001 40Thick (https://app.notion.com/p/WH-0507-001-40Thick-3b3587ac8c78806eb7cec1c836e1eda6?pvs=21),40Thick Roughsawn (https://app.notion.com/p/40Thick-Roughsawn-3b3587ac8c7880c49ad5dceacf826725?pvs=21),🟢 Available,🌲 Raw Material,0,1,,1,40,,PCS,85
WH-PRS4-053,0.010,B Grade,,3000,WH-0507-001 40Thick (https://app.notion.com/p/WH-0507-001-40Thick-3b3587ac8c78806eb7cec1c836e1eda6?pvs=21),40Thick Roughsawn (https://app.notion.com/p/40Thick-Roughsawn-3b3587ac8c7880c49ad5dceacf826725?pvs=21),🟢 Available,🌲 Raw Material,0,1,,1,40,,PCS,85
WH-PRS4-054,0.010,B Grade,,2550,WH-0507-001 40Thick (https://app.notion.com/p/WH-0507-001-40Thick-3b3587ac8c78806eb7cec1c836e1eda6?pvs=21),40Thick Roughsawn (https://app.notion.com/p/40Thick-Roughsawn-3b3587ac8c7880c49ad5dceacf826725?pvs=21),🟢 Available,🌲 Raw Material,0,1,,1,45,,PCS,85
WH-PRS4-055,0.003,B Grade,,750,WH-0507-001 40Thick (https://app.notion.com/p/WH-0507-001-40Thick-3b3587ac8c78806eb7cec1c836e1eda6?pvs=21),40Thick Roughsawn (https://app.notion.com/p/40Thick-Roughsawn-3b3587ac8c7880c49ad5dceacf826725?pvs=21),🟢 Available,🌲 Raw Material,0,1,,1,40,,PCS,100
WH-PRS4-056,0.006,B Grade,,1450,WH-0507-001 40Thick (https://app.notion.com/p/WH-0507-001-40Thick-3b3587ac8c78806eb7cec1c836e1eda6?pvs=21),40Thick Roughsawn (https://app.notion.com/p/40Thick-Roughsawn-3b3587ac8c7880c49ad5dceacf826725?pvs=21),🟢 Available,🌲 Raw Material,0,1,,1,40,,PCS,100
WH-PRS4-057,0.007,B Grade,,1650,WH-0507-001 40Thick (https://app.notion.com/p/WH-0507-001-40Thick-3b3587ac8c78806eb7cec1c836e1eda6?pvs=21),40Thick Roughsawn (https://app.notion.com/p/40Thick-Roughsawn-3b3587ac8c7880c49ad5dceacf826725?pvs=21),🟢 Available,🌲 Raw Material,0,1,,1,40,,PCS,110
WH-PRS4-058,0.011,B Grade,,2050,WH-0507-001 40Thick (https://app.notion.com/p/WH-0507-001-40Thick-3b3587ac8c78806eb7cec1c836e1eda6?pvs=21),40Thick Roughsawn (https://app.notion.com/p/40Thick-Roughsawn-3b3587ac8c7880c49ad5dceacf826725?pvs=21),🟢 Available,🌲 Raw Material,0,1,,1,45,,PCS,120
WH-PRS4-059,0.014,B Grade,,2650,WH-0507-001 40Thick (https://app.notion.com/p/WH-0507-001-40Thick-3b3587ac8c78806eb7cec1c836e1eda6?pvs=21),40Thick Roughsawn (https://app.notion.com/p/40Thick-Roughsawn-3b3587ac8c7880c49ad5dceacf826725?pvs=21),🟢 Available,🌲 Raw Material,0,1,,1,45,,PCS,120
WH-PRS4-060,0.016,B Grade,,2950,WH-0507-001 40Thick (https://app.notion.com/p/WH-0507-001-40Thick-3b3587ac8c78806eb7cec1c836e1eda6?pvs=21),40Thick Roughsawn (https://app.notion.com/p/40Thick-Roughsawn-3b3587ac8c7880c49ad5dceacf826725?pvs=21),🟢 Available,🌲 Raw Material,0,1,,1,45,,PCS,120
WH-PRS4-061,0.016,B Grade,,3050,WH-0507-001 40Thick (https://app.notion.com/p/WH-0507-001-40Thick-3b3587ac8c78806eb7cec1c836e1eda6?pvs=21),40Thick Roughsawn (https://app.notion.com/p/40Thick-Roughsawn-3b3587ac8c7880c49ad5dceacf826725?pvs=21),🟢 Available,🌲 Raw Material,0,1,,1,45,,PCS,120
WH-PRS4-062,0.005,B Grade,,800,WH-0507-001 40Thick (https://app.notion.com/p/WH-0507-001-40Thick-3b3587ac8c78806eb7cec1c836e1eda6?pvs=21),40Thick Roughsawn (https://app.notion.com/p/40Thick-Roughsawn-3b3587ac8c7880c49ad5dceacf826725?pvs=21),🟢 Available,🌲 Raw Material,0,1,,1,50,,PCS,120
WH-PRS4-063,0.005,B Grade,,900,WH-0507-001 40Thick (https://app.notion.com/p/WH-0507-001-40Thick-3b3587ac8c78806eb7cec1c836e1eda6?pvs=21),40Thick Roughsawn (https://app.notion.com/p/40Thick-Roughsawn-3b3587ac8c7880c49ad5dceacf826725?pvs=21),🟢 Available,🌲 Raw Material,0,1,,1,50,,PCS,120
WH-PRS4-064,0.008,B Grade,,1600,WH-0507-001 40Thick (https://app.notion.com/p/WH-0507-001-40Thick-3b3587ac8c78806eb7cec1c836e1eda6?pvs=21),40Thick Roughsawn (https://app.notion.com/p/40Thick-Roughsawn-3b3587ac8c7880c49ad5dceacf826725?pvs=21),🟢 Available,🌲 Raw Material,0,1,,1,40,,PCS,125
WH-PRS4-065,0.014,B Grade,,2300,WH-0507-001 40Thick (https://app.notion.com/p/WH-0507-001-40Thick-3b3587ac8c78806eb7cec1c836e1eda6?pvs=21),40Thick Roughsawn (https://app.notion.com/p/40Thick-Roughsawn-3b3587ac8c7880c49ad5dceacf826725?pvs=21),🟢 Available,🌲 Raw Material,0,1,,1,50,,PCS,125
WH-PRS4-066,0.011,B Grade,,1750,WH-0507-001 40Thick (https://app.notion.com/p/WH-0507-001-40Thick-3b3587ac8c78806eb7cec1c836e1eda6?pvs=21),40Thick Roughsawn (https://app.notion.com/p/40Thick-Roughsawn-3b3587ac8c7880c49ad5dceacf826725?pvs=21),🟢 Available,🌲 Raw Material,0,1,,1,50,,PCS,130
WH-PRS4-067,0.015,B Grade,,2450,WH-0507-001 40Thick (https://app.notion.com/p/WH-0507-001-40Thick-3b3587ac8c78806eb7cec1c836e1eda6?pvs=21),40Thick Roughsawn (https://app.notion.com/p/40Thick-Roughsawn-3b3587ac8c7880c49ad5dceacf826725?pvs=21),🟢 Available,🌲 Raw Material,0,1,,1,40,,PCS,150
WH-PRS4-068,0.007,B Grade,,2600,WH-0507-001 40Thick (https://app.notion.com/p/WH-0507-001-40Thick-3b3587ac8c78806eb7cec1c836e1eda6?pvs=21),40Thick Roughsawn (https://app.notion.com/p/40Thick-Roughsawn-3b3587ac8c7880c49ad5dceacf826725?pvs=21),🟢 Available,🌲 Raw Material,0,1,,1,40,,PCS,65
WH-PL65-001,0.002,AAA,,1450,,65 Width AAA Moulded (https://app.notion.com/p/65-Width-AAA-Moulded-3b9587ac8c78801f86bfd056ef06a2da?pvs=21),🟢 Available,,0,1,Rack A4 (https://app.notion.com/p/Rack-A4-3ba587ac8c7880caa166d107641b3a03?pvs=21),1,21,,PCS,65
WH-PL70-0826-001,0.002,AAA,,1600,BT-1208-003 70WAMD (https://app.notion.com/p/BT-1208-003-70WAMD-3ba587ac8c78800a8048f4392b43e2e4?pvs=21),70 Width AAA Moulded (https://app.notion.com/p/70-Width-AAA-Moulded-3b9587ac8c7880ff9439f39d360935b1?pvs=21),🟢 Available,🪵 Semi Finished,0,1,Rack A4 (https://app.notion.com/p/Rack-A4-3ba587ac8c7880caa166d107641b3a03?pvs=21),1,21,,,70
WH-PL70-0826-002,0.003,AAA,,2000,BT-1208-003 70WAMD (https://app.notion.com/p/BT-1208-003-70WAMD-3ba587ac8c78800a8048f4392b43e2e4?pvs=21),70 Width AAA Moulded (https://app.notion.com/p/70-Width-AAA-Moulded-3b9587ac8c7880ff9439f39d360935b1?pvs=21),🟢 Available,🪵 Semi Finished,0,1,Rack A4 (https://app.notion.com/p/Rack-A4-3ba587ac8c7880caa166d107641b3a03?pvs=21),1,21,,,70
WH-PL70-0826-002,0.003,AAA,,2050,BT-1208-003 70WAMD (https://app.notion.com/p/BT-1208-003-70WAMD-3ba587ac8c78800a8048f4392b43e2e4?pvs=21),70 Width AAA Moulded (https://app.notion.com/p/70-Width-AAA-Moulded-3b9587ac8c7880ff9439f39d360935b1?pvs=21),🟢 Available,🪵 Semi Finished,0,1,Rack A4 (https://app.notion.com/p/Rack-A4-3ba587ac8c7880caa166d107641b3a03?pvs=21),1,21,,,70
WH-PL75-0826-001,0.003,AAA,,1600,,75 Iidth AAA Moulded (https://app.notion.com/p/75-Iidth-AAA-Moulded-3b9587ac8c788087bf6ff710671bebc0?pvs=21),🟢 Available,,0,1,Rack A4 (https://app.notion.com/p/Rack-A4-3ba587ac8c7880caa166d107641b3a03?pvs=21),1,23,,,75
WH-PL75-0826-002,0.002,AAA,,1100,,75 Iidth AAA Moulded (https://app.notion.com/p/75-Iidth-AAA-Moulded-3b9587ac8c788087bf6ff710671bebc0?pvs=21),🟢 Available,,0,1,Rack A4 (https://app.notion.com/p/Rack-A4-3ba587ac8c7880caa166d107641b3a03?pvs=21),1,24,,,75
WH-PL75-0826-003,0.002,AAA,,1150,,75 Iidth AAA Moulded (https://app.notion.com/p/75-Iidth-AAA-Moulded-3b9587ac8c788087bf6ff710671bebc0?pvs=21),🟢 Available,,0,1,Rack A4 (https://app.notion.com/p/Rack-A4-3ba587ac8c7880caa166d107641b3a03?pvs=21),1,24,,,75
WH-PL75-0826-004,0.002,AAA,,1250,,75 Iidth AAA Moulded (https://app.notion.com/p/75-Iidth-AAA-Moulded-3b9587ac8c788087bf6ff710671bebc0?pvs=21),🟢 Available,,0,1,Rack A4 (https://app.notion.com/p/Rack-A4-3ba587ac8c7880caa166d107641b3a03?pvs=21),1,24,,,75
WH-PL75-0826-005,0.003,AAA,,1500,,75 Iidth AAA Moulded (https://app.notion.com/p/75-Iidth-AAA-Moulded-3b9587ac8c788087bf6ff710671bebc0?pvs=21),🟢 Available,,0,1,Rack A4 (https://app.notion.com/p/Rack-A4-3ba587ac8c7880caa166d107641b3a03?pvs=21),1,24,,,75
WH-PL75-0826-006,0.005,AAA,,2550,,75 Iidth AAA Moulded (https://app.notion.com/p/75-Iidth-AAA-Moulded-3b9587ac8c788087bf6ff710671bebc0?pvs=21),🟢 Available,,0,1,Rack A4 (https://app.notion.com/p/Rack-A4-3ba587ac8c7880caa166d107641b3a03?pvs=21),1,25,,,75
WH-PLM80-1108-001,0.002,AAA,,1250,BT-1208-003 80WAMD (https://app.notion.com/p/BT-1208-003-80WAMD-3ba587ac8c788077a7dcc481e4a23e73?pvs=21),80 Width AAA Moulded (https://app.notion.com/p/80-Width-AAA-Moulded-3b9587ac8c7880a7952dde14c01fa9f6?pvs=21),🟢 Available,🪑 Finished Goods,0,1,Rack A4 (https://app.notion.com/p/Rack-A4-3ba587ac8c7880caa166d107641b3a03?pvs=21),1,21,,,80
WH-PLM80-1108-002,0.003,AAA,,1500,BT-1208-003 80WAMD (https://app.notion.com/p/BT-1208-003-80WAMD-3ba587ac8c788077a7dcc481e4a23e73?pvs=21),80 Width AAA Moulded (https://app.notion.com/p/80-Width-AAA-Moulded-3b9587ac8c7880a7952dde14c01fa9f6?pvs=21),🟢 Available,🪑 Finished Goods,0,1,Rack A4 (https://app.notion.com/p/Rack-A4-3ba587ac8c7880caa166d107641b3a03?pvs=21),1,21,,,80
WH-PLM80-1108-003,0.004,AAA,,2600,BT-1208-003 80WAMD (https://app.notion.com/p/BT-1208-003-80WAMD-3ba587ac8c788077a7dcc481e4a23e73?pvs=21),80 Width AAA Moulded (https://app.notion.com/p/80-Width-AAA-Moulded-3b9587ac8c7880a7952dde14c01fa9f6?pvs=21),🟢 Available,🪑 Finished Goods,0,1,Rack A4 (https://app.notion.com/p/Rack-A4-3ba587ac8c7880caa166d107641b3a03?pvs=21),1,21,,,80
WH-PLM80-1108-004,0.005,AAA,,3100,BT-1208-003 80WAMD (https://app.notion.com/p/BT-1208-003-80WAMD-3ba587ac8c788077a7dcc481e4a23e73?pvs=21),80 Width AAA Moulded (https://app.notion.com/p/80-Width-AAA-Moulded-3b9587ac8c7880a7952dde14c01fa9f6?pvs=21),🟢 Available,🪑 Finished Goods,0,1,Rack A4 (https://app.notion.com/p/Rack-A4-3ba587ac8c7880caa166d107641b3a03?pvs=21),1,21,,,80
WH-PLM80-1108-005,0.002,AAA,,1400,BT-1208-003 80WAMD (https://app.notion.com/p/BT-1208-003-80WAMD-3ba587ac8c788077a7dcc481e4a23e73?pvs=21),80 Width AAA Moulded (https://app.notion.com/p/80-Width-AAA-Moulded-3b9587ac8c7880a7952dde14c01fa9f6?pvs=21),🟢 Available,🪑 Finished Goods,0,1,Rack A4 (https://app.notion.com/p/Rack-A4-3ba587ac8c7880caa166d107641b3a03?pvs=21),1,22,,,80
WH-PLM80-1108-006,0.003,AAA,,1500,BT-1208-003 80WAMD (https://app.notion.com/p/BT-1208-003-80WAMD-3ba587ac8c788077a7dcc481e4a23e73?pvs=21),80 Width AAA Moulded (https://app.notion.com/p/80-Width-AAA-Moulded-3b9587ac8c7880a7952dde14c01fa9f6?pvs=21),🟢 Available,🪑 Finished Goods,0,1,Rack A4 (https://app.notion.com/p/Rack-A4-3ba587ac8c7880caa166d107641b3a03?pvs=21),1,22,,,80
WH-PLM80-1108-007,0.004,AAA,,2100,BT-1208-003 80WAMD (https://app.notion.com/p/BT-1208-003-80WAMD-3ba587ac8c788077a7dcc481e4a23e73?pvs=21),80 Width AAA Moulded (https://app.notion.com/p/80-Width-AAA-Moulded-3b9587ac8c7880a7952dde14c01fa9f6?pvs=21),🟢 Available,🪑 Finished Goods,0,1,Rack A4 (https://app.notion.com/p/Rack-A4-3ba587ac8c7880caa166d107641b3a03?pvs=21),1,22,,,80
WH-PLM80-1108-008,0.002,AAA,,1100,BT-1208-003 80WAMD (https://app.notion.com/p/BT-1208-003-80WAMD-3ba587ac8c788077a7dcc481e4a23e73?pvs=21),80 Width AAA Moulded (https://app.notion.com/p/80-Width-AAA-Moulded-3b9587ac8c7880a7952dde14c01fa9f6?pvs=21),🟢 Available,🪑 Finished Goods,0,1,Rack A4 (https://app.notion.com/p/Rack-A4-3ba587ac8c7880caa166d107641b3a03?pvs=21),1,23,,,80
WH-PLM80-1108-009,0.003,AAA,,1700,BT-1208-003 80WAMD (https://app.notion.com/p/BT-1208-003-80WAMD-3ba587ac8c788077a7dcc481e4a23e73?pvs=21),80 Width AAA Moulded (https://app.notion.com/p/80-Width-AAA-Moulded-3b9587ac8c7880a7952dde14c01fa9f6?pvs=21),🟢 Available,🪑 Finished Goods,0,1,Rack A4 (https://app.notion.com/p/Rack-A4-3ba587ac8c7880caa166d107641b3a03?pvs=21),1,23,,,80
WH-PLM80-1108-010,0.004,AAA,,2000,BT-1208-003 80WAMD (https://app.notion.com/p/BT-1208-003-80WAMD-3ba587ac8c788077a7dcc481e4a23e73?pvs=21),80 Width AAA Moulded (https://app.notion.com/p/80-Width-AAA-Moulded-3b9587ac8c7880a7952dde14c01fa9f6?pvs=21),🟢 Available,🪑 Finished Goods,0,1,Rack A4 (https://app.notion.com/p/Rack-A4-3ba587ac8c7880caa166d107641b3a03?pvs=21),1,23,,,80
WH-PLM80-1108-011,0.005,AAA,,2750,BT-1208-003 80WAMD (https://app.notion.com/p/BT-1208-003-80WAMD-3ba587ac8c788077a7dcc481e4a23e73?pvs=21),80 Width AAA Moulded (https://app.notion.com/p/80-Width-AAA-Moulded-3b9587ac8c7880a7952dde14c01fa9f6?pvs=21),🟢 Available,🪑 Finished Goods,0,1,Rack A4 (https://app.notion.com/p/Rack-A4-3ba587ac8c7880caa166d107641b3a03?pvs=21),1,23,,,80
WH-PLM80-1108-012,0.003,AAA,,900,BT-1208-003 80WAMD (https://app.notion.com/p/BT-1208-003-80WAMD-3ba587ac8c788077a7dcc481e4a23e73?pvs=21),80 Width AAA Moulded (https://app.notion.com/p/80-Width-AAA-Moulded-3b9587ac8c7880a7952dde14c01fa9f6?pvs=21),🟢 Available,,0,2,Rack A4 (https://app.notion.com/p/Rack-A4-3ba587ac8c7880caa166d107641b3a03?pvs=21),2,24,,,80
WH-PLM80-1108-013,0.004,AAA,,950,BT-1208-003 80WAMD (https://app.notion.com/p/BT-1208-003-80WAMD-3ba587ac8c788077a7dcc481e4a23e73?pvs=21),80 Width AAA Moulded (https://app.notion.com/p/80-Width-AAA-Moulded-3b9587ac8c7880a7952dde14c01fa9f6?pvs=21),🟢 Available,,0,2,Rack A4 (https://app.notion.com/p/Rack-A4-3ba587ac8c7880caa166d107641b3a03?pvs=21),2,24,,,80
WH-PLM80-1108-014,0.004,AAA,,1000,BT-1208-003 80WAMD (https://app.notion.com/p/BT-1208-003-80WAMD-3ba587ac8c788077a7dcc481e4a23e73?pvs=21),80 Width AAA Moulded (https://app.notion.com/p/80-Width-AAA-Moulded-3b9587ac8c7880a7952dde14c01fa9f6?pvs=21),🟢 Available,,0,2,Rack A4 (https://app.notion.com/p/Rack-A4-3ba587ac8c7880caa166d107641b3a03?pvs=21),2,24,,,80
WH-PLM80-1108-015,0.002,AAA,,1050,BT-1208-003 80WAMD (https://app.notion.com/p/BT-1208-003-80WAMD-3ba587ac8c788077a7dcc481e4a23e73?pvs=21),80 Width AAA Moulded (https://app.notion.com/p/80-Width-AAA-Moulded-3b9587ac8c7880a7952dde14c01fa9f6?pvs=21),🟢 Available,,0,1,Rack A4 (https://app.notion.com/p/Rack-A4-3ba587ac8c7880caa166d107641b3a03?pvs=21),1,24,,,80
WH-PLM80-1108-016,0.002,AAA,,1100,BT-1208-003 80WAMD (https://app.notion.com/p/BT-1208-003-80WAMD-3ba587ac8c788077a7dcc481e4a23e73?pvs=21),80 Width AAA Moulded (https://app.notion.com/p/80-Width-AAA-Moulded-3b9587ac8c7880a7952dde14c01fa9f6?pvs=21),🟢 Available,,0,1,Rack A4 (https://app.notion.com/p/Rack-A4-3ba587ac8c7880caa166d107641b3a03?pvs=21),1,24,,,80
WH-PLM80-1108-017,0.004,AAA,,1150,BT-1208-003 80WAMD (https://app.notion.com/p/BT-1208-003-80WAMD-3ba587ac8c788077a7dcc481e4a23e73?pvs=21),80 Width AAA Moulded (https://app.notion.com/p/80-Width-AAA-Moulded-3b9587ac8c7880a7952dde14c01fa9f6?pvs=21),🟢 Available,,0,2,Rack A4 (https://app.notion.com/p/Rack-A4-3ba587ac8c7880caa166d107641b3a03?pvs=21),2,24,,,80
WH-PLM80-1108-018,0.009,AAA,,1200,BT-1208-003 80WAMD (https://app.notion.com/p/BT-1208-003-80WAMD-3ba587ac8c788077a7dcc481e4a23e73?pvs=21),80 Width AAA Moulded (https://app.notion.com/p/80-Width-AAA-Moulded-3b9587ac8c7880a7952dde14c01fa9f6?pvs=21),🟢 Available,,0,4,Rack A4 (https://app.notion.com/p/Rack-A4-3ba587ac8c7880caa166d107641b3a03?pvs=21),4,24,,,80
WH-PLM80-1108-019,0.010,AAA,,1250,BT-1208-003 80WAMD (https://app.notion.com/p/BT-1208-003-80WAMD-3ba587ac8c788077a7dcc481e4a23e73?pvs=21),80 Width AAA Moulded (https://app.notion.com/p/80-Width-AAA-Moulded-3b9587ac8c7880a7952dde14c01fa9f6?pvs=21),🟢 Available,,0,4,Rack A4 (https://app.notion.com/p/Rack-A4-3ba587ac8c7880caa166d107641b3a03?pvs=21),4,24,,,80
WH-PLM80-1108-020,0.003,AAA,,1400,BT-1208-003 80WAMD (https://app.notion.com/p/BT-1208-003-80WAMD-3ba587ac8c788077a7dcc481e4a23e73?pvs=21),80 Width AAA Moulded (https://app.notion.com/p/80-Width-AAA-Moulded-3b9587ac8c7880a7952dde14c01fa9f6?pvs=21),🟢 Available,,0,1,Rack A4 (https://app.notion.com/p/Rack-A4-3ba587ac8c7880caa166d107641b3a03?pvs=21),1,24,,,80
WH-PLM80-1108-021,0.003,AAA,,1450,BT-1208-003 80WAMD (https://app.notion.com/p/BT-1208-003-80WAMD-3ba587ac8c788077a7dcc481e4a23e73?pvs=21),80 Width AAA Moulded (https://app.notion.com/p/80-Width-AAA-Moulded-3b9587ac8c7880a7952dde14c01fa9f6?pvs=21),🟢 Available,,0,1,Rack A4 (https://app.notion.com/p/Rack-A4-3ba587ac8c7880caa166d107641b3a03?pvs=21),1,24,,,80
WH-PLM80-1108-022,0.006,AAA,,1500,BT-1208-003 80WAMD (https://app.notion.com/p/BT-1208-003-80WAMD-3ba587ac8c788077a7dcc481e4a23e73?pvs=21),80 Width AAA Moulded (https://app.notion.com/p/80-Width-AAA-Moulded-3b9587ac8c7880a7952dde14c01fa9f6?pvs=21),🟢 Available,,0,2,Rack A4 (https://app.notion.com/p/Rack-A4-3ba587ac8c7880caa166d107641b3a03?pvs=21),2,24,,,80
WH-PLM80-1108-023,0.006,AAA,,1550,BT-1208-003 80WAMD (https://app.notion.com/p/BT-1208-003-80WAMD-3ba587ac8c788077a7dcc481e4a23e73?pvs=21),80 Width AAA Moulded (https://app.notion.com/p/80-Width-AAA-Moulded-3b9587ac8c7880a7952dde14c01fa9f6?pvs=21),🟢 Available,,0,2,Rack A4 (https://app.notion.com/p/Rack-A4-3ba587ac8c7880caa166d107641b3a03?pvs=21),2,24,,,80
WH-PLM80-1108-024,0.006,AAA,,1600,BT-1208-003 80WAMD (https://app.notion.com/p/BT-1208-003-80WAMD-3ba587ac8c788077a7dcc481e4a23e73?pvs=21),80 Width AAA Moulded (https://app.notion.com/p/80-Width-AAA-Moulded-3b9587ac8c7880a7952dde14c01fa9f6?pvs=21),🟢 Available,,0,2,Rack A4 (https://app.notion.com/p/Rack-A4-3ba587ac8c7880caa166d107641b3a03?pvs=21),2,24,,,80
WH-PLM80-1108-025,0.003,AAA,,1650,BT-1208-003 80WAMD (https://app.notion.com/p/BT-1208-003-80WAMD-3ba587ac8c788077a7dcc481e4a23e73?pvs=21),80 Width AAA Moulded (https://app.notion.com/p/80-Width-AAA-Moulded-3b9587ac8c7880a7952dde14c01fa9f6?pvs=21),🟢 Available,,0,1,Rack A4 (https://app.notion.com/p/Rack-A4-3ba587ac8c7880caa166d107641b3a03?pvs=21),1,24,,,80
WH-PLM80-1108-026,0.005,AAA,,2400,BT-1208-003 80WAMD (https://app.notion.com/p/BT-1208-003-80WAMD-3ba587ac8c788077a7dcc481e4a23e73?pvs=21),80 Width AAA Moulded (https://app.notion.com/p/80-Width-AAA-Moulded-3b9587ac8c7880a7952dde14c01fa9f6?pvs=21),🟢 Available,,0,1,Rack A4 (https://app.notion.com/p/Rack-A4-3ba587ac8c7880caa166d107641b3a03?pvs=21),1,24,,,80
WH-PLM80-1108-027,0.005,AAA,,2750,BT-1208-003 80WAMD (https://app.notion.com/p/BT-1208-003-80WAMD-3ba587ac8c788077a7dcc481e4a23e73?pvs=21),80 Width AAA Moulded (https://app.notion.com/p/80-Width-AAA-Moulded-3b9587ac8c7880a7952dde14c01fa9f6?pvs=21),🟢 Available,,0,1,Rack A4 (https://app.notion.com/p/Rack-A4-3ba587ac8c7880caa166d107641b3a03?pvs=21),1,24,,,80
WH-PLM80-1108-028,0.005,AAA,,2850,BT-1208-003 80WAMD (https://app.notion.com/p/BT-1208-003-80WAMD-3ba587ac8c788077a7dcc481e4a23e73?pvs=21),80 Width AAA Moulded (https://app.notion.com/p/80-Width-AAA-Moulded-3b9587ac8c7880a7952dde14c01fa9f6?pvs=21),🟢 Available,,0,1,Rack A4 (https://app.notion.com/p/Rack-A4-3ba587ac8c7880caa166d107641b3a03?pvs=21),1,24,,,80
WH-PLM80-1108-029,0.007,AAA,,3500,BT-1208-003 80WAMD (https://app.notion.com/p/BT-1208-003-80WAMD-3ba587ac8c788077a7dcc481e4a23e73?pvs=21),80 Width AAA Moulded (https://app.notion.com/p/80-Width-AAA-Moulded-3b9587ac8c7880a7952dde14c01fa9f6?pvs=21),🟢 Available,,0,1,Rack A4 (https://app.notion.com/p/Rack-A4-3ba587ac8c7880caa166d107641b3a03?pvs=21),1,24,,,80
WH-PLM80-1108-030,0.002,AAA,,1000,BT-1208-003 80WAMD (https://app.notion.com/p/BT-1208-003-80WAMD-3ba587ac8c788077a7dcc481e4a23e73?pvs=21),80 Width AAA Moulded (https://app.notion.com/p/80-Width-AAA-Moulded-3b9587ac8c7880a7952dde14c01fa9f6?pvs=21),🟢 Available,,0,1,Rack A4 (https://app.notion.com/p/Rack-A4-3ba587ac8c7880caa166d107641b3a03?pvs=21),1,25,,,80
WH-PLM80-1108-031,0.005,AAA,,2450,BT-1208-003 80WAMD (https://app.notion.com/p/BT-1208-003-80WAMD-3ba587ac8c788077a7dcc481e4a23e73?pvs=21),80 Width AAA Moulded (https://app.notion.com/p/80-Width-AAA-Moulded-3b9587ac8c7880a7952dde14c01fa9f6?pvs=21),🟢 Available,,0,1,Rack A4 (https://app.notion.com/p/Rack-A4-3ba587ac8c7880caa166d107641b3a03?pvs=21),1,25,,,80
WH-PLM90-1108-01,0.004,AAA,,1950,,90 Width AAA Moulded (https://app.notion.com/p/90-Width-AAA-Moulded-3b9587ac8c7880ee8945d59f71c7a4b4?pvs=21),🟢 Available,🪑 Finished Goods,0,1,Rack A4 (https://app.notion.com/p/Rack-A4-3ba587ac8c7880caa166d107641b3a03?pvs=21),1,20,,PCS,90
WH-PLM90-1108-02,0.003,AAA,,1450,,90 Width AAA Moulded (https://app.notion.com/p/90-Width-AAA-Moulded-3b9587ac8c7880ee8945d59f71c7a4b4?pvs=21),🟢 Available,🪑 Finished Goods,0,1,Rack A4 (https://app.notion.com/p/Rack-A4-3ba587ac8c7880caa166d107641b3a03?pvs=21),1,21,,PCS,90
WH-PLM90-1108-03,0.003,AAA,,1700,,90 Width AAA Moulded (https://app.notion.com/p/90-Width-AAA-Moulded-3b9587ac8c7880ee8945d59f71c7a4b4?pvs=21),🟢 Available,🪑 Finished Goods,0,1,Rack A4 (https://app.notion.com/p/Rack-A4-3ba587ac8c7880caa166d107641b3a03?pvs=21),1,21,,PCS,90
WH-PLM90-1108-04,0.003,AAA,,1800,,90 Width AAA Moulded (https://app.notion.com/p/90-Width-AAA-Moulded-3b9587ac8c7880ee8945d59f71c7a4b4?pvs=21),🟢 Available,🪑 Finished Goods,0,1,Rack A4 (https://app.notion.com/p/Rack-A4-3ba587ac8c7880caa166d107641b3a03?pvs=21),1,21,,PCS,90
WH-PLM90-1108-05,0.005,AAA,,2600,,90 Width AAA Moulded (https://app.notion.com/p/90-Width-AAA-Moulded-3b9587ac8c7880ee8945d59f71c7a4b4?pvs=21),🟢 Available,🪑 Finished Goods,0,1,Rack A4 (https://app.notion.com/p/Rack-A4-3ba587ac8c7880caa166d107641b3a03?pvs=21),1,21,,PCS,90
WH-PLM90-1108-06,0.002,AAA,,1250,,90 Width AAA Moulded (https://app.notion.com/p/90-Width-AAA-Moulded-3b9587ac8c7880ee8945d59f71c7a4b4?pvs=21),🟢 Available,🪑 Finished Goods,0,1,Rack A4 (https://app.notion.com/p/Rack-A4-3ba587ac8c7880caa166d107641b3a03?pvs=21),1,21,,PCS,95
WH-PLM90-1108-07,0.002,AAA,,1000,,90 Width AAA Moulded (https://app.notion.com/p/90-Width-AAA-Moulded-3b9587ac8c7880ee8945d59f71c7a4b4?pvs=21),🟢 Available,🪑 Finished Goods,0,1,Rack A4 (https://app.notion.com/p/Rack-A4-3ba587ac8c7880caa166d107641b3a03?pvs=21),1,25,,PCS,95
WH-PLM90-1108-08,0.003,AAA,,1100,,90 Width AAA Moulded (https://app.notion.com/p/90-Width-AAA-Moulded-3b9587ac8c7880ee8945d59f71c7a4b4?pvs=21),🟢 Available,🪑 Finished Goods,0,1,Rack A4 (https://app.notion.com/p/Rack-A4-3ba587ac8c7880caa166d107641b3a03?pvs=21),1,25,,PCS,95
WH-PLM100-1108-01,0.003,AAA,,1150,,100 up Width AAA Moulded (https://app.notion.com/p/100-up-Width-AAA-Moulded-3b9587ac8c788057bc52e624e328e194?pvs=21),🟢 Available,,0,1,Rack A4 (https://app.notion.com/p/Rack-A4-3ba587ac8c7880caa166d107641b3a03?pvs=21),1,23,,,100
WH-PLM100-1108-02,0.003,AAA,,1100,,100 up Width AAA Moulded (https://app.notion.com/p/100-up-Width-AAA-Moulded-3b9587ac8c788057bc52e624e328e194?pvs=21),🟢 Available,,0,1,Rack A4 (https://app.notion.com/p/Rack-A4-3ba587ac8c7880caa166d107641b3a03?pvs=21),1,24,,,100
WH-PLM100-1108-03,0.004,AAA,,1650,,100 up Width AAA Moulded (https://app.notion.com/p/100-up-Width-AAA-Moulded-3b9587ac8c788057bc52e624e328e194?pvs=21),🟢 Available,,0,1,Rack A4 (https://app.notion.com/p/Rack-A4-3ba587ac8c7880caa166d107641b3a03?pvs=21),1,24,,,110
WH-PLM100-1108-04,0.008,AAA,,1100,,100 up Width AAA Moulded (https://app.notion.com/p/100-up-Width-AAA-Moulded-3b9587ac8c788057bc52e624e328e194?pvs=21),🟢 Available,,0,2,Rack A4 (https://app.notion.com/p/Rack-A4-3ba587ac8c7880caa166d107641b3a03?pvs=21),2,24,,,150
WH-PLM100-1108-05,0.004,AAA,,1100,,100 up Width AAA Moulded (https://app.notion.com/p/100-up-Width-AAA-Moulded-3b9587ac8c788057bc52e624e328e194?pvs=21),🟢 Available,,0,1,Rack A4 (https://app.notion.com/p/Rack-A4-3ba587ac8c7880caa166d107641b3a03?pvs=21),1,25,,,150
,0.000,,,,,,🔴 Out of Stock,,0,,,0,,,,
WH-PLM4-0826-037,0.010,AAA,,1500,,40 Width AAA Molded (https://app.notion.com/p/40-Width-AAA-Molded-3ba587ac8c7880898a85f89ed6b0eb39?pvs=21),🟢 Available,,0,6,,6,27,,,40
WH-PLM4-0826-036,0.003,AAA,,1550,,40 Width AAA Molded (https://app.notion.com/p/40-Width-AAA-Molded-3ba587ac8c7880898a85f89ed6b0eb39?pvs=21),🟢 Available,,0,2,,2,27,,,40
WH-PLM4-0826-035,0.007,AAA,,1600,,40 Width AAA Molded (https://app.notion.com/p/40-Width-AAA-Molded-3ba587ac8c7880898a85f89ed6b0eb39?pvs=21),🟢 Available,,0,4,,4,27,,,40
WH-PLM4-0826-034,0.007,AAA,,1650,,40 Width AAA Molded (https://app.notion.com/p/40-Width-AAA-Molded-3ba587ac8c7880898a85f89ed6b0eb39?pvs=21),🟢 Available,,0,4,,4,27,,,40
WH-PLM4-0826-033,0.001,AAA,,1700,,40 Width AAA Molded (https://app.notion.com/p/40-Width-AAA-Molded-3ba587ac8c7880898a85f89ed6b0eb39?pvs=21),🟢 Available,,0,1,,1,21,,,40
WH-PLM4-0826-032,0.004,AAA,,1700,,40 Width AAA Molded (https://app.notion.com/p/40-Width-AAA-Molded-3ba587ac8c7880898a85f89ed6b0eb39?pvs=21),🟢 Available,,0,2,,2,27,,,40
WH-PLM4-0826-031,0.001,AAA,,1750,,40 Width AAA Molded (https://app.notion.com/p/40-Width-AAA-Molded-3ba587ac8c7880898a85f89ed6b0eb39?pvs=21),🟢 Available,,0,1,,1,21,,,40
WH-PLM4-0826-030,0.001,AAA,,1750,,40 Width AAA Molded (https://app.notion.com/p/40-Width-AAA-Molded-3ba587ac8c7880898a85f89ed6b0eb39?pvs=21),🟢 Available,,0,1,,1,21,,,40
WH-PLM4-0826-029,0.006,AAA,,1750,,40 Width AAA Molded (https://app.notion.com/p/40-Width-AAA-Molded-3ba587ac8c7880898a85f89ed6b0eb39?pvs=21),🟢 Available,,0,3,,3,27,,,40
WH-PLM4-0826-028,0.006,AAA,,1800,,40 Width AAA Molded (https://app.notion.com/p/40-Width-AAA-Molded-3ba587ac8c7880898a85f89ed6b0eb39?pvs=21),🟢 Available,,0,4,,4,21,,,40
WH-PLM4-0826-027,0.003,AAA,,1850,,40 Width AAA Molded (https://app.notion.com/p/40-Width-AAA-Molded-3ba587ac8c7880898a85f89ed6b0eb39?pvs=21),🟢 Available,,0,2,,2,21,,,40
WH-PLM4-0826-026,0.002,AAA,,1900,,40 Width AAA Molded (https://app.notion.com/p/40-Width-AAA-Molded-3ba587ac8c7880898a85f89ed6b0eb39?pvs=21),🟢 Available,,0,1,,1,21,,,40
WH-PLM4-0826-025,0.006,AAA,,1900,,40 Width AAA Molded (https://app.notion.com/p/40-Width-AAA-Molded-3ba587ac8c7880898a85f89ed6b0eb39?pvs=21),🟢 Available,,0,3,,3,27,,,40
WH-PLM4-0826-024,0.004,AAA,,1950,,40 Width AAA Molded (https://app.notion.com/p/40-Width-AAA-Molded-3ba587ac8c7880898a85f89ed6b0eb39?pvs=21),🟢 Available,,0,2,,2,27,,,40
WH-PLM4-0826-023,0.011,AAA,,2000,,40 Width AAA Molded (https://app.notion.com/p/40-Width-AAA-Molded-3ba587ac8c7880898a85f89ed6b0eb39?pvs=21),🟢 Available,,0,5,,5,27,,,40
WH-PLM4-0826-022,0.003,AAA,,2050,,40 Width AAA Molded (https://app.notion.com/p/40-Width-AAA-Molded-3ba587ac8c7880898a85f89ed6b0eb39?pvs=21),🟢 Available,,0,2,,2,21,,,40
WH-PLM4-0826-021,0.009,AAA,,2050,,40 Width AAA Molded (https://app.notion.com/p/40-Width-AAA-Molded-3ba587ac8c7880898a85f89ed6b0eb39?pvs=21),🟢 Available,,0,4,,4,27,,,40
WH-PLM4-0826-020,0.007,AAA,,2100,,40 Width AAA Molded (https://app.notion.com/p/40-Width-AAA-Molded-3ba587ac8c7880898a85f89ed6b0eb39?pvs=21),🟢 Available,,0,3,,3,27,,,40
WH-PLM4-0826-019,0.004,AAA,,2150,,40 Width AAA Molded (https://app.notion.com/p/40-Width-AAA-Molded-3ba587ac8c7880898a85f89ed6b0eb39?pvs=21),🟢 Available,,0,2,,2,21,,,40
WH-PLM4-0826-018,0.006,AAA,,2200,,40 Width AAA Molded (https://app.notion.com/p/40-Width-AAA-Molded-3ba587ac8c7880898a85f89ed6b0eb39?pvs=21),🟢 Available,,0,3,,3,21,,,40
WH-PLM4-0826-017,0.007,AAA,,2250,,40 Width AAA Molded (https://app.notion.com/p/40-Width-AAA-Molded-3ba587ac8c7880898a85f89ed6b0eb39?pvs=21),🟢 Available,,0,3,,3,27,,,40
WH-PLM4-0826-016,0.004,AAA,,2300,,40 Width AAA Molded (https://app.notion.com/p/40-Width-AAA-Molded-3ba587ac8c7880898a85f89ed6b0eb39?pvs=21),🟢 Available,,0,2,,2,21,,,40
WH-PLM4-0826-015,0.010,AAA,,2350,,40 Width AAA Molded (https://app.notion.com/p/40-Width-AAA-Molded-3ba587ac8c7880898a85f89ed6b0eb39?pvs=21),🟢 Available,,0,4,,4,27,,,40
WH-PLM4-0826-013,0.006,AAA,,2400,,40 Width AAA Molded (https://app.notion.com/p/40-Width-AAA-Molded-3ba587ac8c7880898a85f89ed6b0eb39?pvs=21),🟢 Available,,0,3,,3,21,,,40
WH-PLM4-0826-012,0.005,AAA,,2400,,40 Width AAA Molded (https://app.notion.com/p/40-Width-AAA-Molded-3ba587ac8c7880898a85f89ed6b0eb39?pvs=21),🟢 Available,,0,2,,2,27,,,40
WH-PLM4-0826-011,0.003,AAA,,2500,,40 Width AAA Molded (https://app.notion.com/p/40-Width-AAA-Molded-3ba587ac8c7880898a85f89ed6b0eb39?pvs=21),🟢 Available,,0,1,,1,27,,,40
WH-PLM4-0826-010,0.003,AAA,,2600,,40 Width AAA Molded (https://app.notion.com/p/40-Width-AAA-Molded-3ba587ac8c7880898a85f89ed6b0eb39?pvs=21),🟢 Available,,0,1,,1,27,,,40
WH-PLM4-0826-009,0.007,AAA,,2650,,40 Width AAA Molded (https://app.notion.com/p/40-Width-AAA-Molded-3ba587ac8c7880898a85f89ed6b0eb39?pvs=21),🟢 Available,,0,3,,3,21,,,40
WH-PLM4-0826-008,0.005,AAA,,2700,,40 Width AAA Molded (https://app.notion.com/p/40-Width-AAA-Molded-3ba587ac8c7880898a85f89ed6b0eb39?pvs=21),🟢 Available,,0,2,,2,21,,,40
WH-PLM4-0826-007,0.002,AAA,,2800,,40 Width AAA Molded (https://app.notion.com/p/40-Width-AAA-Molded-3ba587ac8c7880898a85f89ed6b0eb39?pvs=21),🟢 Available,,0,1,,1,21,,,40
WH-PLM4-0826-006,0.005,AAA,,2850,,40 Width AAA Molded (https://app.notion.com/p/40-Width-AAA-Molded-3ba587ac8c7880898a85f89ed6b0eb39?pvs=21),🟢 Available,,0,2,,2,21,,,40
WH-PLM4-0826-005,0.007,AAA,,2900,,40 Width AAA Molded (https://app.notion.com/p/40-Width-AAA-Molded-3ba587ac8c7880898a85f89ed6b0eb39?pvs=21),🟢 Available,,0,3,,3,21,,,40
WH-PLM4-0826-004,0.010,AAA,,3000,,40 Width AAA Molded (https://app.notion.com/p/40-Width-AAA-Molded-3ba587ac8c7880898a85f89ed6b0eb39?pvs=21),🟢 Available,,0,3,,3,27,,,40
WH-PLM4-0826-003,0.004,AAA,,3250,,40 Width AAA Molded (https://app.notion.com/p/40-Width-AAA-Molded-3ba587ac8c7880898a85f89ed6b0eb39?pvs=21),🟢 Available,🪑 Finished Goods,0,1,,1,27,,,40
WH-PLM4-0826-002,0.004,AAA,,3600,,40 Width AAA Molded (https://app.notion.com/p/40-Width-AAA-Molded-3ba587ac8c7880898a85f89ed6b0eb39?pvs=21),🟢 Available,🪑 Finished Goods,0,1,,1,27,,,40
WH-PLM4-0826-001,0.004,AAA,,4000,,40 Width AAA Molded (https://app.notion.com/p/40-Width-AAA-Molded-3ba587ac8c7880898a85f89ed6b0eb39?pvs=21),🟢 Available,🪑 Finished Goods,0,1,,1,27,,,40
WH-PLM50-064,0.024,,,1500,,50 Width AAA Moulded (https://app.notion.com/p/50-Width-AAA-Moulded-3ba587ac8c7880409022c3b894e78107?pvs=21),🟢 Available,,0,12,,12,27,,,50
WH-PLM50-063,0.010,,,1550,,50 Width AAA Moulded (https://app.notion.com/p/50-Width-AAA-Moulded-3ba587ac8c7880409022c3b894e78107?pvs=21),🟢 Available,,0,5,,5,27,,,50
WH-PLM50-062,0.013,,,1600,,50 Width AAA Moulded (https://app.notion.com/p/50-Width-AAA-Moulded-3ba587ac8c7880409022c3b894e78107?pvs=21),🟢 Available,,0,6,,6,27,,,50
WH-PLM50-061,0.020,,,1650,,50 Width AAA Moulded (https://app.notion.com/p/50-Width-AAA-Moulded-3ba587ac8c7880409022c3b894e78107?pvs=21),🟢 Available,,0,9,,9,27,,,50
WH-PLM50-060,0.002,,,1700,,50 Width AAA Moulded (https://app.notion.com/p/50-Width-AAA-Moulded-3ba587ac8c7880409022c3b894e78107?pvs=21),🟢 Available,,0,1,,1,21,,,50
WH-PLM50-059,0.014,,,1700,,50 Width AAA Moulded (https://app.notion.com/p/50-Width-AAA-Moulded-3ba587ac8c7880409022c3b894e78107?pvs=21),🟢 Available,,0,6,,6,27,,,50
WH-PLM50-058,0.028,,,1750,,50 Width AAA Moulded (https://app.notion.com/p/50-Width-AAA-Moulded-3ba587ac8c7880409022c3b894e78107?pvs=21),🟢 Available,,0,12,,12,27,,,50
WH-PLM50-057,0.008,,,1800,,50 Width AAA Moulded (https://app.notion.com/p/50-Width-AAA-Moulded-3ba587ac8c7880409022c3b894e78107?pvs=21),🟢 Available,,0,4,,4,21,,,50
WH-PLM50-056,0.022,,,1800,,50 Width AAA Moulded (https://app.notion.com/p/50-Width-AAA-Moulded-3ba587ac8c7880409022c3b894e78107?pvs=21),🟢 Available,,0,9,,9,27,,,50
WH-PLM50-054,0.002,,,1850,,50 Width AAA Moulded (https://app.notion.com/p/50-Width-AAA-Moulded-3ba587ac8c7880409022c3b894e78107?pvs=21),🟢 Available,,0,1,,1,21,,,50
WH-PLM50-053,0.007,,,1850,,50 Width AAA Moulded (https://app.notion.com/p/50-Width-AAA-Moulded-3ba587ac8c7880409022c3b894e78107?pvs=21),🟢 Available,,0,3,,3,27,,,50
WH-PLM50-052,0.012,,,1900,,50 Width AAA Moulded (https://app.notion.com/p/50-Width-AAA-Moulded-3ba587ac8c7880409022c3b894e78107?pvs=21),🟢 Available,,0,6,,6,21,,,50
WH-PLM50-051,0.021,,,1900,,50 Width AAA Moulded (https://app.notion.com/p/50-Width-AAA-Moulded-3ba587ac8c7880409022c3b894e78107?pvs=21),🟢 Available,,0,8,,8,27,,,50
WH-PLM50-050,0.002,,,1950,,50 Width AAA Moulded (https://app.notion.com/p/50-Width-AAA-Moulded-3ba587ac8c7880409022c3b894e78107?pvs=21),🟢 Available,,0,1,,1,21,,,50
WH-PLM50-049,0.018,,,1950,,50 Width AAA Moulded (https://app.notion.com/p/50-Width-AAA-Moulded-3ba587ac8c7880409022c3b894e78107?pvs=21),🟢 Available,,0,7,,7,27,,,50
WH-PLM50-048,0.004,,,2000,,50 Width AAA Moulded (https://app.notion.com/p/50-Width-AAA-Moulded-3ba587ac8c7880409022c3b894e78107?pvs=21),🟢 Available,,0,2,,2,21,,,50
WH-PLM50-047,0.027,,,2000,,50 Width AAA Moulded (https://app.notion.com/p/50-Width-AAA-Moulded-3ba587ac8c7880409022c3b894e78107?pvs=21),🟢 Available,,0,10,,10,27,,,50
WH-PLM50-046,0.006,,,2050,,50 Width AAA Moulded (https://app.notion.com/p/50-Width-AAA-Moulded-3ba587ac8c7880409022c3b894e78107?pvs=21),🟢 Available,,0,2,,2,27,,,50
WH-PLM50-045,0.011,,,2100,,50 Width AAA Moulded (https://app.notion.com/p/50-Width-AAA-Moulded-3ba587ac8c7880409022c3b894e78107?pvs=21),🟢 Available,,0,5,,5,21,,,50
WH-PLM50-044,0.028,,,2100,,50 Width AAA Moulded (https://app.notion.com/p/50-Width-AAA-Moulded-3ba587ac8c7880409022c3b894e78107?pvs=21),🟢 Available,,0,10,,10,27,,,50
WH-PLM50-043,0.011,,,2150,,50 Width AAA Moulded (https://app.notion.com/p/50-Width-AAA-Moulded-3ba587ac8c7880409022c3b894e78107?pvs=21),🟢 Available,,0,5,,5,21,,,50
WH-PLM50-042,0.017,,,2150,,50 Width AAA Moulded (https://app.notion.com/p/50-Width-AAA-Moulded-3ba587ac8c7880409022c3b894e78107?pvs=21),🟢 Available,,0,6,,6,27,,,50
WH-PLM50-041,0.005,,,2200,,50 Width AAA Moulded (https://app.notion.com/p/50-Width-AAA-Moulded-3ba587ac8c7880409022c3b894e78107?pvs=21),🟢 Available,,0,2,,2,21,,,50
WH-PLM50-040,0.021,,,2200,,50 Width AAA Moulded (https://app.notion.com/p/50-Width-AAA-Moulded-3ba587ac8c7880409022c3b894e78107?pvs=21),🟢 Available,,0,7,,7,27,,,50
WH-PLM50-039,0.012,,,2250,,50 Width AAA Moulded (https://app.notion.com/p/50-Width-AAA-Moulded-3ba587ac8c7880409022c3b894e78107?pvs=21),🟢 Available,,0,5,,5,21,,,50
WH-PLM50-038,0.009,,,2250,,50 Width AAA Moulded (https://app.notion.com/p/50-Width-AAA-Moulded-3ba587ac8c7880409022c3b894e78107?pvs=21),🟢 Available,,0,3,,3,27,,,50
WH-PLM50-037,0.025,,,2300,,50 Width AAA Moulded (https://app.notion.com/p/50-Width-AAA-Moulded-3ba587ac8c7880409022c3b894e78107?pvs=21),🟢 Available,,0,8,,8,27,,,50
WH-PLM50-036,0.010,,,2350,,50 Width AAA Moulded (https://app.notion.com/p/50-Width-AAA-Moulded-3ba587ac8c7880409022c3b894e78107?pvs=21),🟢 Available,,0,3,,3,27,,,50
WH-PLM50-035,0.008,,,2400,,50 Width AAA Moulded (https://app.notion.com/p/50-Width-AAA-Moulded-3ba587ac8c7880409022c3b894e78107?pvs=21),🟢 Available,,0,3,,3,21,,,50
WH-PLM50-034,0.039,,,2400,,50 Width AAA Moulded (https://app.notion.com/p/50-Width-AAA-Moulded-3ba587ac8c7880409022c3b894e78107?pvs=21),🟢 Available,,0,12,,12,27,,,50
WH-PLM50-033,0.013,,,2450,,50 Width AAA Moulded (https://app.notion.com/p/50-Width-AAA-Moulded-3ba587ac8c7880409022c3b894e78107?pvs=21),🟢 Available,,0,4,,4,27,,,50
WH-PLM50-032,0.005,,,2500,,50 Width AAA Moulded (https://app.notion.com/p/50-Width-AAA-Moulded-3ba587ac8c7880409022c3b894e78107?pvs=21),🟢 Available,,0,2,,2,21,,,50
WH-PLM50-031,0.020,,,2500,,50 Width AAA Moulded (https://app.notion.com/p/50-Width-AAA-Moulded-3ba587ac8c7880409022c3b894e78107?pvs=21),🟢 Available,,0,6,,6,27,,,50
WH-PLM50-030,0.010,,,2550,,50 Width AAA Moulded (https://app.notion.com/p/50-Width-AAA-Moulded-3ba587ac8c7880409022c3b894e78107?pvs=21),🟢 Available,,0,3,,3,27,,,50
WH-PLM50-029,0.005,,,2600,,50 Width AAA Moulded (https://app.notion.com/p/50-Width-AAA-Moulded-3ba587ac8c7880409022c3b894e78107?pvs=21),🟢 Available,,0,2,,2,21,,,50
WH-PLM50-028,0.014,,,2600,,50 Width AAA Moulded (https://app.notion.com/p/50-Width-AAA-Moulded-3ba587ac8c7880409022c3b894e78107?pvs=21),🟢 Available,,0,4,,4,27,,,50
WH-PLM50-027,0.003,,,2650,,50 Width AAA Moulded (https://app.notion.com/p/50-Width-AAA-Moulded-3ba587ac8c7880409022c3b894e78107?pvs=21),🟢 Available,,0,1,,1,21,,,50
WH-PLM50-026,0.004,,,2650,,50 Width AAA Moulded (https://app.notion.com/p/50-Width-AAA-Moulded-3ba587ac8c7880409022c3b894e78107?pvs=21),🟢 Available,,0,1,,1,27,,,50
WH-PLM50-025,0.011,,,2700,,50 Width AAA Moulded (https://app.notion.com/p/50-Width-AAA-Moulded-3ba587ac8c7880409022c3b894e78107?pvs=21),🟢 Available,,0,4,,4,21,,,50
WH-PLM50-024,0.022,,,2700,,50 Width AAA Moulded (https://app.notion.com/p/50-Width-AAA-Moulded-3ba587ac8c7880409022c3b894e78107?pvs=21),🟢 Available,,0,6,,6,27,,,50
WH-PLM50-023,0.012,,,2750,,50 Width AAA Moulded (https://app.notion.com/p/50-Width-AAA-Moulded-3ba587ac8c7880409022c3b894e78107?pvs=21),🟢 Available,,0,4,,4,21,,,50
WH-PLM50-022,0.022,,,2750,,50 Width AAA Moulded (https://app.notion.com/p/50-Width-AAA-Moulded-3ba587ac8c7880409022c3b894e78107?pvs=21),🟢 Available,,0,6,,6,27,,,50
WH-PLM50-021,0.011,,,2800,,50 Width AAA Moulded (https://app.notion.com/p/50-Width-AAA-Moulded-3ba587ac8c7880409022c3b894e78107?pvs=21),🟢 Available,,0,3,,3,27,,,50
WH-PLM50-020,0.009,,,2850,,50 Width AAA Moulded (https://app.notion.com/p/50-Width-AAA-Moulded-3ba587ac8c7880409022c3b894e78107?pvs=21),🟢 Available,,0,3,,3,21,,,50
WH-PLM50-019,0.015,,,2850,,50 Width AAA Moulded (https://app.notion.com/p/50-Width-AAA-Moulded-3ba587ac8c7880409022c3b894e78107?pvs=21),🟢 Available,,0,4,,4,27,,,50
WH-PLM50-018,0.027,,,2900,,50 Width AAA Moulded (https://app.notion.com/p/50-Width-AAA-Moulded-3ba587ac8c7880409022c3b894e78107?pvs=21),🟢 Available,,0,9,,9,21,,,50
WH-PLM50-017,0.020,,,2900,,50 Width AAA Moulded (https://app.notion.com/p/50-Width-AAA-Moulded-3ba587ac8c7880409022c3b894e78107?pvs=21),🟢 Available,,0,5,,5,27,,,50
WH-PLM50-016,0.006,,,2950,,50 Width AAA Moulded (https://app.notion.com/p/50-Width-AAA-Moulded-3ba587ac8c7880409022c3b894e78107?pvs=21),🟢 Available,,0,2,,2,21,,,50
WH-PLM50-015,0.004,,,2950,,50 Width AAA Moulded (https://app.notion.com/p/50-Width-AAA-Moulded-3ba587ac8c7880409022c3b894e78107?pvs=21),🟢 Available,,0,1,,1,27,,,50
WH-PLM50-014,0.013,,,3000,,50 Width AAA Moulded (https://app.notion.com/p/50-Width-AAA-Moulded-3ba587ac8c7880409022c3b894e78107?pvs=21),🟢 Available,,0,4,,4,21,,,50
WH-PLM50-013,0.008,,,3000,,50 Width AAA Moulded (https://app.notion.com/p/50-Width-AAA-Moulded-3ba587ac8c7880409022c3b894e78107?pvs=21),🟢 Available,,0,2,,2,27,,,50
WH-PLM50-012,0.007,,,3100,,50 Width AAA Moulded (https://app.notion.com/p/50-Width-AAA-Moulded-3ba587ac8c7880409022c3b894e78107?pvs=21),🟢 Available,,0,2,,2,21,,,50
WH-PLM50-011,0.017,,,3100,,50 Width AAA Moulded (https://app.notion.com/p/50-Width-AAA-Moulded-3ba587ac8c7880409022c3b894e78107?pvs=21),🟢 Available,,0,4,,4,27,,PCS,50
WH-PLM50-010,0.003,,,3150,,50 Width AAA Moulded (https://app.notion.com/p/50-Width-AAA-Moulded-3ba587ac8c7880409022c3b894e78107?pvs=21),🟢 Available,,0,1,,1,21,,PCS,50
WH-PLM50-009,0.013,,,3150,,50 Width AAA Moulded (https://app.notion.com/p/50-Width-AAA-Moulded-3ba587ac8c7880409022c3b894e78107?pvs=21),🟢 Available,,0,3,,3,27,,PCS,50
WH-PLM50-008,0.043,,,3200,,50 Width AAA Moulded (https://app.notion.com/p/50-Width-AAA-Moulded-3ba587ac8c7880409022c3b894e78107?pvs=21),🟢 Available,,0,10,,10,27,,PCS,50
WH-PLM50-007,0.004,,,3250,,50 Width AAA Moulded (https://app.notion.com/p/50-Width-AAA-Moulded-3ba587ac8c7880409022c3b894e78107?pvs=21),🟢 Available,,0,1,,1,27,,PCS,50
WH-PLM50-006,0.004,,,3300,,50 Width AAA Moulded (https://app.notion.com/p/50-Width-AAA-Moulded-3ba587ac8c7880409022c3b894e78107?pvs=21),🟢 Available,,0,1,,1,27,,PCS,50
WH-PLM50-005,0.009,,,3350,,50 Width AAA Moulded (https://app.notion.com/p/50-Width-AAA-Moulded-3ba587ac8c7880409022c3b894e78107?pvs=21),🟢 Available,,0,2,,2,27,,PCS,50
WH-PLM50-004,0.005,,,3400,,50 Width AAA Moulded (https://app.notion.com/p/50-Width-AAA-Moulded-3ba587ac8c7880409022c3b894e78107?pvs=21),🟢 Available,,0,1,,1,27,,PCS,50
WH-PLM50-003,0.004,,,3500,,50 Width AAA Moulded (https://app.notion.com/p/50-Width-AAA-Moulded-3ba587ac8c7880409022c3b894e78107?pvs=21),🟢 Available,,0,1,,1,21,,PCS,50
WH-PLM50-002,0.005,,,3650,,50 Width AAA Moulded (https://app.notion.com/p/50-Width-AAA-Moulded-3ba587ac8c7880409022c3b894e78107?pvs=21),🟢 Available,,0,1,,1,27,,PCS,50
WH-PLM50-001,0.004,,,3900,,50 Width AAA Moulded (https://app.notion.com/p/50-Width-AAA-Moulded-3ba587ac8c7880409022c3b894e78107?pvs=21),🟢 Available,,0,1,,1,21,,PCS,50
WH-PLM60-065,0.002,AAA,,1500,BT-1208-003 60WAMD (https://app.notion.com/p/BT-1208-003-60WAMD-3ba587ac8c78803294c6f77d9c6321a9?pvs=21),60 Width AAA Moulded (https://app.notion.com/p/60-Width-AAA-Moulded-3ba587ac8c78800da582ca31d3f6b63e?pvs=21),🟢 Available,,0,1,,1,21,,,60
WH-PLM60-064,0.012,AAA,,1500,,60 Width AAA Moulded (https://app.notion.com/p/60-Width-AAA-Moulded-3ba587ac8c78800da582ca31d3f6b63e?pvs=21),🟢 Available,,0,5,,5,27,,,60
WH-PLM60-063,0.002,AAA,,1550,,60 Width AAA Moulded (https://app.notion.com/p/60-Width-AAA-Moulded-3ba587ac8c78800da582ca31d3f6b63e?pvs=21),🟢 Available,,0,1,,1,21,,,60
WH-PLM60-062,0.008,AAA,,1550,,60 Width AAA Moulded (https://app.notion.com/p/60-Width-AAA-Moulded-3ba587ac8c78800da582ca31d3f6b63e?pvs=21),🟢 Available,,0,3,,3,27,,,60
WH-PLM60-061,0.010,AAA,,1600,,60 Width AAA Moulded (https://app.notion.com/p/60-Width-AAA-Moulded-3ba587ac8c78800da582ca31d3f6b63e?pvs=21),🟢 Available,,0,4,,4,27,,,60
WH-PLM60-060,0.006,AAA,,1650,,60 Width AAA Moulded (https://app.notion.com/p/60-Width-AAA-Moulded-3ba587ac8c78800da582ca31d3f6b63e?pvs=21),🟢 Available,,0,3,,3,21,,,60
WH-PLM60-059,0.006,AAA,,1700,,60 Width AAA Moulded (https://app.notion.com/p/60-Width-AAA-Moulded-3ba587ac8c78800da582ca31d3f6b63e?pvs=21),🟢 Available,,0,3,,3,21,,,60
WH-PLM60-058,0.011,AAA,,1700,,60 Width AAA Moulded (https://app.notion.com/p/60-Width-AAA-Moulded-3ba587ac8c78800da582ca31d3f6b63e?pvs=21),🟢 Available,,0,4,,4,27,,,60
WH-PLM60-057,0.007,AAA,,1750,,60 Width AAA Moulded (https://app.notion.com/p/60-Width-AAA-Moulded-3ba587ac8c78800da582ca31d3f6b63e?pvs=21),🟢 Available,,0,3,,3,21,,,60
WH-PLM60-056,0.006,AAA,,1750,,60 Width AAA Moulded (https://app.notion.com/p/60-Width-AAA-Moulded-3ba587ac8c78800da582ca31d3f6b63e?pvs=21),🟢 Available,,0,2,,2,27,,,60
WH-PLM60-055,0.005,AAA,,1800,,60 Width AAA Moulded (https://app.notion.com/p/60-Width-AAA-Moulded-3ba587ac8c78800da582ca31d3f6b63e?pvs=21),🟢 Available,,0,2,,2,21,,,60
WH-PLM60-054,0.006,AAA,,1800,,60 Width AAA Moulded (https://app.notion.com/p/60-Width-AAA-Moulded-3ba587ac8c78800da582ca31d3f6b63e?pvs=21),🟢 Available,,0,2,,2,27,,,60
WH-PLM60-053,0.002,AAA,,1850,,60 Width AAA Moulded (https://app.notion.com/p/60-Width-AAA-Moulded-3ba587ac8c78800da582ca31d3f6b63e?pvs=21),🟢 Available,,0,1,,1,21,,,60
WH-PLM60-052,0.003,AAA,,1850,,60 Width AAA Moulded (https://app.notion.com/p/60-Width-AAA-Moulded-3ba587ac8c78800da582ca31d3f6b63e?pvs=21),🟢 Available,,0,1,,1,27,,,60
WH-PLM60-051,0.002,AAA,,1900,,60 Width AAA Moulded (https://app.notion.com/p/60-Width-AAA-Moulded-3ba587ac8c78800da582ca31d3f6b63e?pvs=21),🟢 Available,,0,1,,1,21,,,60
WH-PLM60-050,0.012,AAA,,1900,,60 Width AAA Moulded (https://app.notion.com/p/60-Width-AAA-Moulded-3ba587ac8c78800da582ca31d3f6b63e?pvs=21),🟢 Available,,0,4,,4,27,,,60
WH-PLM60-049,0.007,AAA,,1950,,60 Width AAA Moulded (https://app.notion.com/p/60-Width-AAA-Moulded-3ba587ac8c78800da582ca31d3f6b63e?pvs=21),🟢 Available,,0,3,,3,21,,,60
WH-PLM60-048,0.009,AAA,,1950,,60 Width AAA Moulded (https://app.notion.com/p/60-Width-AAA-Moulded-3ba587ac8c78800da582ca31d3f6b63e?pvs=21),🟢 Available,,0,3,,3,27,,,60
WH-PLM60-047,0.010,AAA,,2000,,60 Width AAA Moulded (https://app.notion.com/p/60-Width-AAA-Moulded-3ba587ac8c78800da582ca31d3f6b63e?pvs=21),🟢 Available,,0,4,,4,21,,,60
WH-PLM60-046,0.013,AAA,,2000,,60 Width AAA Moulded (https://app.notion.com/p/60-Width-AAA-Moulded-3ba587ac8c78800da582ca31d3f6b63e?pvs=21),🟢 Available,,0,4,,4,27,,,60
WH-PLM60-045,0.008,AAA,,2050,,60 Width AAA Moulded (https://app.notion.com/p/60-Width-AAA-Moulded-3ba587ac8c78800da582ca31d3f6b63e?pvs=21),🟢 Available,,0,3,,3,21,,,60
WH-PLM60-044,0.003,AAA,,2050,,60 Width AAA Moulded (https://app.notion.com/p/60-Width-AAA-Moulded-3ba587ac8c78800da582ca31d3f6b63e?pvs=21),🟢 Available,,0,1,,1,27,,,60
WH-PLM60-043,0.024,AAA,,2100,,60 Width AAA Moulded (https://app.notion.com/p/60-Width-AAA-Moulded-3ba587ac8c78800da582ca31d3f6b63e?pvs=21),🟢 Available,,0,9,,9,21,,,60
WH-PLM60-042,0.010,AAA,,2100,,60 Width AAA Moulded (https://app.notion.com/p/60-Width-AAA-Moulded-3ba587ac8c78800da582ca31d3f6b63e?pvs=21),🟢 Available,,0,3,,3,27,,,60
WH-PLM60-041,0.014,AAA,,2150,,60 Width AAA Moulded (https://app.notion.com/p/60-Width-AAA-Moulded-3ba587ac8c78800da582ca31d3f6b63e?pvs=21),🟢 Available,,0,5,,5,21,,,60
WH-PLM60-040,0.007,AAA,,2150,,60 Width AAA Moulded (https://app.notion.com/p/60-Width-AAA-Moulded-3ba587ac8c78800da582ca31d3f6b63e?pvs=21),🟢 Available,,0,2,,2,27,,,60
WH-PLM60-039,0.014,AAA,,2200,,60 Width AAA Moulded (https://app.notion.com/p/60-Width-AAA-Moulded-3ba587ac8c78800da582ca31d3f6b63e?pvs=21),🟢 Available,,0,5,,5,21,,,60
WH-PLM60-038,0.007,AAA,,2200,,60 Width AAA Moulded (https://app.notion.com/p/60-Width-AAA-Moulded-3ba587ac8c78800da582ca31d3f6b63e?pvs=21),🟢 Available,,0,2,,2,27,,,60
WH-PLM60-037,0.011,AAA,,2250,,60 Width AAA Moulded (https://app.notion.com/p/60-Width-AAA-Moulded-3ba587ac8c78800da582ca31d3f6b63e?pvs=21),🟢 Available,,0,4,,4,21,,,60
WH-PLM60-036,0.011,AAA,,2250,,60 Width AAA Moulded (https://app.notion.com/p/60-Width-AAA-Moulded-3ba587ac8c78800da582ca31d3f6b63e?pvs=21),🟢 Available,,0,3,,3,27,,,60
WH-PLM60-035,0.012,AAA,,2300,,60 Width AAA Moulded (https://app.notion.com/p/60-Width-AAA-Moulded-3ba587ac8c78800da582ca31d3f6b63e?pvs=21),🟢 Available,,0,4,,4,21,,,60
WH-PLM60-034,0.015,AAA,,2300,,60 Width AAA Moulded (https://app.notion.com/p/60-Width-AAA-Moulded-3ba587ac8c78800da582ca31d3f6b63e?pvs=21),🟢 Available,,0,4,,4,27,,,60
WH-PLM60-033,0.012,AAA,,2350,,60 Width AAA Moulded (https://app.notion.com/p/60-Width-AAA-Moulded-3ba587ac8c78800da582ca31d3f6b63e?pvs=21),🟢 Available,,0,4,,4,21,,,60
WH-PLM60-032,0.011,AAA,,2350,,60 Width AAA Moulded (https://app.notion.com/p/60-Width-AAA-Moulded-3ba587ac8c78800da582ca31d3f6b63e?pvs=21),🟢 Available,,0,3,,3,27,,,60
WH-PLM60-031,0.009,AAA,,2400,,60 Width AAA Moulded (https://app.notion.com/p/60-Width-AAA-Moulded-3ba587ac8c78800da582ca31d3f6b63e?pvs=21),🟢 Available,,0,3,,3,21,,,60
WH-PLM60-030,0.016,AAA,,2400,,60 Width AAA Moulded (https://app.notion.com/p/60-Width-AAA-Moulded-3ba587ac8c78800da582ca31d3f6b63e?pvs=21),🟢 Available,,0,4,,4,27,,,60
WH-PLM60-029,0.008,AAA,,2450,,60 Width AAA Moulded (https://app.notion.com/p/60-Width-AAA-Moulded-3ba587ac8c78800da582ca31d3f6b63e?pvs=21),🟢 Available,,0,2,,2,27,,,60
WH-PLM60-028,0.008,AAA,,2500,,60 Width AAA Moulded (https://app.notion.com/p/60-Width-AAA-Moulded-3ba587ac8c78800da582ca31d3f6b63e?pvs=21),🟢 Available,,0,2,,2,27,,,60
WH-PLM60-027,0.004,AAA,,2550,,60 Width AAA Moulded (https://app.notion.com/p/60-Width-AAA-Moulded-3ba587ac8c78800da582ca31d3f6b63e?pvs=21),🟢 Available,,0,1,,1,27,,,60
WH-PLM60-026,0.013,AAA,,2600,,60 Width AAA Moulded (https://app.notion.com/p/60-Width-AAA-Moulded-3ba587ac8c78800da582ca31d3f6b63e?pvs=21),🟢 Available,,0,4,,4,21,,,60
WH-PLM60-025,0.017,AAA,,2600,,60 Width AAA Moulded (https://app.notion.com/p/60-Width-AAA-Moulded-3ba587ac8c78800da582ca31d3f6b63e?pvs=21),🟢 Available,,0,4,,4,27,,,60
WH-PLM60-024,0.010,AAA,,2650,,60 Width AAA Moulded (https://app.notion.com/p/60-Width-AAA-Moulded-3ba587ac8c78800da582ca31d3f6b63e?pvs=21),🟢 Available,,0,3,,3,21,,,60
WH-PLM60-023,0.004,AAA,,2650,,60 Width AAA Moulded (https://app.notion.com/p/60-Width-AAA-Moulded-3ba587ac8c78800da582ca31d3f6b63e?pvs=21),🟢 Available,,0,1,,1,27,,,60
WH-PLM60-022,0.010,AAA,,2700,,60 Width AAA Moulded (https://app.notion.com/p/60-Width-AAA-Moulded-3ba587ac8c78800da582ca31d3f6b63e?pvs=21),🟢 Available,,0,3,,3,21,,,60
WH-PLM60-021,0.013,AAA,,2700,,60 Width AAA Moulded (https://app.notion.com/p/60-Width-AAA-Moulded-3ba587ac8c78800da582ca31d3f6b63e?pvs=21),🟢 Available,,0,3,,3,27,,,60
WH-PLM60-020,0.010,AAA,,2750,,60 Width AAA Moulded (https://app.notion.com/p/60-Width-AAA-Moulded-3ba587ac8c78800da582ca31d3f6b63e?pvs=21),🟢 Available,,0,3,,3,21,,,60
WH-PLM60-019,0.004,AAA,,2750,,60 Width AAA Moulded (https://app.notion.com/p/60-Width-AAA-Moulded-3ba587ac8c78800da582ca31d3f6b63e?pvs=21),🟢 Available,,0,1,,1,27,,,60
WH-PLM60-018,0.014,AAA,,2800,,60 Width AAA Moulded (https://app.notion.com/p/60-Width-AAA-Moulded-3ba587ac8c78800da582ca31d3f6b63e?pvs=21),🟢 Available,,0,3,,3,27,,,60
WH-PLM60-017,0.004,AAA,,2850,,60 Width AAA Moulded (https://app.notion.com/p/60-Width-AAA-Moulded-3ba587ac8c78800da582ca31d3f6b63e?pvs=21),🟢 Available,,0,1,,1,21,,,60
WH-PLM60-016,0.005,AAA,,2850,,60 Width AAA Moulded (https://app.notion.com/p/60-Width-AAA-Moulded-3ba587ac8c78800da582ca31d3f6b63e?pvs=21),🟢 Available,,0,1,,1,27,,,60
WH-PLM60-015,0.007,AAA,,2900,,60 Width AAA Moulded (https://app.notion.com/p/60-Width-AAA-Moulded-3ba587ac8c78800da582ca31d3f6b63e?pvs=21),🟢 Available,,0,2,,2,21,,,60
WH-PLM60-014,0.005,AAA,,2900,,60 Width AAA Moulded (https://app.notion.com/p/60-Width-AAA-Moulded-3ba587ac8c78800da582ca31d3f6b63e?pvs=21),🟢 Available,,0,1,,1,27,,,60
WH-PLM60-013,0.004,AAA,,2950,,60 Width AAA Moulded (https://app.notion.com/p/60-Width-AAA-Moulded-3ba587ac8c78800da582ca31d3f6b63e?pvs=21),🟢 Available,,0,1,,1,21,,,60
WH-PLM60-012,0.014,AAA,,2950,,60 Width AAA Moulded (https://app.notion.com/p/60-Width-AAA-Moulded-3ba587ac8c78800da582ca31d3f6b63e?pvs=21),🟢 Available,,0,3,,3,27,,,60
WH-PLM60-011,0.004,AAA,,3000,,60 Width AAA Moulded (https://app.notion.com/p/60-Width-AAA-Moulded-3ba587ac8c78800da582ca31d3f6b63e?pvs=21),🟢 Available,,0,1,,1,21,,,60
WH-PLM60-010,0.029,AAA,,3000,,60 Width AAA Moulded (https://app.notion.com/p/60-Width-AAA-Moulded-3ba587ac8c78800da582ca31d3f6b63e?pvs=21),🟢 Available,,0,6,,6,27,,,60
WH-PLM60-009,0.008,AAA,,3050,,60 Width AAA Moulded (https://app.notion.com/p/60-Width-AAA-Moulded-3ba587ac8c78800da582ca31d3f6b63e?pvs=21),🟢 Available,,0,2,,2,21,,,60
WH-PLM60-008,0.025,AAA,,3100,BT-1208-003 60WAMD (https://app.notion.com/p/BT-1208-003-60WAMD-3ba587ac8c78803294c6f77d9c6321a9?pvs=21),60 Width AAA Moulded (https://app.notion.com/p/60-Width-AAA-Moulded-3ba587ac8c78800da582ca31d3f6b63e?pvs=21),🟢 Available,,0,5,,5,27,,PCS,60
WH-PLM60-007,0.004,AAA,,3150,BT-1208-003 60WAMD (https://app.notion.com/p/BT-1208-003-60WAMD-3ba587ac8c78803294c6f77d9c6321a9?pvs=21),60 Width AAA Moulded (https://app.notion.com/p/60-Width-AAA-Moulded-3ba587ac8c78800da582ca31d3f6b63e?pvs=21),🟢 Available,,0,1,,1,21,,PCS,60
WH-PLM60-006,0.021,AAA,,3200,BT-1208-003 60WAMD (https://app.notion.com/p/BT-1208-003-60WAMD-3ba587ac8c78803294c6f77d9c6321a9?pvs=21),60 Width AAA Moulded (https://app.notion.com/p/60-Width-AAA-Moulded-3ba587ac8c78800da582ca31d3f6b63e?pvs=21),🟢 Available,,0,4,,4,27,,PCS,60
WH-PLM60-005,0.005,AAA,,3250,BT-1208-003 60WAMD (https://app.notion.com/p/BT-1208-003-60WAMD-3ba587ac8c78803294c6f77d9c6321a9?pvs=21),60 Width AAA Moulded (https://app.notion.com/p/60-Width-AAA-Moulded-3ba587ac8c78800da582ca31d3f6b63e?pvs=21),🟢 Available,,0,1,,1,27,,PCS,60
WH-PLM60-004,0.004,AAA,,3300,BT-1208-003 60WAMD (https://app.notion.com/p/BT-1208-003-60WAMD-3ba587ac8c78803294c6f77d9c6321a9?pvs=21),60 Width AAA Moulded (https://app.notion.com/p/60-Width-AAA-Moulded-3ba587ac8c78800da582ca31d3f6b63e?pvs=21),🟢 Available,,0,1,,1,21,,PCS,60
WH-PLM60-004,0.004,AAA,,3400,BT-1208-003 60WAMD (https://app.notion.com/p/BT-1208-003-60WAMD-3ba587ac8c78803294c6f77d9c6321a9?pvs=21),60 Width AAA Moulded (https://app.notion.com/p/60-Width-AAA-Moulded-3ba587ac8c78800da582ca31d3f6b63e?pvs=21),🟢 Available,,0,1,,1,21,,PCS,60
WH-PLM60-003,0.006,AAA,,3400,BT-1208-003 60WAMD (https://app.notion.com/p/BT-1208-003-60WAMD-3ba587ac8c78803294c6f77d9c6321a9?pvs=21),60 Width AAA Moulded (https://app.notion.com/p/60-Width-AAA-Moulded-3ba587ac8c78800da582ca31d3f6b63e?pvs=21),🟢 Available,,0,1,,1,27,,PCS,60
WH-PLM60-002,0.006,AAA,,3450,BT-1208-003 60WAMD (https://app.notion.com/p/BT-1208-003-60WAMD-3ba587ac8c78803294c6f77d9c6321a9?pvs=21),60 Width AAA Moulded (https://app.notion.com/p/60-Width-AAA-Moulded-3ba587ac8c78800da582ca31d3f6b63e?pvs=21),🟢 Available,,0,1,,1,27,,PCS,60
WH-PLM60-001,0.004,AAA,,3500,BT-1208-003 60WAMD (https://app.notion.com/p/BT-1208-003-60WAMD-3ba587ac8c78803294c6f77d9c6321a9?pvs=21),60 Width AAA Moulded (https://app.notion.com/p/60-Width-AAA-Moulded-3ba587ac8c78800da582ca31d3f6b63e?pvs=21),🟢 Available,,0,1,,1,21,,PCS,60
WH-PLM70-0826-060,0.002,AAA,,1500,BT-1208-003 70WAMD (https://app.notion.com/p/BT-1208-003-70WAMD-3ba587ac8c78800a8048f4392b43e2e4?pvs=21),70 Width AAA Moulded (https://app.notion.com/p/70-Width-AAA-Moulded-3b9587ac8c7880ff9439f39d360935b1?pvs=21),🟢 Available,,0,1,,1,21,,,70
WH-PLM70-0826-059,0.028,AAA,,1500,BT-1208-003 70WAMD (https://app.notion.com/p/BT-1208-003-70WAMD-3ba587ac8c78800a8048f4392b43e2e4?pvs=21),70 Width AAA Moulded (https://app.notion.com/p/70-Width-AAA-Moulded-3b9587ac8c7880ff9439f39d360935b1?pvs=21),🟢 Available,,0,10,,10,27,,,70
WH-PLM70-0826-058,0.002,AAA,,1550,BT-1208-003 70WAMD (https://app.notion.com/p/BT-1208-003-70WAMD-3ba587ac8c78800a8048f4392b43e2e4?pvs=21),70 Width AAA Moulded (https://app.notion.com/p/70-Width-AAA-Moulded-3b9587ac8c7880ff9439f39d360935b1?pvs=21),🟢 Available,,0,1,,1,21,,,70
WH-PLM70-0826-057,0.018,AAA,,1550,BT-1208-003 70WAMD (https://app.notion.com/p/BT-1208-003-70WAMD-3ba587ac8c78800a8048f4392b43e2e4?pvs=21),70 Width AAA Moulded (https://app.notion.com/p/70-Width-AAA-Moulded-3b9587ac8c7880ff9439f39d360935b1?pvs=21),🟢 Available,,0,6,,6,27,,,70
WH-PLM70-0826-059,0.002,AAA,,1600,BT-1208-003 70WAMD (https://app.notion.com/p/BT-1208-003-70WAMD-3ba587ac8c78800a8048f4392b43e2e4?pvs=21),70 Width AAA Moulded (https://app.notion.com/p/70-Width-AAA-Moulded-3b9587ac8c7880ff9439f39d360935b1?pvs=21),🟢 Available,,0,1,,1,21,,,70
WH-PLM70-0826-058,0.024,AAA,,1600,BT-1208-003 70WAMD (https://app.notion.com/p/BT-1208-003-70WAMD-3ba587ac8c78800a8048f4392b43e2e4?pvs=21),70 Width AAA Moulded (https://app.notion.com/p/70-Width-AAA-Moulded-3b9587ac8c7880ff9439f39d360935b1?pvs=21),🟢 Available,,0,8,,8,27,,,70
WH-PLM70-0826-057,0.002,AAA,,1650,BT-1208-003 70WAMD (https://app.notion.com/p/BT-1208-003-70WAMD-3ba587ac8c78800a8048f4392b43e2e4?pvs=21),70 Width AAA Moulded (https://app.notion.com/p/70-Width-AAA-Moulded-3b9587ac8c7880ff9439f39d360935b1?pvs=21),🟢 Available,,0,1,,1,21,,,70
WH-PLM70-0826-056,0.016,AAA,,1650,BT-1208-003 70WAMD (https://app.notion.com/p/BT-1208-003-70WAMD-3ba587ac8c78800a8048f4392b43e2e4?pvs=21),70 Width AAA Moulded (https://app.notion.com/p/70-Width-AAA-Moulded-3b9587ac8c7880ff9439f39d360935b1?pvs=21),🟢 Available,,0,5,,5,27,,,70
WH-PLM70-0826-055,0.002,AAA,,1700,BT-1208-003 70WAMD (https://app.notion.com/p/BT-1208-003-70WAMD-3ba587ac8c78800a8048f4392b43e2e4?pvs=21),70 Width AAA Moulded (https://app.notion.com/p/70-Width-AAA-Moulded-3b9587ac8c7880ff9439f39d360935b1?pvs=21),🟢 Available,,0,1,,1,21,,,70
WH-PLM70-0826-054,0.026,AAA,,1700,BT-1208-003 70WAMD (https://app.notion.com/p/BT-1208-003-70WAMD-3ba587ac8c78800a8048f4392b43e2e4?pvs=21),70 Width AAA Moulded (https://app.notion.com/p/70-Width-AAA-Moulded-3b9587ac8c7880ff9439f39d360935b1?pvs=21),🟢 Available,,0,8,,8,27,,,70
WH-PLM70-0826-053,0.033,AAA,,1750,BT-1208-003 70WAMD (https://app.notion.com/p/BT-1208-003-70WAMD-3ba587ac8c78800a8048f4392b43e2e4?pvs=21),70 Width AAA Moulded (https://app.notion.com/p/70-Width-AAA-Moulded-3b9587ac8c7880ff9439f39d360935b1?pvs=21),🟢 Available,,0,10,,10,27,,,70
WH-PLM70-0826-052,0.008,AAA,,1800,BT-1208-003 70WAMD (https://app.notion.com/p/BT-1208-003-70WAMD-3ba587ac8c78800a8048f4392b43e2e4?pvs=21),70 Width AAA Moulded (https://app.notion.com/p/70-Width-AAA-Moulded-3b9587ac8c7880ff9439f39d360935b1?pvs=21),🟢 Available,,0,3,,3,21,,,70
WH-PLM70-0826-051,0.024,AAA,,1800,BT-1208-003 70WAMD (https://app.notion.com/p/BT-1208-003-70WAMD-3ba587ac8c78800a8048f4392b43e2e4?pvs=21),70 Width AAA Moulded (https://app.notion.com/p/70-Width-AAA-Moulded-3b9587ac8c7880ff9439f39d360935b1?pvs=21),🟢 Available,,0,7,,7,27,,,70
WH-PLM70-0826-050,0.005,AAA,,1850,BT-1208-003 70WAMD (https://app.notion.com/p/BT-1208-003-70WAMD-3ba587ac8c78800a8048f4392b43e2e4?pvs=21),70 Width AAA Moulded (https://app.notion.com/p/70-Width-AAA-Moulded-3b9587ac8c7880ff9439f39d360935b1?pvs=21),🟢 Available,,0,2,,2,21,,,70
WH-PLM70-0826-049,0.010,AAA,,1850,BT-1208-003 70WAMD (https://app.notion.com/p/BT-1208-003-70WAMD-3ba587ac8c78800a8048f4392b43e2e4?pvs=21),70 Width AAA Moulded (https://app.notion.com/p/70-Width-AAA-Moulded-3b9587ac8c7880ff9439f39d360935b1?pvs=21),🟢 Available,,0,3,,3,27,,,70
WH-PLM70-0826-048,0.007,AAA,,1900,BT-1208-003 70WAMD (https://app.notion.com/p/BT-1208-003-70WAMD-3ba587ac8c78800a8048f4392b43e2e4?pvs=21),70 Width AAA Moulded (https://app.notion.com/p/70-Width-AAA-Moulded-3b9587ac8c7880ff9439f39d360935b1?pvs=21),🟢 Available,,0,2,,2,27,,,70
WH-PLM70-0826-047,0.003,AAA,,1950,BT-1208-003 70WAMD (https://app.notion.com/p/BT-1208-003-70WAMD-3ba587ac8c78800a8048f4392b43e2e4?pvs=21),70 Width AAA Moulded (https://app.notion.com/p/70-Width-AAA-Moulded-3b9587ac8c7880ff9439f39d360935b1?pvs=21),🟢 Available,,0,1,,1,21,,,70
WH-PLM70-0826-046,0.018,AAA,,1950,BT-1208-003 70WAMD (https://app.notion.com/p/BT-1208-003-70WAMD-3ba587ac8c78800a8048f4392b43e2e4?pvs=21),70 Width AAA Moulded (https://app.notion.com/p/70-Width-AAA-Moulded-3b9587ac8c7880ff9439f39d360935b1?pvs=21),🟢 Available,,0,5,,5,27,,,70
WH-PLM70-0826-045,0.003,AAA,,2000,BT-1208-003 70WAMD (https://app.notion.com/p/BT-1208-003-70WAMD-3ba587ac8c78800a8048f4392b43e2e4?pvs=21),70 Width AAA Moulded (https://app.notion.com/p/70-Width-AAA-Moulded-3b9587ac8c7880ff9439f39d360935b1?pvs=21),🟢 Available,,0,1,,1,21,,,70
WH-PLM70-0826-044,0.011,AAA,,2000,BT-1208-003 70WAMD (https://app.notion.com/p/BT-1208-003-70WAMD-3ba587ac8c78800a8048f4392b43e2e4?pvs=21),70 Width AAA Moulded (https://app.notion.com/p/70-Width-AAA-Moulded-3b9587ac8c7880ff9439f39d360935b1?pvs=21),🟢 Available,,0,3,,3,27,,,70
WH-PLM70-0826-043,0.008,AAA,,2050,BT-1208-003 70WAMD (https://app.notion.com/p/BT-1208-003-70WAMD-3ba587ac8c78800a8048f4392b43e2e4?pvs=21),70 Width AAA Moulded (https://app.notion.com/p/70-Width-AAA-Moulded-3b9587ac8c7880ff9439f39d360935b1?pvs=21),🟢 Available,,0,2,,2,27,,,70
WH-PLM70-0826-042,0.006,AAA,,2100,BT-1208-003 70WAMD (https://app.notion.com/p/BT-1208-003-70WAMD-3ba587ac8c78800a8048f4392b43e2e4?pvs=21),70 Width AAA Moulded (https://app.notion.com/p/70-Width-AAA-Moulded-3b9587ac8c7880ff9439f39d360935b1?pvs=21),🟢 Available,,0,2,,2,21,,,70
WH-PLM70-0826-041,0.032,AAA,,2100,BT-1208-003 70WAMD (https://app.notion.com/p/BT-1208-003-70WAMD-3ba587ac8c78800a8048f4392b43e2e4?pvs=21),70 Width AAA Moulded (https://app.notion.com/p/70-Width-AAA-Moulded-3b9587ac8c7880ff9439f39d360935b1?pvs=21),🟢 Available,,0,8,,8,27,,,70
WH-PLM70-0826-040,0.003,AAA,,2150,BT-1208-003 70WAMD (https://app.notion.com/p/BT-1208-003-70WAMD-3ba587ac8c78800a8048f4392b43e2e4?pvs=21),70 Width AAA Moulded (https://app.notion.com/p/70-Width-AAA-Moulded-3b9587ac8c7880ff9439f39d360935b1?pvs=21),🟢 Available,,0,1,,1,21,,,70
WH-PLM70-0826-039,0.008,AAA,,2150,BT-1208-003 70WAMD (https://app.notion.com/p/BT-1208-003-70WAMD-3ba587ac8c78800a8048f4392b43e2e4?pvs=21),70 Width AAA Moulded (https://app.notion.com/p/70-Width-AAA-Moulded-3b9587ac8c7880ff9439f39d360935b1?pvs=21),🟢 Available,,0,2,,2,27,,,70
WH-PLM70-0826-038,0.004,AAA,,2150,BT-1208-003 70WAMD (https://app.notion.com/p/BT-1208-003-70WAMD-3ba587ac8c78800a8048f4392b43e2e4?pvs=21),70 Width AAA Moulded (https://app.notion.com/p/70-Width-AAA-Moulded-3b9587ac8c7880ff9439f39d360935b1?pvs=21),🟢 Available,,0,1,,1,27,,,70
WH-PLM70-0826-037,0.003,AAA,,2200,BT-1208-003 70WAMD (https://app.notion.com/p/BT-1208-003-70WAMD-3ba587ac8c78800a8048f4392b43e2e4?pvs=21),70 Width AAA Moulded (https://app.notion.com/p/70-Width-AAA-Moulded-3b9587ac8c7880ff9439f39d360935b1?pvs=21),🟢 Available,,0,1,,1,21,,,70
WH-PLM70-0826-036,0.012,AAA,,2200,BT-1208-003 70WAMD (https://app.notion.com/p/BT-1208-003-70WAMD-3ba587ac8c78800a8048f4392b43e2e4?pvs=21),70 Width AAA Moulded (https://app.notion.com/p/70-Width-AAA-Moulded-3b9587ac8c7880ff9439f39d360935b1?pvs=21),🟢 Available,,0,3,,3,27,,,70
WH-PLM70-0826-035,0.004,AAA,,2200,BT-1208-003 70WAMD (https://app.notion.com/p/BT-1208-003-70WAMD-3ba587ac8c78800a8048f4392b43e2e4?pvs=21),70 Width AAA Moulded (https://app.notion.com/p/70-Width-AAA-Moulded-3b9587ac8c7880ff9439f39d360935b1?pvs=21),🟢 Available,,0,1,,1,27,,,70
WH-PLM70-0826-034,0.007,AAA,,2250,BT-1208-003 70WAMD (https://app.notion.com/p/BT-1208-003-70WAMD-3ba587ac8c78800a8048f4392b43e2e4?pvs=21),70 Width AAA Moulded (https://app.notion.com/p/70-Width-AAA-Moulded-3b9587ac8c7880ff9439f39d360935b1?pvs=21),🟢 Available,,0,2,,2,21,,,70
WH-PLM70-0826-033,0.017,AAA,,2250,BT-1208-003 70WAMD (https://app.notion.com/p/BT-1208-003-70WAMD-3ba587ac8c78800a8048f4392b43e2e4?pvs=21),70 Width AAA Moulded (https://app.notion.com/p/70-Width-AAA-Moulded-3b9587ac8c7880ff9439f39d360935b1?pvs=21),🟢 Available,,0,4,,4,27,,,70
WH-PLM70-0826-032,0.007,AAA,,2300,BT-1208-003 70WAMD (https://app.notion.com/p/BT-1208-003-70WAMD-3ba587ac8c78800a8048f4392b43e2e4?pvs=21),70 Width AAA Moulded (https://app.notion.com/p/70-Width-AAA-Moulded-3b9587ac8c7880ff9439f39d360935b1?pvs=21),🟢 Available,,0,2,,2,21,,,70
WH-PLM70-0826-031,0.009,AAA,,2300,BT-1208-003 70WAMD (https://app.notion.com/p/BT-1208-003-70WAMD-3ba587ac8c78800a8048f4392b43e2e4?pvs=21),70 Width AAA Moulded (https://app.notion.com/p/70-Width-AAA-Moulded-3b9587ac8c7880ff9439f39d360935b1?pvs=21),🟢 Available,,0,2,,2,27,,,70
WH-PLM70-0826-030,0.010,AAA,,2350,BT-1208-003 70WAMD (https://app.notion.com/p/BT-1208-003-70WAMD-3ba587ac8c78800a8048f4392b43e2e4?pvs=21),70 Width AAA Moulded (https://app.notion.com/p/70-Width-AAA-Moulded-3b9587ac8c7880ff9439f39d360935b1?pvs=21),🟢 Available,,0,3,,3,21,,,70
WH-PLM70-0826-029,0.011,AAA,,2400,BT-1208-003 70WAMD (https://app.notion.com/p/BT-1208-003-70WAMD-3ba587ac8c78800a8048f4392b43e2e4?pvs=21),70 Width AAA Moulded (https://app.notion.com/p/70-Width-AAA-Moulded-3b9587ac8c7880ff9439f39d360935b1?pvs=21),🟢 Available,,0,3,,3,21,,,70
WH-PLM70-0826-028,0.005,AAA,,2400,BT-1208-003 70WAMD (https://app.notion.com/p/BT-1208-003-70WAMD-3ba587ac8c78800a8048f4392b43e2e4?pvs=21),70 Width AAA Moulded (https://app.notion.com/p/70-Width-AAA-Moulded-3b9587ac8c7880ff9439f39d360935b1?pvs=21),🟢 Available,,0,1,,1,27,,,70
WH-PLM70-0826-027,0.004,AAA,,2450,BT-1208-003 70WAMD (https://app.notion.com/p/BT-1208-003-70WAMD-3ba587ac8c78800a8048f4392b43e2e4?pvs=21),70 Width AAA Moulded (https://app.notion.com/p/70-Width-AAA-Moulded-3b9587ac8c7880ff9439f39d360935b1?pvs=21),🟢 Available,,0,1,,1,21,,,70
WH-PLM70-0826-026,0.005,AAA,,2450,BT-1208-003 70WAMD (https://app.notion.com/p/BT-1208-003-70WAMD-3ba587ac8c78800a8048f4392b43e2e4?pvs=21),70 Width AAA Moulded (https://app.notion.com/p/70-Width-AAA-Moulded-3b9587ac8c7880ff9439f39d360935b1?pvs=21),🟢 Available,,0,1,,1,27,,,70
WH-PLM70-0826-025,0.004,AAA,,2500,BT-1208-003 70WAMD (https://app.notion.com/p/BT-1208-003-70WAMD-3ba587ac8c78800a8048f4392b43e2e4?pvs=21),70 Width AAA Moulded (https://app.notion.com/p/70-Width-AAA-Moulded-3b9587ac8c7880ff9439f39d360935b1?pvs=21),🟢 Available,,0,1,,1,21,,,70
WH-PLM70-0826-024,0.019,AAA,,2500,BT-1208-003 70WAMD (https://app.notion.com/p/BT-1208-003-70WAMD-3ba587ac8c78800a8048f4392b43e2e4?pvs=21),70 Width AAA Moulded (https://app.notion.com/p/70-Width-AAA-Moulded-3b9587ac8c7880ff9439f39d360935b1?pvs=21),🟢 Available,,0,4,,4,27,,,70
WH-PLM70-0826-023,0.007,AAA,,2550,BT-1208-003 70WAMD (https://app.notion.com/p/BT-1208-003-70WAMD-3ba587ac8c78800a8048f4392b43e2e4?pvs=21),70 Width AAA Moulded (https://app.notion.com/p/70-Width-AAA-Moulded-3b9587ac8c7880ff9439f39d360935b1?pvs=21),🟢 Available,,0,2,,2,21,,,70
WH-PLM70-0826-021,0.010,AAA,,2550,BT-1208-003 70WAMD (https://app.notion.com/p/BT-1208-003-70WAMD-3ba587ac8c78800a8048f4392b43e2e4?pvs=21),70 Width AAA Moulded (https://app.notion.com/p/70-Width-AAA-Moulded-3b9587ac8c7880ff9439f39d360935b1?pvs=21),🟢 Available,,0,2,,2,27,,,70
WH-PLM70-0826-020,0.015,AAA,,2600,BT-1208-003 70WAMD (https://app.notion.com/p/BT-1208-003-70WAMD-3ba587ac8c78800a8048f4392b43e2e4?pvs=21),70 Width AAA Moulded (https://app.notion.com/p/70-Width-AAA-Moulded-3b9587ac8c7880ff9439f39d360935b1?pvs=21),🟢 Available,,0,3,,3,27,,,70
WH-PLM70-0826-019,0.015,AAA,,2650,BT-1208-003 70WAMD (https://app.notion.com/p/BT-1208-003-70WAMD-3ba587ac8c78800a8048f4392b43e2e4?pvs=21),70 Width AAA Moulded (https://app.notion.com/p/70-Width-AAA-Moulded-3b9587ac8c7880ff9439f39d360935b1?pvs=21),🟢 Available,,0,3,,3,27,,,70
WH-PLM70-0826-018,0.004,AAA,,2700,BT-1208-003 70WAMD (https://app.notion.com/p/BT-1208-003-70WAMD-3ba587ac8c78800a8048f4392b43e2e4?pvs=21),70 Width AAA Moulded (https://app.notion.com/p/70-Width-AAA-Moulded-3b9587ac8c7880ff9439f39d360935b1?pvs=21),🟢 Available,,0,1,,1,21,,,70
WH-PLM70-0826-017,0.010,AAA,,2700,BT-1208-003 70WAMD (https://app.notion.com/p/BT-1208-003-70WAMD-3ba587ac8c78800a8048f4392b43e2e4?pvs=21),70 Width AAA Moulded (https://app.notion.com/p/70-Width-AAA-Moulded-3b9587ac8c7880ff9439f39d360935b1?pvs=21),🟢 Available,,0,2,,2,27,,,70
WH-PLM70-0826-016,0.021,AAA,,2750,BT-1208-003 70WAMD (https://app.notion.com/p/BT-1208-003-70WAMD-3ba587ac8c78800a8048f4392b43e2e4?pvs=21),70 Width AAA Moulded (https://app.notion.com/p/70-Width-AAA-Moulded-3b9587ac8c7880ff9439f39d360935b1?pvs=21),🟢 Available,,0,4,,4,27,,,70
WH-PLM70-0826-015,0.008,AAA,,2800,BT-1208-003 70WAMD (https://app.notion.com/p/BT-1208-003-70WAMD-3ba587ac8c78800a8048f4392b43e2e4?pvs=21),70 Width AAA Moulded (https://app.notion.com/p/70-Width-AAA-Moulded-3b9587ac8c7880ff9439f39d360935b1?pvs=21),🟢 Available,,0,2,,2,21,,,70
WH-PLM70-0826-014,0.016,AAA,,2800,BT-1208-003 70WAMD (https://app.notion.com/p/BT-1208-003-70WAMD-3ba587ac8c78800a8048f4392b43e2e4?pvs=21),70 Width AAA Moulded (https://app.notion.com/p/70-Width-AAA-Moulded-3b9587ac8c7880ff9439f39d360935b1?pvs=21),🟢 Available,,0,3,,3,27,,,70
WH-PLM70-0826-013,0.005,AAA,,2800,BT-1208-003 70WAMD (https://app.notion.com/p/BT-1208-003-70WAMD-3ba587ac8c78800a8048f4392b43e2e4?pvs=21),70 Width AAA Moulded (https://app.notion.com/p/70-Width-AAA-Moulded-3b9587ac8c7880ff9439f39d360935b1?pvs=21),🟢 Available,,0,1,,1,27,,,70
WH-PLM70-0826-012,0.005,AAA,,2850,BT-1208-003 70WAMD (https://app.notion.com/p/BT-1208-003-70WAMD-3ba587ac8c78800a8048f4392b43e2e4?pvs=21),70 Width AAA Moulded (https://app.notion.com/p/70-Width-AAA-Moulded-3b9587ac8c7880ff9439f39d360935b1?pvs=21),🟢 Available,,0,1,,1,27,,,70
WH-PLM70-0826-011,0.009,AAA,,2900,BT-1208-003 70WAMD (https://app.notion.com/p/BT-1208-003-70WAMD-3ba587ac8c78800a8048f4392b43e2e4?pvs=21),70 Width AAA Moulded (https://app.notion.com/p/70-Width-AAA-Moulded-3b9587ac8c7880ff9439f39d360935b1?pvs=21),🟢 Available,,0,2,,2,21,,,70
WH-PLM70-0826-010,0.011,AAA,,2900,BT-1208-003 70WAMD (https://app.notion.com/p/BT-1208-003-70WAMD-3ba587ac8c78800a8048f4392b43e2e4?pvs=21),70 Width AAA Moulded (https://app.notion.com/p/70-Width-AAA-Moulded-3b9587ac8c7880ff9439f39d360935b1?pvs=21),🟢 Available,,0,2,,2,27,,,70
WH-PLM70-0826-009,0.004,AAA,,2950,BT-1208-003 70WAMD (https://app.notion.com/p/BT-1208-003-70WAMD-3ba587ac8c78800a8048f4392b43e2e4?pvs=21),70 Width AAA Moulded (https://app.notion.com/p/70-Width-AAA-Moulded-3b9587ac8c7880ff9439f39d360935b1?pvs=21),🟢 Available,,0,1,,1,21,,,70
WH-PLM70-0826-008,0.023,AAA,,3000,BT-1208-003 70WAMD (https://app.notion.com/p/BT-1208-003-70WAMD-3ba587ac8c78800a8048f4392b43e2e4?pvs=21),70 Width AAA Moulded (https://app.notion.com/p/70-Width-AAA-Moulded-3b9587ac8c7880ff9439f39d360935b1?pvs=21),🟢 Available,,0,4,,4,27,,,70
WH-PLM70-0826-007,0.018,AAA,,3150,BT-1208-003 70WAMD (https://app.notion.com/p/BT-1208-003-70WAMD-3ba587ac8c78800a8048f4392b43e2e4?pvs=21),70 Width AAA Moulded (https://app.notion.com/p/70-Width-AAA-Moulded-3b9587ac8c7880ff9439f39d360935b1?pvs=21),🟢 Available,,0,3,,3,27,,,70
WH-PLM70-0826-006,0.005,AAA,,3200,BT-1208-003 70WAMD (https://app.notion.com/p/BT-1208-003-70WAMD-3ba587ac8c78800a8048f4392b43e2e4?pvs=21),70 Width AAA Moulded (https://app.notion.com/p/70-Width-AAA-Moulded-3b9587ac8c7880ff9439f39d360935b1?pvs=21),🟢 Available,,0,1,,1,21,,,70
WH-PLM70-0826-005,0.012,AAA,,3200,BT-1208-003 70WAMD (https://app.notion.com/p/BT-1208-003-70WAMD-3ba587ac8c78800a8048f4392b43e2e4?pvs=21),70 Width AAA Moulded (https://app.notion.com/p/70-Width-AAA-Moulded-3b9587ac8c7880ff9439f39d360935b1?pvs=21),🟢 Available,,0,2,,2,27,,,70
WH-PLM70-0826-004,0.007,AAA,,3450,BT-1208-003 70WAMD (https://app.notion.com/p/BT-1208-003-70WAMD-3ba587ac8c78800a8048f4392b43e2e4?pvs=21),70 Width AAA Moulded (https://app.notion.com/p/70-Width-AAA-Moulded-3b9587ac8c7880ff9439f39d360935b1?pvs=21),🟢 Available,,0,1,,1,27,,,70
WH-PLM70-0826-003,0.005,AAA,,3500,BT-1208-003 70WAMD (https://app.notion.com/p/BT-1208-003-70WAMD-3ba587ac8c78800a8048f4392b43e2e4?pvs=21),70 Width AAA Moulded (https://app.notion.com/p/70-Width-AAA-Moulded-3b9587ac8c7880ff9439f39d360935b1?pvs=21),🟢 Available,,0,1,,1,21,,,70
WH-PLM70-0826-002,0.007,AAA,,3500,BT-1208-003 70WAMD (https://app.notion.com/p/BT-1208-003-70WAMD-3ba587ac8c78800a8048f4392b43e2e4?pvs=21),70 Width AAA Moulded (https://app.notion.com/p/70-Width-AAA-Moulded-3b9587ac8c7880ff9439f39d360935b1?pvs=21),🟢 Available,,0,1,,1,27,,,70
WH-PLM70-0826-001,0.007,AAA,,3600,BT-1208-003 70WAMD (https://app.notion.com/p/BT-1208-003-70WAMD-3ba587ac8c78800a8048f4392b43e2e4?pvs=21),70 Width AAA Moulded (https://app.notion.com/p/70-Width-AAA-Moulded-3b9587ac8c7880ff9439f39d360935b1?pvs=21),🟢 Available,,0,1,,1,27,,,70
WH-PLM90-1208-005,0.003,AAA,,1450,,90 Width AAA Moulded (https://app.notion.com/p/90-Width-AAA-Moulded-3b9587ac8c7880ee8945d59f71c7a4b4?pvs=21),🟢 Available,🪑 Finished Goods,0,1,,1,21,,PCS,90
WH-PLM90-1208-004,0.006,AAA,,1700,,90 Width AAA Moulded (https://app.notion.com/p/90-Width-AAA-Moulded-3b9587ac8c7880ee8945d59f71c7a4b4?pvs=21),🟢 Available,🪑 Finished Goods,0,2,,2,21,,PCS,90
WH-PLM90-1208-003,0.003,AAA,,1800,,90 Width AAA Moulded (https://app.notion.com/p/90-Width-AAA-Moulded-3b9587ac8c7880ee8945d59f71c7a4b4?pvs=21),🟢 Available,🪑 Finished Goods,0,1,,1,21,,PCS,90
WH-PLM90-1208-002,0.005,AAA,,2600,,90 Width AAA Moulded (https://app.notion.com/p/90-Width-AAA-Moulded-3b9587ac8c7880ee8945d59f71c7a4b4?pvs=21),🟢 Available,🪑 Finished Goods,0,1,,1,21,,PCS,90
WH-PLM90-1208-001,0.003,AAA,,1400,,90 Width AAA Moulded (https://app.notion.com/p/90-Width-AAA-Moulded-3b9587ac8c7880ee8945d59f71c7a4b4?pvs=21),🟢 Available,🪑 Finished Goods,0,1,,1,24,,PCS,90
,0.000,,,,,,🔴 Out of Stock,,0,,,0,23,,,10
,0.000,,,,,,🔴 Out of Stock,,0,,,0,24,,,105
WH-PLM100-1208-001,0.003,AAA,,1150,,100 up Width AAA Moulded (https://app.notion.com/p/100-up-Width-AAA-Moulded-3b9587ac8c788057bc52e624e328e194?pvs=21),🟢 Available,,0,1,,1,23,,PCS,100
WH-PLM100-1208-002,0.003,AAA,,1100,,100 up Width AAA Moulded (https://app.notion.com/p/100-up-Width-AAA-Moulded-3b9587ac8c788057bc52e624e328e194?pvs=21),🟢 Available,,0,1,,1,24,,PCS,100
WH-PLM100-1208-003,0.006,AAA,,2700,,100 up Width AAA Moulded (https://app.notion.com/p/100-up-Width-AAA-Moulded-3b9587ac8c788057bc52e624e328e194?pvs=21),🟢 Available,,0,1,,1,20,,,105
WH-PLM100-1208-004,0.009,AAA,,3000,,100 up Width AAA Moulded (https://app.notion.com/p/100-up-Width-AAA-Moulded-3b9587ac8c788057bc52e624e328e194?pvs=21),🟢 Available,,0,1,,1,27,,,105
WH-BRM100-1208-001,0.007,AAA,,2050,,100 up Width AAA Moulded (https://app.notion.com/p/100-up-Width-AAA-Moulded-3b9587ac8c788057bc52e624e328e194?pvs=21),🟢 Available,,0,1,,1,32,,,105
WH-PLM100-1208-005,0.004,AAA,,1650,,100 up Width AAA Moulded (https://app.notion.com/p/100-up-Width-AAA-Moulded-3b9587ac8c788057bc52e624e328e194?pvs=21),🟢 Available,,0,1,,1,24,,,110
WH-PLM100-1208-006,0.008,AAA,,1100,,100 up Width AAA Moulded (https://app.notion.com/p/100-up-Width-AAA-Moulded-3b9587ac8c788057bc52e624e328e194?pvs=21),🟢 Available,,0,2,,2,24,,,150
WH-PLM100-1208-007,0.004,AAA,,1100,,100 up Width AAA Moulded (https://app.notion.com/p/100-up-Width-AAA-Moulded-3b9587ac8c788057bc52e624e328e194?pvs=21),🟢 Available,,0,1,,1,25,,,150
WH-PLM4-0826-051,0.001,AAA,,1700,,40 Width AAA Molded (https://app.notion.com/p/40-Width-AAA-Molded-3ba587ac8c7880898a85f89ed6b0eb39?pvs=21),🟢 Available,,0,1,,1,21,,,40
WH-PLM4-0826-050,0.003,AAA,,1750,,40 Width AAA Molded (https://app.notion.com/p/40-Width-AAA-Molded-3ba587ac8c7880898a85f89ed6b0eb39?pvs=21),🟢 Available,,0,2,,2,21,,,40
WH-PLM4-0826-049,0.002,AAA,,1800,,40 Width AAA Molded (https://app.notion.com/p/40-Width-AAA-Molded-3ba587ac8c7880898a85f89ed6b0eb39?pvs=21),🟢 Available,,0,1,,1,21,,,40
WH-PLM4-0826-048,0.002,AAA,,1850,,40 Width AAA Molded (https://app.notion.com/p/40-Width-AAA-Molded-3ba587ac8c7880898a85f89ed6b0eb39?pvs=21),🟢 Available,,0,1,,1,21,,,40
WH-PLM4-0826-047,0.002,AAA,,1900,,40 Width AAA Molded (https://app.notion.com/p/40-Width-AAA-Molded-3ba587ac8c7880898a85f89ed6b0eb39?pvs=21),🟢 Available,,0,1,,1,21,,,40
WH-PLM4-0826-046,0.003,AAA,,2050,,40 Width AAA Molded (https://app.notion.com/p/40-Width-AAA-Molded-3ba587ac8c7880898a85f89ed6b0eb39?pvs=21),🟢 Available,,0,2,,2,21,,,40
WH-PLM4-0826-045,0.002,AAA,,2150,,40 Width AAA Molded (https://app.notion.com/p/40-Width-AAA-Molded-3ba587ac8c7880898a85f89ed6b0eb39?pvs=21),🟢 Available,,0,1,,1,21,,,40
WH-PLM4-0826-044,0.004,AAA,,2200,,40 Width AAA Molded (https://app.notion.com/p/40-Width-AAA-Molded-3ba587ac8c7880898a85f89ed6b0eb39?pvs=21),🟢 Available,,0,2,,2,21,,,40
WH-PLM4-0826-043,0.004,AAA,,2300,,40 Width AAA Molded (https://app.notion.com/p/40-Width-AAA-Molded-3ba587ac8c7880898a85f89ed6b0eb39?pvs=21),🟢 Available,,0,2,,2,21,,,40
WH-PLM4-0826-042,0.006,AAA,,2400,,40 Width AAA Molded (https://app.notion.com/p/40-Width-AAA-Molded-3ba587ac8c7880898a85f89ed6b0eb39?pvs=21),🟢 Available,,0,3,,3,21,,,40
WH-PLM4-0826-041,0.004,AAA,,2650,,40 Width AAA Molded (https://app.notion.com/p/40-Width-AAA-Molded-3ba587ac8c7880898a85f89ed6b0eb39?pvs=21),🟢 Available,,0,2,,2,21,,,40
WH-PLM4-0826-040,0.005,AAA,,2850,,40 Width AAA Molded (https://app.notion.com/p/40-Width-AAA-Molded-3ba587ac8c7880898a85f89ed6b0eb39?pvs=21),🟢 Available,,0,2,,2,21,,,40
WH-PLM4-0826-039,0.002,AAA,,2900,,40 Width AAA Molded (https://app.notion.com/p/40-Width-AAA-Molded-3ba587ac8c7880898a85f89ed6b0eb39?pvs=21),🟢 Available,,0,1,,1,21,,,40
WH-PLM4-0826-038,0.003,AAA,,3000,,40 Width AAA Molded (https://app.notion.com/p/40-Width-AAA-Molded-3ba587ac8c7880898a85f89ed6b0eb39?pvs=21),🟢 Available,,0,1,,1,21,,,40
WH-PLM50-088,0.002,AAA,,1700,,50 Width AAA Moulded (https://app.notion.com/p/50-Width-AAA-Moulded-3ba587ac8c7880409022c3b894e78107?pvs=21),🟢 Available,,0,1,,1,21,,PCSinB,50
WH-PLM50-087,0.008,AAA,,1800,,50 Width AAA Moulded (https://app.notion.com/p/50-Width-AAA-Moulded-3ba587ac8c7880409022c3b894e78107?pvs=21),🟢 Available,,0,4,,4,21,,PCSinB,50
WH-PLM50-086,0.002,AAA,,1850,,50 Width AAA Moulded (https://app.notion.com/p/50-Width-AAA-Moulded-3ba587ac8c7880409022c3b894e78107?pvs=21),🟢 Available,,0,1,,1,21,,PCSinB,50
WH-PLM50-085,0.012,AAA,,1900,,50 Width AAA Moulded (https://app.notion.com/p/50-Width-AAA-Moulded-3ba587ac8c7880409022c3b894e78107?pvs=21),🟢 Available,,0,6,,6,21,,PCSinB,50
WH-PLM50-084,0.002,AAA,,1950,,50 Width AAA Moulded (https://app.notion.com/p/50-Width-AAA-Moulded-3ba587ac8c7880409022c3b894e78107?pvs=21),🟢 Available,,0,1,,1,21,,PCSinB,50
WH-PLM50-083,0.004,AAA,,2000,,50 Width AAA Moulded (https://app.notion.com/p/50-Width-AAA-Moulded-3ba587ac8c7880409022c3b894e78107?pvs=21),🟢 Available,,0,2,,2,21,,PCSinB,50
WH-PLM50-082,0.011,AAA,,2100,,50 Width AAA Moulded (https://app.notion.com/p/50-Width-AAA-Moulded-3ba587ac8c7880409022c3b894e78107?pvs=21),🟢 Available,,0,5,,5,21,,PCSinB,50
WH-PLM50-081,0.011,AAA,,2150,,50 Width AAA Moulded (https://app.notion.com/p/50-Width-AAA-Moulded-3ba587ac8c7880409022c3b894e78107?pvs=21),🟢 Available,,0,5,,5,21,,PCSinB,50
WH-PLM50-080,0.005,AAA,,2200,,50 Width AAA Moulded (https://app.notion.com/p/50-Width-AAA-Moulded-3ba587ac8c7880409022c3b894e78107?pvs=21),🟢 Available,,0,2,,2,21,,PCSinB,50
WH-PLM50-079,0.003,AAA,,2200,,50 Width AAA Moulded (https://app.notion.com/p/50-Width-AAA-Moulded-3ba587ac8c7880409022c3b894e78107?pvs=21),🟢 Available,,0,1,,1,24,,PCSinB,50
WH-PLM50-078,0.012,AAA,,2250,,50 Width AAA Moulded (https://app.notion.com/p/50-Width-AAA-Moulded-3ba587ac8c7880409022c3b894e78107?pvs=21),🟢 Available,,0,5,,5,21,,PCSinB,50
WH-PLM50-077,0.008,AAA,,2400,,50 Width AAA Moulded (https://app.notion.com/p/50-Width-AAA-Moulded-3ba587ac8c7880409022c3b894e78107?pvs=21),🟢 Available,,0,3,,3,21,,PCSinB,50
WH-PLM50-076,0.005,AAA,,2500,,50 Width AAA Moulded (https://app.notion.com/p/50-Width-AAA-Moulded-3ba587ac8c7880409022c3b894e78107?pvs=21),🟢 Available,,0,2,,2,21,,PCSinB,50
WH-PLM50-075,0.005,AAA,,2600,,50 Width AAA Moulded (https://app.notion.com/p/50-Width-AAA-Moulded-3ba587ac8c7880409022c3b894e78107?pvs=21),🟢 Available,,0,2,,2,21,,PCSinB,50
WH-PLM50-074,0.003,AAA,,2650,,50 Width AAA Moulded (https://app.notion.com/p/50-Width-AAA-Moulded-3ba587ac8c7880409022c3b894e78107?pvs=21),🟢 Available,,0,1,,1,21,,PCSinB,50
WH-PLM50-073,0.011,AAA,,2700,,50 Width AAA Moulded (https://app.notion.com/p/50-Width-AAA-Moulded-3ba587ac8c7880409022c3b894e78107?pvs=21),🟢 Available,,0,4,,4,21,,PCSinB,50
WH-PLM50-072,0.012,AAA,,2750,,50 Width AAA Moulded (https://app.notion.com/p/50-Width-AAA-Moulded-3ba587ac8c7880409022c3b894e78107?pvs=21),🟢 Available,,0,4,,4,21,,PCSinB,50
WH-PLM50-071,0.009,AAA,,2850,,50 Width AAA Moulded (https://app.notion.com/p/50-Width-AAA-Moulded-3ba587ac8c7880409022c3b894e78107?pvs=21),🟢 Available,,0,3,,3,21,,PCSinB,50
WH-PLM50-070,0.027,AAA,,2900,,50 Width AAA Moulded (https://app.notion.com/p/50-Width-AAA-Moulded-3ba587ac8c7880409022c3b894e78107?pvs=21),🟢 Available,,0,9,,9,21,,PCSinB,50
WH-PLM50-069,0.006,AAA,,2950,,50 Width AAA Moulded (https://app.notion.com/p/50-Width-AAA-Moulded-3ba587ac8c7880409022c3b894e78107?pvs=21),🟢 Available,,0,2,,2,21,,PCSinB,50
WH-PLM50-068,0.009,AAA,,3000,,50 Width AAA Moulded (https://app.notion.com/p/50-Width-AAA-Moulded-3ba587ac8c7880409022c3b894e78107?pvs=21),🟢 Available,,0,3,,3,21,,PCSinB,50
WH-PLM50-067,0.007,AAA,,3100,,50 Width AAA Moulded (https://app.notion.com/p/50-Width-AAA-Moulded-3ba587ac8c7880409022c3b894e78107?pvs=21),🟢 Available,,0,2,,2,21,,PCSinB,50
WH-PLM50-066,0.003,AAA,,3150,,50 Width AAA Moulded (https://app.notion.com/p/50-Width-AAA-Moulded-3ba587ac8c7880409022c3b894e78107?pvs=21),🟢 Available,,0,1,,1,21,,PCSinB,50
WH-PLM50-065,0.004,AAA,,3500,,50 Width AAA Moulded (https://app.notion.com/p/50-Width-AAA-Moulded-3ba587ac8c7880409022c3b894e78107?pvs=21),🟢 Available,,0,1,,1,21,,PCSinB,50
WH-PLM50-065,0.004,AAA,,3900,,50 Width AAA Moulded (https://app.notion.com/p/50-Width-AAA-Moulded-3ba587ac8c7880409022c3b894e78107?pvs=21),🟢 Available,,0,1,,1,21,,PCSinB,50
WH-PLM60-108,0.002,AAA,,1500,BT-1208-003 60WAMD (https://app.notion.com/p/BT-1208-003-60WAMD-3ba587ac8c78803294c6f77d9c6321a9?pvs=21),60 Width AAA Moulded (https://app.notion.com/p/60-Width-AAA-Moulded-3ba587ac8c78800da582ca31d3f6b63e?pvs=21),🟢 Available,,0,1,,1,21,,,60
WH-PLM60-107,0.002,AAA,,1550,BT-1208-003 60WAMD (https://app.notion.com/p/BT-1208-003-60WAMD-3ba587ac8c78803294c6f77d9c6321a9?pvs=21),60 Width AAA Moulded (https://app.notion.com/p/60-Width-AAA-Moulded-3ba587ac8c78800da582ca31d3f6b63e?pvs=21),🟢 Available,,0,1,,1,21,,,60
WH-PLM60-106,0.006,AAA,,1650,BT-1208-003 60WAMD (https://app.notion.com/p/BT-1208-003-60WAMD-3ba587ac8c78803294c6f77d9c6321a9?pvs=21),60 Width AAA Moulded (https://app.notion.com/p/60-Width-AAA-Moulded-3ba587ac8c78800da582ca31d3f6b63e?pvs=21),🟢 Available,,0,3,,3,21,,,60
WH-PLM60-105,0.006,AAA,,1700,BT-1208-003 60WAMD (https://app.notion.com/p/BT-1208-003-60WAMD-3ba587ac8c78803294c6f77d9c6321a9?pvs=21),60 Width AAA Moulded (https://app.notion.com/p/60-Width-AAA-Moulded-3ba587ac8c78800da582ca31d3f6b63e?pvs=21),🟢 Available,,0,3,,3,21,,,60
WH-PLM60-104,0.002,AAA,,1700,BT-1208-003 60WAMD (https://app.notion.com/p/BT-1208-003-60WAMD-3ba587ac8c78803294c6f77d9c6321a9?pvs=21),60 Width AAA Moulded (https://app.notion.com/p/60-Width-AAA-Moulded-3ba587ac8c78800da582ca31d3f6b63e?pvs=21),🟢 Available,,0,1,,1,24,,,60
WH-PLM60-103,0.007,AAA,,1750,BT-1208-003 60WAMD (https://app.notion.com/p/BT-1208-003-60WAMD-3ba587ac8c78803294c6f77d9c6321a9?pvs=21),60 Width AAA Moulded (https://app.notion.com/p/60-Width-AAA-Moulded-3ba587ac8c78800da582ca31d3f6b63e?pvs=21),🟢 Available,,0,3,,3,21,,,60
WH-PLM60-102,0.005,AAA,,1800,BT-1208-003 60WAMD (https://app.notion.com/p/BT-1208-003-60WAMD-3ba587ac8c78803294c6f77d9c6321a9?pvs=21),60 Width AAA Moulded (https://app.notion.com/p/60-Width-AAA-Moulded-3ba587ac8c78800da582ca31d3f6b63e?pvs=21),🟢 Available,,0,2,,2,21,,,60
WH-PLM60-101,0.002,AAA,,1850,BT-1208-003 60WAMD (https://app.notion.com/p/BT-1208-003-60WAMD-3ba587ac8c78803294c6f77d9c6321a9?pvs=21),60 Width AAA Moulded (https://app.notion.com/p/60-Width-AAA-Moulded-3ba587ac8c78800da582ca31d3f6b63e?pvs=21),🟢 Available,,0,1,,1,21,,,60
WH-PLM60-100,0.002,AAA,,1900,BT-1208-003 60WAMD (https://app.notion.com/p/BT-1208-003-60WAMD-3ba587ac8c78803294c6f77d9c6321a9?pvs=21),60 Width AAA Moulded (https://app.notion.com/p/60-Width-AAA-Moulded-3ba587ac8c78800da582ca31d3f6b63e?pvs=21),🟢 Available,,0,1,,1,21,,,60
WH-PLM60-099,0.007,AAA,,1950,BT-1208-003 60WAMD (https://app.notion.com/p/BT-1208-003-60WAMD-3ba587ac8c78803294c6f77d9c6321a9?pvs=21),60 Width AAA Moulded (https://app.notion.com/p/60-Width-AAA-Moulded-3ba587ac8c78800da582ca31d3f6b63e?pvs=21),🟢 Available,,0,3,,3,21,,,60
WH-PLM60-098,0.010,AAA,,2000,BT-1208-003 60WAMD (https://app.notion.com/p/BT-1208-003-60WAMD-3ba587ac8c78803294c6f77d9c6321a9?pvs=21),60 Width AAA Moulded (https://app.notion.com/p/60-Width-AAA-Moulded-3ba587ac8c78800da582ca31d3f6b63e?pvs=21),🟢 Available,,0,4,,4,21,,,60
WH-PLM60-097,0.008,AAA,,2050,BT-1208-003 60WAMD (https://app.notion.com/p/BT-1208-003-60WAMD-3ba587ac8c78803294c6f77d9c6321a9?pvs=21),60 Width AAA Moulded (https://app.notion.com/p/60-Width-AAA-Moulded-3ba587ac8c78800da582ca31d3f6b63e?pvs=21),🟢 Available,,0,3,,3,21,,,60
WH-PLM60-096,0.024,AAA,,2100,BT-1208-003 60WAMD (https://app.notion.com/p/BT-1208-003-60WAMD-3ba587ac8c78803294c6f77d9c6321a9?pvs=21),60 Width AAA Moulded (https://app.notion.com/p/60-Width-AAA-Moulded-3ba587ac8c78800da582ca31d3f6b63e?pvs=21),🟢 Available,,0,9,,9,21,,,60
WH-PLM60-095,0.014,AAA,,2150,BT-1208-003 60WAMD (https://app.notion.com/p/BT-1208-003-60WAMD-3ba587ac8c78803294c6f77d9c6321a9?pvs=21),60 Width AAA Moulded (https://app.notion.com/p/60-Width-AAA-Moulded-3ba587ac8c78800da582ca31d3f6b63e?pvs=21),🟢 Available,,0,5,,5,21,,,60
WH-PLM60-094,0.014,AAA,,2200,BT-1208-003 60WAMD (https://app.notion.com/p/BT-1208-003-60WAMD-3ba587ac8c78803294c6f77d9c6321a9?pvs=21),60 Width AAA Moulded (https://app.notion.com/p/60-Width-AAA-Moulded-3ba587ac8c78800da582ca31d3f6b63e?pvs=21),🟢 Available,,0,5,,5,21,,,60
WH-PLM60-093,0.011,AAA,,2250,BT-1208-003 60WAMD (https://app.notion.com/p/BT-1208-003-60WAMD-3ba587ac8c78803294c6f77d9c6321a9?pvs=21),60 Width AAA Moulded (https://app.notion.com/p/60-Width-AAA-Moulded-3ba587ac8c78800da582ca31d3f6b63e?pvs=21),🟢 Available,,0,4,,4,21,,,60
WH-PLM60-092,0.012,AAA,,2300,BT-1208-003 60WAMD (https://app.notion.com/p/BT-1208-003-60WAMD-3ba587ac8c78803294c6f77d9c6321a9?pvs=21),60 Width AAA Moulded (https://app.notion.com/p/60-Width-AAA-Moulded-3ba587ac8c78800da582ca31d3f6b63e?pvs=21),🟢 Available,,0,4,,4,21,,,60
WH-PLM60-091,0.012,AAA,,2350,BT-1208-003 60WAMD (https://app.notion.com/p/BT-1208-003-60WAMD-3ba587ac8c78803294c6f77d9c6321a9?pvs=21),60 Width AAA Moulded (https://app.notion.com/p/60-Width-AAA-Moulded-3ba587ac8c78800da582ca31d3f6b63e?pvs=21),🟢 Available,,0,4,,4,21,,,60
WH-PLM60-090,0.009,AAA,,2400,BT-1208-003 60WAMD (https://app.notion.com/p/BT-1208-003-60WAMD-3ba587ac8c78803294c6f77d9c6321a9?pvs=21),60 Width AAA Moulded (https://app.notion.com/p/60-Width-AAA-Moulded-3ba587ac8c78800da582ca31d3f6b63e?pvs=21),🟢 Available,,0,3,,3,21,,,60
WH-PLM60-089,0.003,AAA,,2400,BT-1208-003 60WAMD (https://app.notion.com/p/BT-1208-003-60WAMD-3ba587ac8c78803294c6f77d9c6321a9?pvs=21),60 Width AAA Moulded (https://app.notion.com/p/60-Width-AAA-Moulded-3ba587ac8c78800da582ca31d3f6b63e?pvs=21),🟢 Available,,0,1,,1,24,,,60
WH-PLM60-088,0.010,AAA,,2600,BT-1208-003 60WAMD (https://app.notion.com/p/BT-1208-003-60WAMD-3ba587ac8c78803294c6f77d9c6321a9?pvs=21),60 Width AAA Moulded (https://app.notion.com/p/60-Width-AAA-Moulded-3ba587ac8c78800da582ca31d3f6b63e?pvs=21),🟢 Available,,0,3,,3,21,,,60
WH-PLM60-082,0.003,AAA,,2600,BT-1208-003 60WAMD (https://app.notion.com/p/BT-1208-003-60WAMD-3ba587ac8c78803294c6f77d9c6321a9?pvs=21),60 Width AAA Moulded (https://app.notion.com/p/60-Width-AAA-Moulded-3ba587ac8c78800da582ca31d3f6b63e?pvs=21),🟢 Available,,0,1,,1,21,,,60
WH-PLM60-081,0.010,AAA,,2650,BT-1208-003 60WAMD (https://app.notion.com/p/BT-1208-003-60WAMD-3ba587ac8c78803294c6f77d9c6321a9?pvs=21),60 Width AAA Moulded (https://app.notion.com/p/60-Width-AAA-Moulded-3ba587ac8c78800da582ca31d3f6b63e?pvs=21),🟢 Available,,0,3,,3,21,,,60
WH-PLM60-080,0.010,AAA,,2700,BT-1208-003 60WAMD (https://app.notion.com/p/BT-1208-003-60WAMD-3ba587ac8c78803294c6f77d9c6321a9?pvs=21),60 Width AAA Moulded (https://app.notion.com/p/60-Width-AAA-Moulded-3ba587ac8c78800da582ca31d3f6b63e?pvs=21),🟢 Available,,0,3,,3,21,,,60
WH-PLM60-079,0.010,AAA,,2750,BT-1208-003 60WAMD (https://app.notion.com/p/BT-1208-003-60WAMD-3ba587ac8c78803294c6f77d9c6321a9?pvs=21),60 Width AAA Moulded (https://app.notion.com/p/60-Width-AAA-Moulded-3ba587ac8c78800da582ca31d3f6b63e?pvs=21),🟢 Available,,0,3,,3,21,,,60
WH-PLM60-078,0.004,AAA,,2850,BT-1208-003 60WAMD (https://app.notion.com/p/BT-1208-003-60WAMD-3ba587ac8c78803294c6f77d9c6321a9?pvs=21),60 Width AAA Moulded (https://app.notion.com/p/60-Width-AAA-Moulded-3ba587ac8c78800da582ca31d3f6b63e?pvs=21),🟢 Available,,0,1,,1,21,,,60
WH-PLM60-073,0.007,AAA,,2900,BT-1208-003 60WAMD (https://app.notion.com/p/BT-1208-003-60WAMD-3ba587ac8c78803294c6f77d9c6321a9?pvs=21),60 Width AAA Moulded (https://app.notion.com/p/60-Width-AAA-Moulded-3ba587ac8c78800da582ca31d3f6b63e?pvs=21),🟢 Available,,0,2,,2,21,,,60
WH-PLM60-072,0.004,AAA,,2950,BT-1208-003 60WAMD (https://app.notion.com/p/BT-1208-003-60WAMD-3ba587ac8c78803294c6f77d9c6321a9?pvs=21),60 Width AAA Moulded (https://app.notion.com/p/60-Width-AAA-Moulded-3ba587ac8c78800da582ca31d3f6b63e?pvs=21),🟢 Available,,0,1,,1,21,,,60
WH-PLM60-071,0.004,AAA,,3000,BT-1208-003 60WAMD (https://app.notion.com/p/BT-1208-003-60WAMD-3ba587ac8c78803294c6f77d9c6321a9?pvs=21),60 Width AAA Moulded (https://app.notion.com/p/60-Width-AAA-Moulded-3ba587ac8c78800da582ca31d3f6b63e?pvs=21),🟢 Available,,0,1,,1,21,,,60
WH-PLM60-070,0.008,AAA,,3050,BT-1208-003 60WAMD (https://app.notion.com/p/BT-1208-003-60WAMD-3ba587ac8c78803294c6f77d9c6321a9?pvs=21),60 Width AAA Moulded (https://app.notion.com/p/60-Width-AAA-Moulded-3ba587ac8c78800da582ca31d3f6b63e?pvs=21),🟢 Available,,0,2,,2,21,,,60
WH-PLM60-069,0.004,AAA,,3150,BT-1208-003 60WAMD (https://app.notion.com/p/BT-1208-003-60WAMD-3ba587ac8c78803294c6f77d9c6321a9?pvs=21),60 Width AAA Moulded (https://app.notion.com/p/60-Width-AAA-Moulded-3ba587ac8c78800da582ca31d3f6b63e?pvs=21),🟢 Available,,0,1,,1,21,,,60
WH-PLM60-068,0.004,AAA,,3300,BT-1208-003 60WAMD (https://app.notion.com/p/BT-1208-003-60WAMD-3ba587ac8c78803294c6f77d9c6321a9?pvs=21),60 Width AAA Moulded (https://app.notion.com/p/60-Width-AAA-Moulded-3ba587ac8c78800da582ca31d3f6b63e?pvs=21),🟢 Available,,0,1,,1,21,,,60
WH-PLM60-067,0.004,AAA,,3400,BT-1208-003 60WAMD (https://app.notion.com/p/BT-1208-003-60WAMD-3ba587ac8c78803294c6f77d9c6321a9?pvs=21),60 Width AAA Moulded (https://app.notion.com/p/60-Width-AAA-Moulded-3ba587ac8c78800da582ca31d3f6b63e?pvs=21),🟢 Available,,0,1,,1,21,,,60
WH-PLM60-066,0.004,AAA,,3500,BT-1208-003 60WAMD (https://app.notion.com/p/BT-1208-003-60WAMD-3ba587ac8c78803294c6f77d9c6321a9?pvs=21),60 Width AAA Moulded (https://app.notion.com/p/60-Width-AAA-Moulded-3ba587ac8c78800da582ca31d3f6b63e?pvs=21),🟢 Available,,0,1,,1,21,,,60
WH-PLM70-0826-092,0.002,AAA,,1500,BT-1208-003 70WAMD (https://app.notion.com/p/BT-1208-003-70WAMD-3ba587ac8c78800a8048f4392b43e2e4?pvs=21),70 Width AAA Moulded (https://app.notion.com/p/70-Width-AAA-Moulded-3b9587ac8c7880ff9439f39d360935b1?pvs=21),🟢 Available,,0,1,Rack A2 (https://app.notion.com/p/Rack-A2-3ba587ac8c78808d9beff02d343ded26?pvs=21),1,21,,,70
WH-PLM70-0826-091,0.003,AAA,,1500,BT-1208-003 70WAMD (https://app.notion.com/p/BT-1208-003-70WAMD-3ba587ac8c78800a8048f4392b43e2e4?pvs=21),70 Width AAA Moulded (https://app.notion.com/p/70-Width-AAA-Moulded-3b9587ac8c7880ff9439f39d360935b1?pvs=21),🟢 Available,,0,1,Rack A2 (https://app.notion.com/p/Rack-A2-3ba587ac8c78808d9beff02d343ded26?pvs=21),1,24,,,70
WH-PLM70-0826-090,0.002,AAA,,1550,BT-1208-003 70WAMD (https://app.notion.com/p/BT-1208-003-70WAMD-3ba587ac8c78800a8048f4392b43e2e4?pvs=21),70 Width AAA Moulded (https://app.notion.com/p/70-Width-AAA-Moulded-3b9587ac8c7880ff9439f39d360935b1?pvs=21),🟢 Available,,0,1,Rack A2 (https://app.notion.com/p/Rack-A2-3ba587ac8c78808d9beff02d343ded26?pvs=21),1,21,,,70
WH-PLM70-0826-089,0.002,AAA,,1600,BT-1208-003 70WAMD (https://app.notion.com/p/BT-1208-003-70WAMD-3ba587ac8c78800a8048f4392b43e2e4?pvs=21),70 Width AAA Moulded (https://app.notion.com/p/70-Width-AAA-Moulded-3b9587ac8c7880ff9439f39d360935b1?pvs=21),🟢 Available,,0,1,Rack A2 (https://app.notion.com/p/Rack-A2-3ba587ac8c78808d9beff02d343ded26?pvs=21),1,21,,,70
WH-PLM70-0826-088,0.002,AAA,,1650,BT-1208-003 70WAMD (https://app.notion.com/p/BT-1208-003-70WAMD-3ba587ac8c78800a8048f4392b43e2e4?pvs=21),70 Width AAA Moulded (https://app.notion.com/p/70-Width-AAA-Moulded-3b9587ac8c7880ff9439f39d360935b1?pvs=21),🟢 Available,,0,1,Rack A2 (https://app.notion.com/p/Rack-A2-3ba587ac8c78808d9beff02d343ded26?pvs=21),1,21,,,70
WH-PLM70-0826-087,0.002,AAA,,1700,BT-1208-003 70WAMD (https://app.notion.com/p/BT-1208-003-70WAMD-3ba587ac8c78800a8048f4392b43e2e4?pvs=21),70 Width AAA Moulded (https://app.notion.com/p/70-Width-AAA-Moulded-3b9587ac8c7880ff9439f39d360935b1?pvs=21),🟢 Available,,0,1,Rack A2 (https://app.notion.com/p/Rack-A2-3ba587ac8c78808d9beff02d343ded26?pvs=21),1,21,,,70
WH-PLM70-0826-086,0.003,AAA,,1700,BT-1208-003 70WAMD (https://app.notion.com/p/BT-1208-003-70WAMD-3ba587ac8c78800a8048f4392b43e2e4?pvs=21),70 Width AAA Moulded (https://app.notion.com/p/70-Width-AAA-Moulded-3b9587ac8c7880ff9439f39d360935b1?pvs=21),🟢 Available,,0,1,Rack A2 (https://app.notion.com/p/Rack-A2-3ba587ac8c78808d9beff02d343ded26?pvs=21),1,24,,,70
WH-PLM70-0826-085,0.008,AAA,,1800,BT-1208-003 70WAMD (https://app.notion.com/p/BT-1208-003-70WAMD-3ba587ac8c78800a8048f4392b43e2e4?pvs=21),70 Width AAA Moulded (https://app.notion.com/p/70-Width-AAA-Moulded-3b9587ac8c7880ff9439f39d360935b1?pvs=21),🟢 Available,,0,3,Rack A2 (https://app.notion.com/p/Rack-A2-3ba587ac8c78808d9beff02d343ded26?pvs=21),3,21,,,70
WH-PLM70-0826-084,0.003,AAA,,1800,BT-1208-003 70WAMD (https://app.notion.com/p/BT-1208-003-70WAMD-3ba587ac8c78800a8048f4392b43e2e4?pvs=21),70 Width AAA Moulded (https://app.notion.com/p/70-Width-AAA-Moulded-3b9587ac8c7880ff9439f39d360935b1?pvs=21),🟢 Available,,0,1,Rack A2 (https://app.notion.com/p/Rack-A2-3ba587ac8c78808d9beff02d343ded26?pvs=21),1,24,,,70
WH-PLM70-0826-083,0.005,AAA,,1850,BT-1208-003 70WAMD (https://app.notion.com/p/BT-1208-003-70WAMD-3ba587ac8c78800a8048f4392b43e2e4?pvs=21),70 Width AAA Moulded (https://app.notion.com/p/70-Width-AAA-Moulded-3b9587ac8c7880ff9439f39d360935b1?pvs=21),🟢 Available,,0,2,Rack A2 (https://app.notion.com/p/Rack-A2-3ba587ac8c78808d9beff02d343ded26?pvs=21),2,21,,,70
WH-PLM70-0826-082,0.003,AAA,,1950,BT-1208-003 70WAMD (https://app.notion.com/p/BT-1208-003-70WAMD-3ba587ac8c78800a8048f4392b43e2e4?pvs=21),70 Width AAA Moulded (https://app.notion.com/p/70-Width-AAA-Moulded-3b9587ac8c7880ff9439f39d360935b1?pvs=21),🟢 Available,,0,1,Rack A2 (https://app.notion.com/p/Rack-A2-3ba587ac8c78808d9beff02d343ded26?pvs=21),1,21,,,70
WH-PLM70-0826-081,0.003,AAA,,2000,BT-1208-003 70WAMD (https://app.notion.com/p/BT-1208-003-70WAMD-3ba587ac8c78800a8048f4392b43e2e4?pvs=21),70 Width AAA Moulded (https://app.notion.com/p/70-Width-AAA-Moulded-3b9587ac8c7880ff9439f39d360935b1?pvs=21),🟢 Available,,0,1,Rack A2 (https://app.notion.com/p/Rack-A2-3ba587ac8c78808d9beff02d343ded26?pvs=21),1,21,,,70
WH-PLM70-0826-080,0.003,AAA,,2050,BT-1208-003 70WAMD (https://app.notion.com/p/BT-1208-003-70WAMD-3ba587ac8c78800a8048f4392b43e2e4?pvs=21),70 Width AAA Moulded (https://app.notion.com/p/70-Width-AAA-Moulded-3b9587ac8c7880ff9439f39d360935b1?pvs=21),🟢 Available,,0,1,Rack A2 (https://app.notion.com/p/Rack-A2-3ba587ac8c78808d9beff02d343ded26?pvs=21),1,24,,,70
WH-PLM70-0826-079,0.006,AAA,,2100,BT-1208-003 70WAMD (https://app.notion.com/p/BT-1208-003-70WAMD-3ba587ac8c78800a8048f4392b43e2e4?pvs=21),70 Width AAA Moulded (https://app.notion.com/p/70-Width-AAA-Moulded-3b9587ac8c7880ff9439f39d360935b1?pvs=21),🟢 Available,,0,2,Rack A2 (https://app.notion.com/p/Rack-A2-3ba587ac8c78808d9beff02d343ded26?pvs=21),2,21,,,70
WH-PLM70-0826-078,0.003,AAA,,2150,BT-1208-003 70WAMD (https://app.notion.com/p/BT-1208-003-70WAMD-3ba587ac8c78800a8048f4392b43e2e4?pvs=21),70 Width AAA Moulded (https://app.notion.com/p/70-Width-AAA-Moulded-3b9587ac8c7880ff9439f39d360935b1?pvs=21),🟢 Available,,0,1,Rack A2 (https://app.notion.com/p/Rack-A2-3ba587ac8c78808d9beff02d343ded26?pvs=21),1,21,,,70
WH-PLM70-0826-077,0.003,AAA,,2200,BT-1208-003 70WAMD (https://app.notion.com/p/BT-1208-003-70WAMD-3ba587ac8c78800a8048f4392b43e2e4?pvs=21),70 Width AAA Moulded (https://app.notion.com/p/70-Width-AAA-Moulded-3b9587ac8c7880ff9439f39d360935b1?pvs=21),🟢 Available,,0,1,Rack A2 (https://app.notion.com/p/Rack-A2-3ba587ac8c78808d9beff02d343ded26?pvs=21),1,21,,,70
WH-PLM70-0826-076,0.007,AAA,,2250,BT-1208-003 70WAMD (https://app.notion.com/p/BT-1208-003-70WAMD-3ba587ac8c78800a8048f4392b43e2e4?pvs=21),70 Width AAA Moulded (https://app.notion.com/p/70-Width-AAA-Moulded-3b9587ac8c7880ff9439f39d360935b1?pvs=21),🟢 Available,,0,2,Rack A2 (https://app.notion.com/p/Rack-A2-3ba587ac8c78808d9beff02d343ded26?pvs=21),2,21,,,70
WH-PLM70-0826-075,0.007,AAA,,2300,BT-1208-003 70WAMD (https://app.notion.com/p/BT-1208-003-70WAMD-3ba587ac8c78800a8048f4392b43e2e4?pvs=21),70 Width AAA Moulded (https://app.notion.com/p/70-Width-AAA-Moulded-3b9587ac8c7880ff9439f39d360935b1?pvs=21),🟢 Available,,0,2,Rack A2 (https://app.notion.com/p/Rack-A2-3ba587ac8c78808d9beff02d343ded26?pvs=21),2,21,,,70
WH-PLM70-0826-074,0.010,AAA,,2350,BT-1208-003 70WAMD (https://app.notion.com/p/BT-1208-003-70WAMD-3ba587ac8c78800a8048f4392b43e2e4?pvs=21),70 Width AAA Moulded (https://app.notion.com/p/70-Width-AAA-Moulded-3b9587ac8c7880ff9439f39d360935b1?pvs=21),🟢 Available,,0,3,Rack A2 (https://app.notion.com/p/Rack-A2-3ba587ac8c78808d9beff02d343ded26?pvs=21),3,21,,,70
WH-PLM70-0826-073,0.011,AAA,,2400,BT-1208-003 70WAMD (https://app.notion.com/p/BT-1208-003-70WAMD-3ba587ac8c78800a8048f4392b43e2e4?pvs=21),70 Width AAA Moulded (https://app.notion.com/p/70-Width-AAA-Moulded-3b9587ac8c7880ff9439f39d360935b1?pvs=21),🟢 Available,,0,3,Rack A2 (https://app.notion.com/p/Rack-A2-3ba587ac8c78808d9beff02d343ded26?pvs=21),3,21,,,70
WH-PLM70-0826-072,0.004,AAA,,2450,BT-1208-003 70WAMD (https://app.notion.com/p/BT-1208-003-70WAMD-3ba587ac8c78800a8048f4392b43e2e4?pvs=21),70 Width AAA Moulded (https://app.notion.com/p/70-Width-AAA-Moulded-3b9587ac8c7880ff9439f39d360935b1?pvs=21),🟢 Available,,0,1,Rack A2 (https://app.notion.com/p/Rack-A2-3ba587ac8c78808d9beff02d343ded26?pvs=21),1,21,,,70
WH-PLM70-0826-071,0.004,AAA,,2450,BT-1208-003 70WAMD (https://app.notion.com/p/BT-1208-003-70WAMD-3ba587ac8c78800a8048f4392b43e2e4?pvs=21),70 Width AAA Moulded (https://app.notion.com/p/70-Width-AAA-Moulded-3b9587ac8c7880ff9439f39d360935b1?pvs=21),🟢 Available,,0,1,Rack A2 (https://app.notion.com/p/Rack-A2-3ba587ac8c78808d9beff02d343ded26?pvs=21),1,24,,,70
WH-PLM70-0826-070,0.004,AAA,,2500,BT-1208-003 70WAMD (https://app.notion.com/p/BT-1208-003-70WAMD-3ba587ac8c78800a8048f4392b43e2e4?pvs=21),70 Width AAA Moulded (https://app.notion.com/p/70-Width-AAA-Moulded-3b9587ac8c7880ff9439f39d360935b1?pvs=21),🟢 Available,,0,1,Rack A2 (https://app.notion.com/p/Rack-A2-3ba587ac8c78808d9beff02d343ded26?pvs=21),1,21,,,70
WH-PLM70-0826-069,0.007,AAA,,2550,BT-1208-003 70WAMD (https://app.notion.com/p/BT-1208-003-70WAMD-3ba587ac8c78800a8048f4392b43e2e4?pvs=21),70 Width AAA Moulded (https://app.notion.com/p/70-Width-AAA-Moulded-3b9587ac8c7880ff9439f39d360935b1?pvs=21),🟢 Available,,0,2,Rack A2 (https://app.notion.com/p/Rack-A2-3ba587ac8c78808d9beff02d343ded26?pvs=21),2,21,,,70
WH-PLM70-0826-068,0.004,AAA,,2550,BT-1208-003 70WAMD (https://app.notion.com/p/BT-1208-003-70WAMD-3ba587ac8c78800a8048f4392b43e2e4?pvs=21),70 Width AAA Moulded (https://app.notion.com/p/70-Width-AAA-Moulded-3b9587ac8c7880ff9439f39d360935b1?pvs=21),🟢 Available,,0,1,Rack A2 (https://app.notion.com/p/Rack-A2-3ba587ac8c78808d9beff02d343ded26?pvs=21),1,24,,,70
WH-PLM70-0826-067,0.004,AAA,,2700,BT-1208-003 70WAMD (https://app.notion.com/p/BT-1208-003-70WAMD-3ba587ac8c78800a8048f4392b43e2e4?pvs=21),70 Width AAA Moulded (https://app.notion.com/p/70-Width-AAA-Moulded-3b9587ac8c7880ff9439f39d360935b1?pvs=21),🟢 Available,,0,1,Rack A2 (https://app.notion.com/p/Rack-A2-3ba587ac8c78808d9beff02d343ded26?pvs=21),1,21,,,70
WH-PLM70-0826-066,0.008,AAA,,2800,BT-1208-003 70WAMD (https://app.notion.com/p/BT-1208-003-70WAMD-3ba587ac8c78800a8048f4392b43e2e4?pvs=21),70 Width AAA Moulded (https://app.notion.com/p/70-Width-AAA-Moulded-3b9587ac8c7880ff9439f39d360935b1?pvs=21),🟢 Available,,0,2,Rack A2 (https://app.notion.com/p/Rack-A2-3ba587ac8c78808d9beff02d343ded26?pvs=21),2,21,,,70
WH-PLM70-0826-065,0.009,AAA,,2900,BT-1208-003 70WAMD (https://app.notion.com/p/BT-1208-003-70WAMD-3ba587ac8c78800a8048f4392b43e2e4?pvs=21),70 Width AAA Moulded (https://app.notion.com/p/70-Width-AAA-Moulded-3b9587ac8c7880ff9439f39d360935b1?pvs=21),🟢 Available,,0,2,Rack A2 (https://app.notion.com/p/Rack-A2-3ba587ac8c78808d9beff02d343ded26?pvs=21),2,21,,,70
WH-PLM70-0826-064,0.004,AAA,,2950,BT-1208-003 70WAMD (https://app.notion.com/p/BT-1208-003-70WAMD-3ba587ac8c78800a8048f4392b43e2e4?pvs=21),70 Width AAA Moulded (https://app.notion.com/p/70-Width-AAA-Moulded-3b9587ac8c7880ff9439f39d360935b1?pvs=21),🟢 Available,,0,1,Rack A2 (https://app.notion.com/p/Rack-A2-3ba587ac8c78808d9beff02d343ded26?pvs=21),1,21,,,70
WH-PLM70-0826-063,0.005,AAA,,3200,BT-1208-003 70WAMD (https://app.notion.com/p/BT-1208-003-70WAMD-3ba587ac8c78800a8048f4392b43e2e4?pvs=21),70 Width AAA Moulded (https://app.notion.com/p/70-Width-AAA-Moulded-3b9587ac8c7880ff9439f39d360935b1?pvs=21),🟢 Available,,0,1,Rack A2 (https://app.notion.com/p/Rack-A2-3ba587ac8c78808d9beff02d343ded26?pvs=21),1,21,,,70
WH-PLM70-0826-062,0.005,AAA,,3200,BT-1208-003 70WAMD (https://app.notion.com/p/BT-1208-003-70WAMD-3ba587ac8c78800a8048f4392b43e2e4?pvs=21),70 Width AAA Moulded (https://app.notion.com/p/70-Width-AAA-Moulded-3b9587ac8c7880ff9439f39d360935b1?pvs=21),🟢 Available,,0,1,Rack A2 (https://app.notion.com/p/Rack-A2-3ba587ac8c78808d9beff02d343ded26?pvs=21),1,24,,,70
WH-PLM70-0826-061,0.005,AAA,,3500,BT-1208-003 70WAMD (https://app.notion.com/p/BT-1208-003-70WAMD-3ba587ac8c78800a8048f4392b43e2e4?pvs=21),70 Width AAA Moulded (https://app.notion.com/p/70-Width-AAA-Moulded-3b9587ac8c7880ff9439f39d360935b1?pvs=21),🟢 Available,,0,1,Rack A2 (https://app.notion.com/p/Rack-A2-3ba587ac8c78808d9beff02d343ded26?pvs=21),1,21,,,70
WH-PLM80-1108-036,0.003,AAA,,1500,BT-1208-003 80WAMD (https://app.notion.com/p/BT-1208-003-80WAMD-3ba587ac8c788077a7dcc481e4a23e73?pvs=21),80 Width AAA Moulded (https://app.notion.com/p/80-Width-AAA-Moulded-3b9587ac8c7880a7952dde14c01fa9f6?pvs=21),🟢 Available,,0,1,Rack A2 (https://app.notion.com/p/Rack-A2-3ba587ac8c78808d9beff02d343ded26?pvs=21),1,24,,,80
WH-PLM80-1108-035,0.003,AAA,,1550,BT-1208-003 80WAMD (https://app.notion.com/p/BT-1208-003-80WAMD-3ba587ac8c788077a7dcc481e4a23e73?pvs=21),80 Width AAA Moulded (https://app.notion.com/p/80-Width-AAA-Moulded-3b9587ac8c7880a7952dde14c01fa9f6?pvs=21),🟢 Available,,0,1,Rack A2 (https://app.notion.com/p/Rack-A2-3ba587ac8c78808d9beff02d343ded26?pvs=21),1,24,,,80
WH-PLM80-1108-034,0.005,AAA,,2400,BT-1208-003 80WAMD (https://app.notion.com/p/BT-1208-003-80WAMD-3ba587ac8c788077a7dcc481e4a23e73?pvs=21),80 Width AAA Moulded (https://app.notion.com/p/80-Width-AAA-Moulded-3b9587ac8c7880a7952dde14c01fa9f6?pvs=21),🟢 Available,,0,1,Rack A2 (https://app.notion.com/p/Rack-A2-3ba587ac8c78808d9beff02d343ded26?pvs=21),1,24,,,80
WH-PLM80-1108-033,0.005,AAA,,2450,BT-1208-003 80WAMD (https://app.notion.com/p/BT-1208-003-80WAMD-3ba587ac8c788077a7dcc481e4a23e73?pvs=21),80 Width AAA Moulded (https://app.notion.com/p/80-Width-AAA-Moulded-3b9587ac8c7880a7952dde14c01fa9f6?pvs=21),🟢 Available,,0,1,Rack A2 (https://app.notion.com/p/Rack-A2-3ba587ac8c78808d9beff02d343ded26?pvs=21),1,24,,,80
WH-PLM80-1108-032,0.005,AAA,,2850,BT-1208-003 80WAMD (https://app.notion.com/p/BT-1208-003-80WAMD-3ba587ac8c788077a7dcc481e4a23e73?pvs=21),80 Width AAA Moulded (https://app.notion.com/p/80-Width-AAA-Moulded-3b9587ac8c7880a7952dde14c01fa9f6?pvs=21),🟢 Available,,0,1,Rack A2 (https://app.notion.com/p/Rack-A2-3ba587ac8c78808d9beff02d343ded26?pvs=21),1,24,,,80
WH-PLM80-1108-037,0.003,AAA,,1600,BT-1208-003 80WAMD (https://app.notion.com/p/BT-1208-003-80WAMD-3ba587ac8c788077a7dcc481e4a23e73?pvs=21),80 Width AAA Moulded (https://app.notion.com/p/80-Width-AAA-Moulded-3b9587ac8c7880a7952dde14c01fa9f6?pvs=21),🟢 Available,,0,1,Rack A2 (https://app.notion.com/p/Rack-A2-3ba587ac8c78808d9beff02d343ded26?pvs=21),1,24,,,80
WH-PRS180-1208-001,0.109,B Grade,,1200,BT-1208-004 180WBRS (https://app.notion.com/p/BT-1208-004-180WBRS-3ba587ac8c78805697e0c6c2de1d6203?pvs=21),180W  B Roughsawan (https://app.notion.com/p/180W-B-Roughsawan-3ba587ac8c7880d9a701e2f3761d81a2?pvs=21),🟢 Available,,0,21,Rack 8A (https://app.notion.com/p/Rack-8A-3ba587ac8c7880d68c2affd05ad91f91?pvs=21),21,24,,,180
WH-PRS2-189,0.002,B Grade,,850,WH-0507-001 20Thick (https://app.notion.com/p/WH-0507-001-20Thick-3b3587ac8c78801d8ecffac6b6e40b3d?pvs=21),20Thick Roughsawn (https://app.notion.com/p/20Thick-Roughsawn-3b3587ac8c7880988152fb99401823d6?pvs=21),🟢 Available,,0,1,,1,22,,,85
WH-PRS2-190,0.004,B Grade,,1600,WH-0507-001 20Thick (https://app.notion.com/p/WH-0507-001-20Thick-3b3587ac8c78801d8ecffac6b6e40b3d?pvs=21),20Thick Roughsawn (https://app.notion.com/p/20Thick-Roughsawn-3b3587ac8c7880988152fb99401823d6?pvs=21),🟢 Available,,0,1,,1,28,,,90
WH-PRS2-191,0.003,B Grade,,1200,WH-0507-001 20Thick (https://app.notion.com/p/WH-0507-001-20Thick-3b3587ac8c78801d8ecffac6b6e40b3d?pvs=21),20Thick Roughsawn (https://app.notion.com/p/20Thick-Roughsawn-3b3587ac8c7880988152fb99401823d6?pvs=21),🟢 Available,,0,1,,1,20,,,110
WH-PRS2-192,0.003,B Grade,,1200,WH-0507-001 20Thick (https://app.notion.com/p/WH-0507-001-20Thick-3b3587ac8c78801d8ecffac6b6e40b3d?pvs=21),20Thick Roughsawn (https://app.notion.com/p/20Thick-Roughsawn-3b3587ac8c7880988152fb99401823d6?pvs=21),🟢 Available,,0,1,,1,21,,,120
WH-PRS2-193,0.004,B Grade,,1200,WH-0507-001 20Thick (https://app.notion.com/p/WH-0507-001-20Thick-3b3587ac8c78801d8ecffac6b6e40b3d?pvs=21),20Thick Roughsawn (https://app.notion.com/p/20Thick-Roughsawn-3b3587ac8c7880988152fb99401823d6?pvs=21),🟢 Available,,0,1,,1,25,,,120
WH-PRS2-194,0.003,B Grade,,900,WH-0507-001 20Thick (https://app.notion.com/p/WH-0507-001-20Thick-3b3587ac8c78801d8ecffac6b6e40b3d?pvs=21),20Thick Roughsawn (https://app.notion.com/p/20Thick-Roughsawn-3b3587ac8c7880988152fb99401823d6?pvs=21),🟢 Available,,0,1,,1,28,,,130
WH-PRS2-195,0.004,B Grade,,1000,WH-0507-001 20Thick (https://app.notion.com/p/WH-0507-001-20Thick-3b3587ac8c78801d8ecffac6b6e40b3d?pvs=21),20Thick Roughsawn (https://app.notion.com/p/20Thick-Roughsawn-3b3587ac8c7880988152fb99401823d6?pvs=21),🟢 Available,,0,1,,1,26,,,140
WH-PRS2-196,0.004,B Grade,,1250,WH-0507-001 20Thick (https://app.notion.com/p/WH-0507-001-20Thick-3b3587ac8c78801d8ecffac6b6e40b3d?pvs=21),20Thick Roughsawn (https://app.notion.com/p/20Thick-Roughsawn-3b3587ac8c7880988152fb99401823d6?pvs=21),🟢 Available,,0,1,,1,20,,,145
WH-PRS2-197,0.003,B Grade,,800,WH-0507-001 20Thick (https://app.notion.com/p/WH-0507-001-20Thick-3b3587ac8c78801d8ecffac6b6e40b3d?pvs=21),20Thick Roughsawn (https://app.notion.com/p/20Thick-Roughsawn-3b3587ac8c7880988152fb99401823d6?pvs=21),🟢 Available,,0,1,,1,24,,,145
WH-PRS2-198,0.002,B Grade,,700,WH-0507-001 20Thick (https://app.notion.com/p/WH-0507-001-20Thick-3b3587ac8c78801d8ecffac6b6e40b3d?pvs=21),20Thick Roughsawn (https://app.notion.com/p/20Thick-Roughsawn-3b3587ac8c7880988152fb99401823d6?pvs=21),🟢 Available,,0,1,,1,22,,,150
WH-PRS2-199,0.005,B Grade,,1550,WH-0507-001 20Thick (https://app.notion.com/p/WH-0507-001-20Thick-3b3587ac8c78801d8ecffac6b6e40b3d?pvs=21),20Thick Roughsawn (https://app.notion.com/p/20Thick-Roughsawn-3b3587ac8c7880988152fb99401823d6?pvs=21),🟢 Available,,0,1,,1,22,,,150
WH-PRS2-200,0.004,B Grade,,1100,WH-0507-001 20Thick (https://app.notion.com/p/WH-0507-001-20Thick-3b3587ac8c78801d8ecffac6b6e40b3d?pvs=21),20Thick Roughsawn (https://app.notion.com/p/20Thick-Roughsawn-3b3587ac8c7880988152fb99401823d6?pvs=21),🟢 Available,,0,1,,1,24,,,150
WH-PRS2-201,0.004,B Grade,,1150,WH-0507-001 20Thick (https://app.notion.com/p/WH-0507-001-20Thick-3b3587ac8c78801d8ecffac6b6e40b3d?pvs=21),20Thick Roughsawn (https://app.notion.com/p/20Thick-Roughsawn-3b3587ac8c7880988152fb99401823d6?pvs=21),🟢 Available,,0,1,,1,24,,,150
WH-PRS2-202,0.006,B Grade,,1500,WH-0507-001 20Thick (https://app.notion.com/p/WH-0507-001-20Thick-3b3587ac8c78801d8ecffac6b6e40b3d?pvs=21),20Thick Roughsawn (https://app.notion.com/p/20Thick-Roughsawn-3b3587ac8c7880988152fb99401823d6?pvs=21),🟢 Available,,0,1,,1,25,,,150
WH-PRS2-203,0.003,B Grade,,800,WH-0507-001 20Thick (https://app.notion.com/p/WH-0507-001-20Thick-3b3587ac8c78801d8ecffac6b6e40b3d?pvs=21),20Thick Roughsawn (https://app.notion.com/p/20Thick-Roughsawn-3b3587ac8c7880988152fb99401823d6?pvs=21),🟢 Available,,0,1,,1,26,,,150
WH-PRS2-204,0.005,B Grade,,1100,WH-0507-001 20Thick (https://app.notion.com/p/WH-0507-001-20Thick-3b3587ac8c78801d8ecffac6b6e40b3d?pvs=21),20Thick Roughsawn (https://app.notion.com/p/20Thick-Roughsawn-3b3587ac8c7880988152fb99401823d6?pvs=21),🟢 Available,,0,1,,1,29,,,150
WH-PRS2-205,0.006,B Grade,,1500,WH-0507-001 20Thick (https://app.notion.com/p/WH-0507-001-20Thick-3b3587ac8c78801d8ecffac6b6e40b3d?pvs=21),20Thick Roughsawn (https://app.notion.com/p/20Thick-Roughsawn-3b3587ac8c7880988152fb99401823d6?pvs=21),🟢 Available,,0,1,,1,24,,,155
WH-PRS2-206,0.004,B Grade,,1000,WH-0507-001 20Thick (https://app.notion.com/p/WH-0507-001-20Thick-3b3587ac8c78801d8ecffac6b6e40b3d?pvs=21),20Thick Roughsawn (https://app.notion.com/p/20Thick-Roughsawn-3b3587ac8c7880988152fb99401823d6?pvs=21),🟢 Available,,0,1,,1,25,,,155
WH-PRS2-207,0.005,B Grade,,1200,WH-0507-001 20Thick (https://app.notion.com/p/WH-0507-001-20Thick-3b3587ac8c78801d8ecffac6b6e40b3d?pvs=21),20Thick Roughsawn (https://app.notion.com/p/20Thick-Roughsawn-3b3587ac8c7880988152fb99401823d6?pvs=21),🟢 Available,,0,1,,1,25,,,155
WH-PRS2-208,0.004,B Grade,,1100,WH-0507-001 20Thick (https://app.notion.com/p/WH-0507-001-20Thick-3b3587ac8c78801d8ecffac6b6e40b3d?pvs=21),20Thick Roughsawn (https://app.notion.com/p/20Thick-Roughsawn-3b3587ac8c7880988152fb99401823d6?pvs=21),🟢 Available,,0,1,,1,26,,,155
WH-PRS2-209,0.005,B Grade,,1200,WH-0507-001 20Thick (https://app.notion.com/p/WH-0507-001-20Thick-3b3587ac8c78801d8ecffac6b6e40b3d?pvs=21),20Thick Roughsawn (https://app.notion.com/p/20Thick-Roughsawn-3b3587ac8c7880988152fb99401823d6?pvs=21),🟢 Available,,0,1,,1,24,,,160
WH-PRS2-210,0.005,B Grade,,1300,WH-0507-001 20Thick (https://app.notion.com/p/WH-0507-001-20Thick-3b3587ac8c78801d8ecffac6b6e40b3d?pvs=21),20Thick Roughsawn (https://app.notion.com/p/20Thick-Roughsawn-3b3587ac8c7880988152fb99401823d6?pvs=21),🟢 Available,,0,1,,1,24,,,160
WH-PRS2-212,0.004,B Grade,,900,WH-0507-001 20Thick (https://app.notion.com/p/WH-0507-001-20Thick-3b3587ac8c78801d8ecffac6b6e40b3d?pvs=21),20Thick Roughsawn (https://app.notion.com/p/20Thick-Roughsawn-3b3587ac8c7880988152fb99401823d6?pvs=21),🟢 Available,,0,1,,1,28,,,165
WH-PRS2-213,0.006,B Grade,,1300,WH-0507-001 20Thick (https://app.notion.com/p/WH-0507-001-20Thick-3b3587ac8c78801d8ecffac6b6e40b3d?pvs=21),20Thick Roughsawn (https://app.notion.com/p/20Thick-Roughsawn-3b3587ac8c7880988152fb99401823d6?pvs=21),🟢 Available,,0,1,,1,25,,,170
WH-PRS2-214,0.004,B Grade,,900,WH-0507-001 20Thick (https://app.notion.com/p/WH-0507-001-20Thick-3b3587ac8c78801d8ecffac6b6e40b3d?pvs=21),20Thick Roughsawn (https://app.notion.com/p/20Thick-Roughsawn-3b3587ac8c7880988152fb99401823d6?pvs=21),🟢 Available,,0,1,,1,28,,,175
WH-PLHX-026,0.108,B Grade,,1000,BT-HSTOCK 001 (https://app.notion.com/p/BT-HSTOCK-001-3ba587ac8c788002a4cbdfe07868894b?pvs=21),Prepared H Stock (https://app.notion.com/p/Prepared-H-Stock-3ba587ac8c7880408fd8c99714eb5170?pvs=21),🟢 Available,,0,112,,112,12,,,80
WH-PLHX-024,0.237,B Grade,,1150,BT-HSTOCK 001 (https://app.notion.com/p/BT-HSTOCK-001-3ba587ac8c788002a4cbdfe07868894b?pvs=21),Prepared H Stock (https://app.notion.com/p/Prepared-H-Stock-3ba587ac8c7880408fd8c99714eb5170?pvs=21),🟢 Available,,0,215,,215,12,,,80
WH-PLHX-023,0.077,B Grade,,1250,BT-HSTOCK 001 (https://app.notion.com/p/BT-HSTOCK-001-3ba587ac8c788002a4cbdfe07868894b?pvs=21),Prepared H Stock (https://app.notion.com/p/Prepared-H-Stock-3ba587ac8c7880408fd8c99714eb5170?pvs=21),🟢 Available,,0,64,,64,12,,,80
WH-PLHX-022,0.023,B Grade,,1600,BT-HSTOCK 001 (https://app.notion.com/p/BT-HSTOCK-001-3ba587ac8c788002a4cbdfe07868894b?pvs=21),Prepared H Stock (https://app.notion.com/p/Prepared-H-Stock-3ba587ac8c7880408fd8c99714eb5170?pvs=21),🟢 Available,,0,15,,15,12,,,80
WH-PLHX-020,0.047,B Grade,,1700,BT-HSTOCK 001 (https://app.notion.com/p/BT-HSTOCK-001-3ba587ac8c788002a4cbdfe07868894b?pvs=21),Prepared H Stock (https://app.notion.com/p/Prepared-H-Stock-3ba587ac8c7880408fd8c99714eb5170?pvs=21),🟢 Available,,0,29,,29,12,,,80
WH-PLHX-019,0.014,B Grade,,1800,BT-HSTOCK 001 (https://app.notion.com/p/BT-HSTOCK-001-3ba587ac8c788002a4cbdfe07868894b?pvs=21),Prepared H Stock (https://app.notion.com/p/Prepared-H-Stock-3ba587ac8c7880408fd8c99714eb5170?pvs=21),🟢 Available,,0,8,,8,12,,,80
WH-PLHX-018,0.026,B Grade,,1900,BT-HSTOCK 001 (https://app.notion.com/p/BT-HSTOCK-001-3ba587ac8c788002a4cbdfe07868894b?pvs=21),Prepared H Stock (https://app.notion.com/p/Prepared-H-Stock-3ba587ac8c7880408fd8c99714eb5170?pvs=21),🟢 Available,,0,14,,14,12,,,80
WH-PLHX-017,0.033,B Grade,,2000,BT-HSTOCK 001 (https://app.notion.com/p/BT-HSTOCK-001-3ba587ac8c788002a4cbdfe07868894b?pvs=21),Prepared H Stock (https://app.notion.com/p/Prepared-H-Stock-3ba587ac8c7880408fd8c99714eb5170?pvs=21),🟢 Available,,0,17,,17,12,,,80
WH-PLHX-016,0.036,B Grade,,2100,BT-HSTOCK 001 (https://app.notion.com/p/BT-HSTOCK-001-3ba587ac8c788002a4cbdfe07868894b?pvs=21),Prepared H Stock (https://app.notion.com/p/Prepared-H-Stock-3ba587ac8c7880408fd8c99714eb5170?pvs=21),🟢 Available,,0,18,,18,12,,,80
WH-PLHX-015,0.025,B Grade,,2200,BT-HSTOCK 001 (https://app.notion.com/p/BT-HSTOCK-001-3ba587ac8c788002a4cbdfe07868894b?pvs=21),Prepared H Stock (https://app.notion.com/p/Prepared-H-Stock-3ba587ac8c7880408fd8c99714eb5170?pvs=21),🟢 Available,,0,12,,12,12,,,80
WH-PLHX-014,0.026,B Grade,,2300,BT-HSTOCK 001 (https://app.notion.com/p/BT-HSTOCK-001-3ba587ac8c788002a4cbdfe07868894b?pvs=21),Prepared H Stock (https://app.notion.com/p/Prepared-H-Stock-3ba587ac8c7880408fd8c99714eb5170?pvs=21),🟢 Available,,0,12,,12,12,,,80
WH-PLHX-013,0.018,B Grade,,2400,BT-HSTOCK 001 (https://app.notion.com/p/BT-HSTOCK-001-3ba587ac8c788002a4cbdfe07868894b?pvs=21),Prepared H Stock (https://app.notion.com/p/Prepared-H-Stock-3ba587ac8c7880408fd8c99714eb5170?pvs=21),🟢 Available,,0,8,,8,12,,,80
WH-PLHX-012,0.070,B Grade,,2500,BT-HSTOCK 001 (https://app.notion.com/p/BT-HSTOCK-001-3ba587ac8c788002a4cbdfe07868894b?pvs=21),Prepared H Stock (https://app.notion.com/p/Prepared-H-Stock-3ba587ac8c7880408fd8c99714eb5170?pvs=21),🟢 Available,,0,29,,29,12,,,80
WH-PLHX-011,0.050,B Grade,,2600,BT-HSTOCK 001 (https://app.notion.com/p/BT-HSTOCK-001-3ba587ac8c788002a4cbdfe07868894b?pvs=21),Prepared H Stock (https://app.notion.com/p/Prepared-H-Stock-3ba587ac8c7880408fd8c99714eb5170?pvs=21),🟢 Available,,0,20,,20,12,,,80
WH-PLHX-010,0.023,B Grade,,2700,BT-HSTOCK 001 (https://app.notion.com/p/BT-HSTOCK-001-3ba587ac8c788002a4cbdfe07868894b?pvs=21),Prepared H Stock (https://app.notion.com/p/Prepared-H-Stock-3ba587ac8c7880408fd8c99714eb5170?pvs=21),🟢 Available,,0,9,,9,12,,,80
WH-PLHX-009,0.016,B Grade,,2800,BT-HSTOCK 001 (https://app.notion.com/p/BT-HSTOCK-001-3ba587ac8c788002a4cbdfe07868894b?pvs=21),Prepared H Stock (https://app.notion.com/p/Prepared-H-Stock-3ba587ac8c7880408fd8c99714eb5170?pvs=21),🟢 Available,,0,6,,6,12,,,80
WH-PLHX-008,0.047,B Grade,,2900,BT-HSTOCK 001 (https://app.notion.com/p/BT-HSTOCK-001-3ba587ac8c788002a4cbdfe07868894b?pvs=21),Prepared H Stock (https://app.notion.com/p/Prepared-H-Stock-3ba587ac8c7880408fd8c99714eb5170?pvs=21),🟢 Available,,0,17,,17,12,,,80
WH-PLHX-007,0.020,B Grade,,3000,BT-HSTOCK 001 (https://app.notion.com/p/BT-HSTOCK-001-3ba587ac8c788002a4cbdfe07868894b?pvs=21),Prepared H Stock (https://app.notion.com/p/Prepared-H-Stock-3ba587ac8c7880408fd8c99714eb5170?pvs=21),🟢 Available,,0,7,,7,12,,,80
WH-PLHX-006,0.030,B Grade,,3100,BT-HSTOCK 001 (https://app.notion.com/p/BT-HSTOCK-001-3ba587ac8c788002a4cbdfe07868894b?pvs=21),Prepared H Stock (https://app.notion.com/p/Prepared-H-Stock-3ba587ac8c7880408fd8c99714eb5170?pvs=21),🟢 Available,,0,10,,10,12,,,80
WH-PLHX-005,0.028,B Grade,,3200,BT-HSTOCK 001 (https://app.notion.com/p/BT-HSTOCK-001-3ba587ac8c788002a4cbdfe07868894b?pvs=21),Prepared H Stock (https://app.notion.com/p/Prepared-H-Stock-3ba587ac8c7880408fd8c99714eb5170?pvs=21),🟢 Available,,0,9,,9,12,,,80
WH-PLHX-004,0.003,B Grade,,3300,BT-HSTOCK 001 (https://app.notion.com/p/BT-HSTOCK-001-3ba587ac8c788002a4cbdfe07868894b?pvs=21),Prepared H Stock (https://app.notion.com/p/Prepared-H-Stock-3ba587ac8c7880408fd8c99714eb5170?pvs=21),🟢 Available,,0,1,,1,12,,,80
WH-PLHX-003,0.007,B Grade,,3400,BT-HSTOCK 001 (https://app.notion.com/p/BT-HSTOCK-001-3ba587ac8c788002a4cbdfe07868894b?pvs=21),Prepared H Stock (https://app.notion.com/p/Prepared-H-Stock-3ba587ac8c7880408fd8c99714eb5170?pvs=21),🟢 Available,,0,2,,2,12,,,80
WH-PLHX-002,0.004,B Grade,,3800,BT-HSTOCK 001 (https://app.notion.com/p/BT-HSTOCK-001-3ba587ac8c788002a4cbdfe07868894b?pvs=21),Prepared H Stock (https://app.notion.com/p/Prepared-H-Stock-3ba587ac8c7880408fd8c99714eb5170?pvs=21),🟢 Available,,0,1,,1,12,,,80
WH-PLHX-001,0.004,B Grade,,4100,BT-HSTOCK 001 (https://app.notion.com/p/BT-HSTOCK-001-3ba587ac8c788002a4cbdfe07868894b?pvs=21),Prepared H Stock (https://app.notion.com/p/Prepared-H-Stock-3ba587ac8c7880408fd8c99714eb5170?pvs=21),🟢 Available,,0,1,,1,12,,,80
UN,0.003,B Grade,,1100,,20Thick Roughsawn (https://app.notion.com/p/20Thick-Roughsawn-3b3587ac8c7880988152fb99401823d6?pvs=21),🟢 Available,,0,1,,1,15,,,155
UN,0.002,B Grade,,1450,,20Thick Roughsawn (https://app.notion.com/p/20Thick-Roughsawn-3b3587ac8c7880988152fb99401823d6?pvs=21),🟢 Available,,0,1,,1,17,,,70
UN,0.003,B Grade,,1300,,20Thick Roughsawn (https://app.notion.com/p/20Thick-Roughsawn-3b3587ac8c7880988152fb99401823d6?pvs=21),🟢 Available,,0,1,,1,17,,,120
UN,0.002,B Grade,,1850,,20Thick Roughsawn (https://app.notion.com/p/20Thick-Roughsawn-3b3587ac8c7880988152fb99401823d6?pvs=21),🟢 Available,,0,1,,1,19,,,65
UN,0.007,B Grade,,2100,,20Thick Roughsawn (https://app.notion.com/p/20Thick-Roughsawn-3b3587ac8c7880988152fb99401823d6?pvs=21),🟢 Available,,0,1,,1,19,,,175
UN,0.002,B Grade,,1200,,20Thick Roughsawn (https://app.notion.com/p/20Thick-Roughsawn-3b3587ac8c7880988152fb99401823d6?pvs=21),🟢 Available,,0,1,,1,20,,,70
UN,0.003,B Grade,,1800,,20Thick Roughsawn (https://app.notion.com/p/20Thick-Roughsawn-3b3587ac8c7880988152fb99401823d6?pvs=21),🟢 Available,,0,1,,1,20,,,75
UN,0.003,B Grade,,2150,,20Thick Roughsawn (https://app.notion.com/p/20Thick-Roughsawn-3b3587ac8c7880988152fb99401823d6?pvs=21),🟢 Available,,0,1,,1,20,,,75
UN,0.003,B Grade,,1000,,20Thick Roughsawn (https://app.notion.com/p/20Thick-Roughsawn-3b3587ac8c7880988152fb99401823d6?pvs=21),🟢 Available,,0,2,,2,20,,,80
UN,0.005,B Grade,,1700,,20Thick Roughsawn (https://app.notion.com/p/20Thick-Roughsawn-3b3587ac8c7880988152fb99401823d6?pvs=21),🟢 Available,,0,2,,2,20,,,80
UN,0.002,B Grade,,1000,,20Thick Roughsawn (https://app.notion.com/p/20Thick-Roughsawn-3b3587ac8c7880988152fb99401823d6?pvs=21),🟢 Available,,0,1,,1,20,,,90
UN,0.002,B Grade,,1350,,20Thick Roughsawn (https://app.notion.com/p/20Thick-Roughsawn-3b3587ac8c7880988152fb99401823d6?pvs=21),🟢 Available,,0,1,,1,20,,,90
UN,0.003,B Grade,,1400,,20Thick Roughsawn (https://app.notion.com/p/20Thick-Roughsawn-3b3587ac8c7880988152fb99401823d6?pvs=21),🟢 Available,,0,1,,1,20,,,90
UN,0.007,B Grade,,1300,,20Thick Roughsawn (https://app.notion.com/p/20Thick-Roughsawn-3b3587ac8c7880988152fb99401823d6?pvs=21),🟢 Available,,0,3,,3,20,,,95
UN,0.003,B Grade,,1500,,20Thick Roughsawn (https://app.notion.com/p/20Thick-Roughsawn-3b3587ac8c7880988152fb99401823d6?pvs=21),🟢 Available,,0,1,,1,20,,,95
UN,0.003,B Grade,,1600,,20Thick Roughsawn (https://app.notion.com/p/20Thick-Roughsawn-3b3587ac8c7880988152fb99401823d6?pvs=21),🟢 Available,,0,1,,1,20,,,100
UN,0.003,B Grade,,1650,,20Thick Roughsawn (https://app.notion.com/p/20Thick-Roughsawn-3b3587ac8c7880988152fb99401823d6?pvs=21),🟢 Available,,0,1,,1,20,,,100
UN,0.004,B Grade,,1950,,20Thick Roughsawn (https://app.notion.com/p/20Thick-Roughsawn-3b3587ac8c7880988152fb99401823d6?pvs=21),🟢 Available,,0,1,,1,20,,,100
UN,0.002,B Grade,,1000,,20Thick Roughsawn (https://app.notion.com/p/20Thick-Roughsawn-3b3587ac8c7880988152fb99401823d6?pvs=21),🟢 Available,,0,1,,1,20,,,105
UN,0.005,B Grade,,2400,,20Thick Roughsawn (https://app.notion.com/p/20Thick-Roughsawn-3b3587ac8c7880988152fb99401823d6?pvs=21),🟢 Available,,0,1,,1,20,,,110
UN,0.005,B Grade,,1050,,20Thick Roughsawn (https://app.notion.com/p/20Thick-Roughsawn-3b3587ac8c7880988152fb99401823d6?pvs=21),🟢 Available,,0,2,,2,20,,,120
UN,0.003,B Grade,,1250,,20Thick Roughsawn (https://app.notion.com/p/20Thick-Roughsawn-3b3587ac8c7880988152fb99401823d6?pvs=21),🟢 Available,,0,1,,1,20,,,120
UN,0.003,B Grade,,1050,,20Thick Roughsawn (https://app.notion.com/p/20Thick-Roughsawn-3b3587ac8c7880988152fb99401823d6?pvs=21),🟢 Available,,0,1,,1,20,,,125
UN,0.003,B Grade,,1250,,20Thick Roughsawn (https://app.notion.com/p/20Thick-Roughsawn-3b3587ac8c7880988152fb99401823d6?pvs=21),🟢 Available,,0,1,,1,20,,,125
UN,0.005,B Grade,,1850,,20Thick Roughsawn (https://app.notion.com/p/20Thick-Roughsawn-3b3587ac8c7880988152fb99401823d6?pvs=21),🟢 Available,,0,1,,1,20,,,125
UN,0.001,B Grade,,1700,,20Thick Roughsawn (https://app.notion.com/p/20Thick-Roughsawn-3b3587ac8c7880988152fb99401823d6?pvs=21),🟢 Available,,0,1,,1,21,,,40
UN,0.002,B Grade,,1400,,20Thick Roughsawn (https://app.notion.com/p/20Thick-Roughsawn-3b3587ac8c7880988152fb99401823d6?pvs=21),🟢 Available,,0,1,,1,21,,,60
UN,0.002,B Grade,,1700,,20Thick Roughsawn (https://app.notion.com/p/20Thick-Roughsawn-3b3587ac8c7880988152fb99401823d6?pvs=21),🟢 Available,,0,1,,1,21,,,60
UN,0.002,B Grade,,1900,,20Thick Roughsawn (https://app.notion.com/p/20Thick-Roughsawn-3b3587ac8c7880988152fb99401823d6?pvs=21),🟢 Available,,0,1,,1,21,,,60
UN,0.001,B Grade,,1250,,20Thick Roughsawn (https://app.notion.com/p/20Thick-Roughsawn-3b3587ac8c7880988152fb99401823d6?pvs=21),🟢 Available,,0,1,,1,22,,,45
UN,0.003,B Grade,,1400,,20Thick Roughsawn (https://app.notion.com/p/20Thick-Roughsawn-3b3587ac8c7880988152fb99401823d6?pvs=21),🟢 Available,,0,2,,2,22,,,50
UN,0.002,B Grade,,1850,,20Thick Roughsawn (https://app.notion.com/p/20Thick-Roughsawn-3b3587ac8c7880988152fb99401823d6?pvs=21),🟢 Available,,0,1,,1,22,,,50
UN,0.002,B Grade,,1900,,20Thick Roughsawn (https://app.notion.com/p/20Thick-Roughsawn-3b3587ac8c7880988152fb99401823d6?pvs=21),🟢 Available,,0,1,,1,22,,,50
UN,0.002,B Grade,,2200,,20Thick Roughsawn (https://app.notion.com/p/20Thick-Roughsawn-3b3587ac8c7880988152fb99401823d6?pvs=21),🟢 Available,,0,1,,1,22,,,50
UN,0.002,B Grade,,1500,,20Thick Roughsawn (https://app.notion.com/p/20Thick-Roughsawn-3b3587ac8c7880988152fb99401823d6?pvs=21),🟢 Available,,0,1,,1,22,,,60
UN,0.002,B Grade,,1150,,20Thick Roughsawn (https://app.notion.com/p/20Thick-Roughsawn-3b3587ac8c7880988152fb99401823d6?pvs=21),🟢 Available,,0,1,,1,22,,,65
UN,0.002,B Grade,,1300,,20Thick Roughsawn (https://app.notion.com/p/20Thick-Roughsawn-3b3587ac8c7880988152fb99401823d6?pvs=21),🟢 Available,,0,1,,1,22,,,65
UN,0.002,B Grade,,1700,,20Thick Roughsawn (https://app.notion.com/p/20Thick-Roughsawn-3b3587ac8c7880988152fb99401823d6?pvs=21),🟢 Available,,0,1,,1,22,,,65
UN,0.002,B Grade,,1000,,20Thick Roughsawn (https://app.notion.com/p/20Thick-Roughsawn-3b3587ac8c7880988152fb99401823d6?pvs=21),🟢 Available,,0,1,,1,22,,,70
UN,0.003,B Grade,,1200,,20Thick Roughsawn (https://app.notion.com/p/20Thick-Roughsawn-3b3587ac8c7880988152fb99401823d6?pvs=21),🟢 Available,,0,1,,1,22,,,100
UN,0.005,B Grade,,2100,,20Thick Roughsawn (https://app.notion.com/p/20Thick-Roughsawn-3b3587ac8c7880988152fb99401823d6?pvs=21),🟢 Available,,0,1,,1,22,,,100
UN,0.003,B Grade,,1350,,20Thick Roughsawn (https://app.notion.com/p/20Thick-Roughsawn-3b3587ac8c7880988152fb99401823d6?pvs=21),🟢 Available,,0,1,,1,22,,,110
UN,0.003,B Grade,,1050,,20Thick Roughsawn (https://app.notion.com/p/20Thick-Roughsawn-3b3587ac8c7880988152fb99401823d6?pvs=21),🟢 Available,,0,1,,1,22,,,120
UN,0.003,B Grade,,1050,,20Thick Roughsawn (https://app.notion.com/p/20Thick-Roughsawn-3b3587ac8c7880988152fb99401823d6?pvs=21),🟢 Available,,0,1,,1,22,,,125
UN,0.010,B Grade,,2850,,20Thick Roughsawn (https://app.notion.com/p/20Thick-Roughsawn-3b3587ac8c7880988152fb99401823d6?pvs=21),🟢 Available,,0,1,,1,22,,,160
UN,0.002,B Grade,,2300,,20Thick Roughsawn (https://app.notion.com/p/20Thick-Roughsawn-3b3587ac8c7880988152fb99401823d6?pvs=21),🟢 Available,,0,1,,1,23,,,45
UN,0.002,B Grade,,1250,,20Thick Roughsawn (https://app.notion.com/p/20Thick-Roughsawn-3b3587ac8c7880988152fb99401823d6?pvs=21),🟢 Available,,0,1,,1,23,,,55
UN,0.003,B Grade,,1860,,20Thick Roughsawn (https://app.notion.com/p/20Thick-Roughsawn-3b3587ac8c7880988152fb99401823d6?pvs=21),🟢 Available,,0,1,,1,23,,,60
UN,0.002,B Grade,,1100,,20Thick Roughsawn (https://app.notion.com/p/20Thick-Roughsawn-3b3587ac8c7880988152fb99401823d6?pvs=21),🟢 Available,,0,1,,1,23,,,80
UN,0.003,B Grade,,1550,,20Thick Roughsawn (https://app.notion.com/p/20Thick-Roughsawn-3b3587ac8c7880988152fb99401823d6?pvs=21),🟢 Available,,0,1,,1,23,,,80
UN,0.003,B Grade,,1400,,20Thick Roughsawn (https://app.notion.com/p/20Thick-Roughsawn-3b3587ac8c7880988152fb99401823d6?pvs=21),🟢 Available,,0,1,,1,23,,,95
UN,0.003,B Grade,,1200,,20Thick Roughsawn (https://app.notion.com/p/20Thick-Roughsawn-3b3587ac8c7880988152fb99401823d6?pvs=21),🟢 Available,,0,1,,1,23,,,100
UN,0.003,B Grade,,1250,,20Thick Roughsawn (https://app.notion.com/p/20Thick-Roughsawn-3b3587ac8c7880988152fb99401823d6?pvs=21),🟢 Available,,0,1,,1,23,,,100
UN,0.028,B Grade,,12200,,20Thick Roughsawn (https://app.notion.com/p/20Thick-Roughsawn-3b3587ac8c7880988152fb99401823d6?pvs=21),🟢 Available,,0,1,,1,23,,,100
UN,0.004,B Grade,,1100,,20Thick Roughsawn (https://app.notion.com/p/20Thick-Roughsawn-3b3587ac8c7880988152fb99401823d6?pvs=21),🟢 Available,,0,1,,1,23,,,150
UN,0.004,B Grade,,1000,,20Thick Roughsawn (https://app.notion.com/p/20Thick-Roughsawn-3b3587ac8c7880988152fb99401823d6?pvs=21),🟢 Available,,0,1,,1,23,,,180
UN,0.005,B Grade,,1200,,20Thick Roughsawn (https://app.notion.com/p/20Thick-Roughsawn-3b3587ac8c7880988152fb99401823d6?pvs=21),🟢 Available,,0,1,,1,23,,,180
UN,0.006,B Grade,,1300,,20Thick Roughsawn (https://app.notion.com/p/20Thick-Roughsawn-3b3587ac8c7880988152fb99401823d6?pvs=21),🟢 Available,,0,1,,1,23,,,200
UN,0.001,B Grade,,1400,,20Thick Roughsawn (https://app.notion.com/p/20Thick-Roughsawn-3b3587ac8c7880988152fb99401823d6?pvs=21),🟢 Available,,0,1,,1,24,,,40
UN,0.002,B Grade,,1700,,20Thick Roughsawn (https://app.notion.com/p/20Thick-Roughsawn-3b3587ac8c7880988152fb99401823d6?pvs=21),🟢 Available,,0,1,,1,24,,,40
UN,0.002,B Grade,,1500,,20Thick Roughsawn (https://app.notion.com/p/20Thick-Roughsawn-3b3587ac8c7880988152fb99401823d6?pvs=21),🟢 Available,,0,1,,1,24,,,50
UN,0.011,B Grade,,2150,,20Thick Roughsawn (https://app.notion.com/p/20Thick-Roughsawn-3b3587ac8c7880988152fb99401823d6?pvs=21),🟢 Available,,0,3,,3,24,,,70
UN,0.003,B Grade,,1450,,20Thick Roughsawn (https://app.notion.com/p/20Thick-Roughsawn-3b3587ac8c7880988152fb99401823d6?pvs=21),🟢 Available,,0,1,,1,24,,,80
UN,0.006,B Grade,,1600,,20Thick Roughsawn (https://app.notion.com/p/20Thick-Roughsawn-3b3587ac8c7880988152fb99401823d6?pvs=21),🟢 Available,,0,2,,2,24,,,80
UN,0.003,B Grade,,1550,,20Thick Roughsawn (https://app.notion.com/p/20Thick-Roughsawn-3b3587ac8c7880988152fb99401823d6?pvs=21),🟢 Available,,0,1,,1,24,,,90
UN,0.002,B Grade,,1000,,20Thick Roughsawn (https://app.notion.com/p/20Thick-Roughsawn-3b3587ac8c7880988152fb99401823d6?pvs=21),🟢 Available,,0,1,,1,24,,,100
UN,0.003,B Grade,,1450,,20Thick Roughsawn (https://app.notion.com/p/20Thick-Roughsawn-3b3587ac8c7880988152fb99401823d6?pvs=21),🟢 Available,,0,1,,1,24,,,100
UN,0.004,B Grade,,1500,,20Thick Roughsawn (https://app.notion.com/p/20Thick-Roughsawn-3b3587ac8c7880988152fb99401823d6?pvs=21),🟢 Available,,0,1,,1,24,,,100
UN,0.006,B Grade,,2600,,20Thick Roughsawn (https://app.notion.com/p/20Thick-Roughsawn-3b3587ac8c7880988152fb99401823d6?pvs=21),🟢 Available,,0,1,,1,24,,,100
UN,0.004,B Grade,,1200,,20Thick Roughsawn (https://app.notion.com/p/20Thick-Roughsawn-3b3587ac8c7880988152fb99401823d6?pvs=21),🟢 Available,,0,1,,1,24,,,125
UN,0.007,B Grade,,1800,,20Thick Roughsawn (https://app.notion.com/p/20Thick-Roughsawn-3b3587ac8c7880988152fb99401823d6?pvs=21),🟢 Available,,0,1,,1,24,,,160
UN,0.001,B Grade,,1000,,20Thick Roughsawn (https://app.notion.com/p/20Thick-Roughsawn-3b3587ac8c7880988152fb99401823d6?pvs=21),🟢 Available,,0,1,,1,25,,,45
UN,0.002,B Grade,,1250,,20Thick Roughsawn (https://app.notion.com/p/20Thick-Roughsawn-3b3587ac8c7880988152fb99401823d6?pvs=21),🟢 Available,,0,1,,1,25,,,50
UN,0.002,B Grade,,1300,,20Thick Roughsawn (https://app.notion.com/p/20Thick-Roughsawn-3b3587ac8c7880988152fb99401823d6?pvs=21),🟢 Available,,0,1,,1,25,,,50
UN,0.004,B Grade,,2950,,20Thick Roughsawn (https://app.notion.com/p/20Thick-Roughsawn-3b3587ac8c7880988152fb99401823d6?pvs=21),🟢 Available,,0,1,,1,25,,,50
UN,0.001,B Grade,,1000,,20Thick Roughsawn (https://app.notion.com/p/20Thick-Roughsawn-3b3587ac8c7880988152fb99401823d6?pvs=21),🟢 Available,,0,1,,1,25,,,55
UN,0.003,B Grade,,1100,,20Thick Roughsawn (https://app.notion.com/p/20Thick-Roughsawn-3b3587ac8c7880988152fb99401823d6?pvs=21),🟢 Available,,0,2,,2,25,,,55
UN,0.003,B Grade,,1000,,20Thick Roughsawn (https://app.notion.com/p/20Thick-Roughsawn-3b3587ac8c7880988152fb99401823d6?pvs=21),🟢 Available,,0,2,,2,25,,,65
UN,0.002,B Grade,,1100,,20Thick Roughsawn (https://app.notion.com/p/20Thick-Roughsawn-3b3587ac8c7880988152fb99401823d6?pvs=21),🟢 Available,,0,1,,1,25,,,65
UN,0.002,B Grade,,1200,,20Thick Roughsawn (https://app.notion.com/p/20Thick-Roughsawn-3b3587ac8c7880988152fb99401823d6?pvs=21),🟢 Available,,0,1,,1,25,,,65
UN,0.002,B Grade,,1250,,20Thick Roughsawn (https://app.notion.com/p/20Thick-Roughsawn-3b3587ac8c7880988152fb99401823d6?pvs=21),🟢 Available,,0,1,,1,25,,,70
UN,0.003,B Grade,,1550,,20Thick Roughsawn (https://app.notion.com/p/20Thick-Roughsawn-3b3587ac8c7880988152fb99401823d6?pvs=21),🟢 Available,,0,1,,1,25,,,70
UN,0.002,B Grade,,1000,,20Thick Roughsawn (https://app.notion.com/p/20Thick-Roughsawn-3b3587ac8c7880988152fb99401823d6?pvs=21),🟢 Available,,0,1,,1,25,,,75
UN,0.004,B Grade,,1100,,20Thick Roughsawn (https://app.notion.com/p/20Thick-Roughsawn-3b3587ac8c7880988152fb99401823d6?pvs=21),🟢 Available,,0,2,,2,25,,,75
UN,0.003,B Grade,,1400,,20Thick Roughsawn (https://app.notion.com/p/20Thick-Roughsawn-3b3587ac8c7880988152fb99401823d6?pvs=21),🟢 Available,,0,1,,1,25,,,75
UN,0.003,B Grade,,1500,,20Thick Roughsawn (https://app.notion.com/p/20Thick-Roughsawn-3b3587ac8c7880988152fb99401823d6?pvs=21),🟢 Available,,0,1,,1,25,,,75
UN,0.002,B Grade,,1100,,20Thick Roughsawn (https://app.notion.com/p/20Thick-Roughsawn-3b3587ac8c7880988152fb99401823d6?pvs=21),🟢 Available,,0,1,,1,25,,,80
UN,0.006,B Grade,,1500,,20Thick Roughsawn (https://app.notion.com/p/20Thick-Roughsawn-3b3587ac8c7880988152fb99401823d6?pvs=21),🟢 Available,,0,2,,2,25,,,80
UN,0.003,B Grade,,1550,,20Thick Roughsawn (https://app.notion.com/p/20Thick-Roughsawn-3b3587ac8c7880988152fb99401823d6?pvs=21),🟢 Available,,0,1,,1,25,,,80
UN,0.004,B Grade,,1800,,20Thick Roughsawn (https://app.notion.com/p/20Thick-Roughsawn-3b3587ac8c7880988152fb99401823d6?pvs=21),🟢 Available,,0,1,,1,25,,,80
UN,0.004,B Grade,,2000,,20Thick Roughsawn (https://app.notion.com/p/20Thick-Roughsawn-3b3587ac8c7880988152fb99401823d6?pvs=21),🟢 Available,,0,1,,1,25,,,80
UN,0.004,B Grade,,2000,,20Thick Roughsawn (https://app.notion.com/p/20Thick-Roughsawn-3b3587ac8c7880988152fb99401823d6?pvs=21),🟢 Available,,0,1,,1,25,,,85
UN,0.004,B Grade,,2100,,20Thick Roughsawn (https://app.notion.com/p/20Thick-Roughsawn-3b3587ac8c7880988152fb99401823d6?pvs=21),🟢 Available,,0,1,,1,25,,,85
UN,0.005,B Grade,,1000,,20Thick Roughsawn (https://app.notion.com/p/20Thick-Roughsawn-3b3587ac8c7880988152fb99401823d6?pvs=21),🟢 Available,,0,2,,2,25,,,100
UN,0.003,B Grade,,1300,,20Thick Roughsawn (https://app.notion.com/p/20Thick-Roughsawn-3b3587ac8c7880988152fb99401823d6?pvs=21),🟢 Available,,0,1,,1,25,,,100
UN,0.003,B Grade,,1350,,20Thick Roughsawn (https://app.notion.com/p/20Thick-Roughsawn-3b3587ac8c7880988152fb99401823d6?pvs=21),🟢 Available,,0,1,,1,25,,,100
UN,0.005,B Grade,,1950,,20Thick Roughsawn (https://app.notion.com/p/20Thick-Roughsawn-3b3587ac8c7880988152fb99401823d6?pvs=21),🟢 Available,,0,1,,1,25,,,100
UN,0.004,B Grade,,1500,,20Thick Roughsawn (https://app.notion.com/p/20Thick-Roughsawn-3b3587ac8c7880988152fb99401823d6?pvs=21),🟢 Available,,0,1,,1,25,,,110
UN,0.003,B Grade,,1000,,20Thick Roughsawn (https://app.notion.com/p/20Thick-Roughsawn-3b3587ac8c7880988152fb99401823d6?pvs=21),🟢 Available,,0,1,,1,25,,,120
UN,0.004,B Grade,,1200,,20Thick Roughsawn (https://app.notion.com/p/20Thick-Roughsawn-3b3587ac8c7880988152fb99401823d6?pvs=21),🟢 Available,,0,1,,1,25,,,125
UN,0.005,B Grade,,1500,,20Thick Roughsawn (https://app.notion.com/p/20Thick-Roughsawn-3b3587ac8c7880988152fb99401823d6?pvs=21),🟢 Available,,0,1,,1,25,,,140
UN,0.006,B Grade,,1500,,20Thick Roughsawn (https://app.notion.com/p/20Thick-Roughsawn-3b3587ac8c7880988152fb99401823d6?pvs=21),🟢 Available,,0,1,,1,25,,,150
UN,0.010,B Grade,,2750,,20Thick Roughsawn (https://app.notion.com/p/20Thick-Roughsawn-3b3587ac8c7880988152fb99401823d6?pvs=21),🟢 Available,,0,1,,1,25,,,150
UN,0.002,B Grade,,2400,,20Thick Roughsawn (https://app.notion.com/p/20Thick-Roughsawn-3b3587ac8c7880988152fb99401823d6?pvs=21),🟢 Available,,0,1,,1,26,,,40
UN,0.002,B Grade,,1500,,20Thick Roughsawn (https://app.notion.com/p/20Thick-Roughsawn-3b3587ac8c7880988152fb99401823d6?pvs=21),🟢 Available,,0,1,,1,26,,,50
UN,0.002,B Grade,,1800,,20Thick Roughsawn (https://app.notion.com/p/20Thick-Roughsawn-3b3587ac8c7880988152fb99401823d6?pvs=21),🟢 Available,,0,1,,1,26,,,50
UN,0.003,B Grade,,2100,,20Thick Roughsawn (https://app.notion.com/p/20Thick-Roughsawn-3b3587ac8c7880988152fb99401823d6?pvs=21),🟢 Available,,0,1,,1,26,,,50
UN,0.003,B Grade,,2000,,20Thick Roughsawn (https://app.notion.com/p/20Thick-Roughsawn-3b3587ac8c7880988152fb99401823d6?pvs=21),🟢 Available,,0,1,,1,26,,,55
UN,0.003,B Grade,,2300,,20Thick Roughsawn (https://app.notion.com/p/20Thick-Roughsawn-3b3587ac8c7880988152fb99401823d6?pvs=21),🟢 Available,,0,1,,1,26,,,55
UN,0.002,B Grade,,1100,,20Thick Roughsawn (https://app.notion.com/p/20Thick-Roughsawn-3b3587ac8c7880988152fb99401823d6?pvs=21),🟢 Available,,0,1,,1,26,,,65
UN,0.002,B Grade,,1200,,20Thick Roughsawn (https://app.notion.com/p/20Thick-Roughsawn-3b3587ac8c7880988152fb99401823d6?pvs=21),🟢 Available,,0,1,,1,26,,,65
UN,0.003,B Grade,,1550,,20Thick Roughsawn (https://app.notion.com/p/20Thick-Roughsawn-3b3587ac8c7880988152fb99401823d6?pvs=21),🟢 Available,,0,1,,1,26,,,65
UN,0.002,B Grade,,1100,,20Thick Roughsawn (https://app.notion.com/p/20Thick-Roughsawn-3b3587ac8c7880988152fb99401823d6?pvs=21),🟢 Available,,0,1,,1,26,,,80
UN,0.004,B Grade,,1650,,20Thick Roughsawn (https://app.notion.com/p/20Thick-Roughsawn-3b3587ac8c7880988152fb99401823d6?pvs=21),🟢 Available,,0,1,,1,26,,,85
UN,0.003,B Grade,,1300,,20Thick Roughsawn (https://app.notion.com/p/20Thick-Roughsawn-3b3587ac8c7880988152fb99401823d6?pvs=21),🟢 Available,,0,1,,1,26,,,90
UN,0.003,B Grade,,1050,,20Thick Roughsawn (https://app.notion.com/p/20Thick-Roughsawn-3b3587ac8c7880988152fb99401823d6?pvs=21),🟢 Available,,0,1,,1,26,,,125
UN,0.007,B Grade,,2300,,20Thick Roughsawn (https://app.notion.com/p/20Thick-Roughsawn-3b3587ac8c7880988152fb99401823d6?pvs=21),🟢 Available,,0,1,,1,26,,,125
UN,0.001,B Grade,,1000,,20Thick Roughsawn (https://app.notion.com/p/20Thick-Roughsawn-3b3587ac8c7880988152fb99401823d6?pvs=21),🟢 Available,,0,1,,1,27,,,50
UN,0.001,B Grade,,1100,,20Thick Roughsawn (https://app.notion.com/p/20Thick-Roughsawn-3b3587ac8c7880988152fb99401823d6?pvs=21),🟢 Available,,0,1,,1,27,,,50
UN,0.002,B Grade,,1150,,20Thick Roughsawn (https://app.notion.com/p/20Thick-Roughsawn-3b3587ac8c7880988152fb99401823d6?pvs=21),🟢 Available,,0,1,,1,27,,,50
UN,0.002,B Grade,,1700,,20Thick Roughsawn (https://app.notion.com/p/20Thick-Roughsawn-3b3587ac8c7880988152fb99401823d6?pvs=21),🟢 Available,,0,1,,1,27,,,50
UN,0.002,B Grade,,1800,,20Thick Roughsawn (https://app.notion.com/p/20Thick-Roughsawn-3b3587ac8c7880988152fb99401823d6?pvs=21),🟢 Available,,0,1,,1,27,,,50
UN,0.002,B Grade,,1250,,20Thick Roughsawn (https://app.notion.com/p/20Thick-Roughsawn-3b3587ac8c7880988152fb99401823d6?pvs=21),🟢 Available,,0,1,,1,27,,,60
UN,0.003,B Grade,,1700,,20Thick Roughsawn (https://app.notion.com/p/20Thick-Roughsawn-3b3587ac8c7880988152fb99401823d6?pvs=21),🟢 Available,,0,1,,1,27,,,60
UN,0.004,B Grade,,2600,,20Thick Roughsawn (https://app.notion.com/p/20Thick-Roughsawn-3b3587ac8c7880988152fb99401823d6?pvs=21),🟢 Available,,0,1,,1,27,,,60
UN,0.005,B Grade,,2850,,20Thick Roughsawn (https://app.notion.com/p/20Thick-Roughsawn-3b3587ac8c7880988152fb99401823d6?pvs=21),🟢 Available,,0,1,,1,27,,,60
UN,0.003,B Grade,,1500,,20Thick Roughsawn (https://app.notion.com/p/20Thick-Roughsawn-3b3587ac8c7880988152fb99401823d6?pvs=21),🟢 Available,,0,1,,1,27,,,65
UN,0.002,B Grade,,1250,,20Thick Roughsawn (https://app.notion.com/p/20Thick-Roughsawn-3b3587ac8c7880988152fb99401823d6?pvs=21),🟢 Available,,0,1,,1,27,,,70
UN,0.002,B Grade,,1300,,20Thick Roughsawn (https://app.notion.com/p/20Thick-Roughsawn-3b3587ac8c7880988152fb99401823d6?pvs=21),🟢 Available,,0,1,,1,27,,,70
UN,0.006,B Grade,,3200,,20Thick Roughsawn (https://app.notion.com/p/20Thick-Roughsawn-3b3587ac8c7880988152fb99401823d6?pvs=21),🟢 Available,,0,1,,1,27,,,70
UN,0.003,B Grade,,1200,,20Thick Roughsawn (https://app.notion.com/p/20Thick-Roughsawn-3b3587ac8c7880988152fb99401823d6?pvs=21),🟢 Available,,0,1,,1,27,,,90
UN,0.004,B Grade,,1450,,20Thick Roughsawn (https://app.notion.com/p/20Thick-Roughsawn-3b3587ac8c7880988152fb99401823d6?pvs=21),🟢 Available,,0,1,,1,27,,,90
UN,0.008,B Grade,,3250,,20Thick Roughsawn (https://app.notion.com/p/20Thick-Roughsawn-3b3587ac8c7880988152fb99401823d6?pvs=21),🟢 Available,,0,1,,1,27,,,95
UN,0.003,B Grade,,1200,,20Thick Roughsawn (https://app.notion.com/p/20Thick-Roughsawn-3b3587ac8c7880988152fb99401823d6?pvs=21),🟢 Available,,0,1,,1,27,,,100
UN,0.004,B Grade,,1650,,20Thick Roughsawn (https://app.notion.com/p/20Thick-Roughsawn-3b3587ac8c7880988152fb99401823d6?pvs=21),🟢 Available,,0,1,,1,27,,,100
UN,0.005,B Grade,,2000,,20Thick Roughsawn (https://app.notion.com/p/20Thick-Roughsawn-3b3587ac8c7880988152fb99401823d6?pvs=21),🟢 Available,,0,1,,1,27,,,100
UN,0.005,B Grade,,1450,,20Thick Roughsawn (https://app.notion.com/p/20Thick-Roughsawn-3b3587ac8c7880988152fb99401823d6?pvs=21),🟢 Available,,0,1,,1,27,,,125
UN,0.006,B Grade,,1200,,20Thick Roughsawn (https://app.notion.com/p/20Thick-Roughsawn-3b3587ac8c7880988152fb99401823d6?pvs=21),🟢 Available,,0,1,,1,27,,,175
UN,0.009,B Grade,,1650,,20Thick Roughsawn (https://app.notion.com/p/20Thick-Roughsawn-3b3587ac8c7880988152fb99401823d6?pvs=21),🟢 Available,,0,1,,1,27,,,200
UN,0.015,B Grade,,2500,,20Thick Roughsawn (https://app.notion.com/p/20Thick-Roughsawn-3b3587ac8c7880988152fb99401823d6?pvs=21),🟢 Available,,0,1,,1,27,,,225
UN,0.002,B Grade,,1800,,20Thick Roughsawn (https://app.notion.com/p/20Thick-Roughsawn-3b3587ac8c7880988152fb99401823d6?pvs=21),🟢 Available,,0,1,,1,28,,,45
UN,0.004,B Grade,,2850,,20Thick Roughsawn (https://app.notion.com/p/20Thick-Roughsawn-3b3587ac8c7880988152fb99401823d6?pvs=21),🟢 Available,,0,1,,1,28,,,45
UN,0.002,B Grade,,1050,,20Thick Roughsawn (https://app.notion.com/p/20Thick-Roughsawn-3b3587ac8c7880988152fb99401823d6?pvs=21),🟢 Available,,0,1,,1,28,,,55
UN,0.003,B Grade,,1500,,20Thick Roughsawn (https://app.notion.com/p/20Thick-Roughsawn-3b3587ac8c7880988152fb99401823d6?pvs=21),🟢 Available,,0,1,,1,28,,,60
UN,0.003,B Grade,,1200,,20Thick Roughsawn (https://app.notion.com/p/20Thick-Roughsawn-3b3587ac8c7880988152fb99401823d6?pvs=21),🟢 Available,,0,1,,1,28,,,75
UN,0.003,B Grade,,1450,,20Thick Roughsawn (https://app.notion.com/p/20Thick-Roughsawn-3b3587ac8c7880988152fb99401823d6?pvs=21),🟢 Available,,0,1,,1,28,,,80
UN,0.003,B Grade,,1200,,20Thick Roughsawn (https://app.notion.com/p/20Thick-Roughsawn-3b3587ac8c7880988152fb99401823d6?pvs=21),🟢 Available,,0,1,,1,28,,,100
UN,0.005,B Grade,,1500,,20Thick Roughsawn (https://app.notion.com/p/20Thick-Roughsawn-3b3587ac8c7880988152fb99401823d6?pvs=21),🟢 Available,,0,1,,1,28,,,120
UN,0.006,B Grade,,1650,,20Thick Roughsawn (https://app.notion.com/p/20Thick-Roughsawn-3b3587ac8c7880988152fb99401823d6?pvs=21),🟢 Available,,0,1,,1,28,,,120
UN,0.004,B Grade,,1200,,20Thick Roughsawn (https://app.notion.com/p/20Thick-Roughsawn-3b3587ac8c7880988152fb99401823d6?pvs=21),🟢 Available,,0,1,,1,28,,,130
UN,0.001,B Grade,,1050,,20Thick Roughsawn (https://app.notion.com/p/20Thick-Roughsawn-3b3587ac8c7880988152fb99401823d6?pvs=21),🟢 Available,,0,1,,1,29,,,45
UN,0.002,B Grade,,1300,,20Thick Roughsawn (https://app.notion.com/p/20Thick-Roughsawn-3b3587ac8c7880988152fb99401823d6?pvs=21),🟢 Available,,0,1,,1,29,,,50
UN,0.002,B Grade,,1050,,20Thick Roughsawn (https://app.notion.com/p/20Thick-Roughsawn-3b3587ac8c7880988152fb99401823d6?pvs=21),🟢 Available,,0,1,,1,29,,,55
UN,0.003,B Grade,,1700,,20Thick Roughsawn (https://app.notion.com/p/20Thick-Roughsawn-3b3587ac8c7880988152fb99401823d6?pvs=21),🟢 Available,,0,1,,1,29,,,60
UN,0.004,B Grade,,2200,,20Thick Roughsawn (https://app.notion.com/p/20Thick-Roughsawn-3b3587ac8c7880988152fb99401823d6?pvs=21),🟢 Available,,0,1,,1,29,,,60
UN,0.004,B Grade,,2500,,20Thick Roughsawn (https://app.notion.com/p/20Thick-Roughsawn-3b3587ac8c7880988152fb99401823d6?pvs=21),🟢 Available,,0,1,,1,29,,,60
UN,0.003,B Grade,,1500,,20Thick Roughsawn (https://app.notion.com/p/20Thick-Roughsawn-3b3587ac8c7880988152fb99401823d6?pvs=21),🟢 Available,,0,1,,1,29,,,65
UN,0.004,B Grade,,1750,,20Thick Roughsawn (https://app.notion.com/p/20Thick-Roughsawn-3b3587ac8c7880988152fb99401823d6?pvs=21),🟢 Available,,0,1,,1,29,,,75
UN,0.004,B Grade,,1800,,20Thick Roughsawn (https://app.notion.com/p/20Thick-Roughsawn-3b3587ac8c7880988152fb99401823d6?pvs=21),🟢 Available,,0,1,,1,29,,,75
UN,0.002,B Grade,,2015,,30Thick Roughsawn (https://app.notion.com/p/30Thick-Roughsawn-3b3587ac8c7880629c0bc2cbeea8ccd4?pvs=21),🟢 Available,,0,1,,1,30,,,30
UN,0.002,B Grade,,1700,,30Thick Roughsawn (https://app.notion.com/p/30Thick-Roughsawn-3b3587ac8c7880629c0bc2cbeea8ccd4?pvs=21),🟢 Available,,0,1,,1,30,,,45
UN,0.002,B Grade,,1100,,30Thick Roughsawn (https://app.notion.com/p/30Thick-Roughsawn-3b3587ac8c7880629c0bc2cbeea8ccd4?pvs=21),🟢 Available,,0,1,,1,30,,,50
UN,0.002,B Grade,,1200,,30Thick Roughsawn (https://app.notion.com/p/30Thick-Roughsawn-3b3587ac8c7880629c0bc2cbeea8ccd4?pvs=21),🟢 Available,,0,1,,1,30,,,50
UN,0.003,B Grade,,2200,,30Thick Roughsawn (https://app.notion.com/p/30Thick-Roughsawn-3b3587ac8c7880629c0bc2cbeea8ccd4?pvs=21),🟢 Available,,0,1,,1,30,,,50
UN,0.004,B Grade,,2800,,30Thick Roughsawn (https://app.notion.com/p/30Thick-Roughsawn-3b3587ac8c7880629c0bc2cbeea8ccd4?pvs=21),🟢 Available,,0,1,,1,30,,,50
UN,0.005,B Grade,,3100,,30Thick Roughsawn (https://app.notion.com/p/30Thick-Roughsawn-3b3587ac8c7880629c0bc2cbeea8ccd4?pvs=21),🟢 Available,,0,1,,1,30,,,50
UN,0.002,B Grade,,1000,,30Thick Roughsawn (https://app.notion.com/p/30Thick-Roughsawn-3b3587ac8c7880629c0bc2cbeea8ccd4?pvs=21),🟢 Available,,0,1,,1,30,,,55
UN,0.002,B Grade,,1100,,30Thick Roughsawn (https://app.notion.com/p/30Thick-Roughsawn-3b3587ac8c7880629c0bc2cbeea8ccd4?pvs=21),🟢 Available,,0,1,,1,30,,,55
UN,0.002,B Grade,,1200,,30Thick Roughsawn (https://app.notion.com/p/30Thick-Roughsawn-3b3587ac8c7880629c0bc2cbeea8ccd4?pvs=21),🟢 Available,,0,1,,1,30,,,60
UN,0.004,B Grade,,1950,,30Thick Roughsawn (https://app.notion.com/p/30Thick-Roughsawn-3b3587ac8c7880629c0bc2cbeea8ccd4?pvs=21),🟢 Available,,0,1,,1,30,,,60
UN,0.005,B Grade,,2900,,30Thick Roughsawn (https://app.notion.com/p/30Thick-Roughsawn-3b3587ac8c7880629c0bc2cbeea8ccd4?pvs=21),🟢 Available,,0,1,,1,30,,,60
UN,0.002,B Grade,,1000,,30Thick Roughsawn (https://app.notion.com/p/30Thick-Roughsawn-3b3587ac8c7880629c0bc2cbeea8ccd4?pvs=21),🟢 Available,,0,1,,1,30,,,65
UN,0.003,B Grade,,1400,,30Thick Roughsawn (https://app.notion.com/p/30Thick-Roughsawn-3b3587ac8c7880629c0bc2cbeea8ccd4?pvs=21),🟢 Available,,0,1,,1,30,,,65
UN,0.003,B Grade,,1200,,30Thick Roughsawn (https://app.notion.com/p/30Thick-Roughsawn-3b3587ac8c7880629c0bc2cbeea8ccd4?pvs=21),🟢 Available,,0,1,,1,30,,,70
UN,0.003,B Grade,,1350,,30Thick Roughsawn (https://app.notion.com/p/30Thick-Roughsawn-3b3587ac8c7880629c0bc2cbeea8ccd4?pvs=21),🟢 Available,,0,1,,1,30,,,70
UN,0.007,B Grade,,3150,,30Thick Roughsawn (https://app.notion.com/p/30Thick-Roughsawn-3b3587ac8c7880629c0bc2cbeea8ccd4?pvs=21),🟢 Available,,0,1,,1,30,,,75
UN,0.003,B Grade,,1350,,30Thick Roughsawn (https://app.notion.com/p/30Thick-Roughsawn-3b3587ac8c7880629c0bc2cbeea8ccd4?pvs=21),🟢 Available,,0,1,,1,30,,,85
UN,0.011,B Grade,,4100,,30Thick Roughsawn (https://app.notion.com/p/30Thick-Roughsawn-3b3587ac8c7880629c0bc2cbeea8ccd4?pvs=21),🟢 Available,,0,1,,1,30,,,90
UN,0.005,B Grade,,1500,,30Thick Roughsawn (https://app.notion.com/p/30Thick-Roughsawn-3b3587ac8c7880629c0bc2cbeea8ccd4?pvs=21),🟢 Available,,0,1,,1,30,,,100
UN,0.004,B Grade,,1000,,30Thick Roughsawn (https://app.notion.com/p/30Thick-Roughsawn-3b3587ac8c7880629c0bc2cbeea8ccd4?pvs=21),🟢 Available,,0,1,,1,30,,,120
UN,0.006,B Grade,,1300,,30Thick Roughsawn (https://app.notion.com/p/30Thick-Roughsawn-3b3587ac8c7880629c0bc2cbeea8ccd4?pvs=21),🟢 Available,,0,1,,1,30,,,150
UN,0.007,B Grade,,1450,,30Thick Roughsawn (https://app.notion.com/p/30Thick-Roughsawn-3b3587ac8c7880629c0bc2cbeea8ccd4?pvs=21),🟢 Available,,0,1,,1,30,,,150
UN,0.009,B Grade,,1650,,30Thick Roughsawn (https://app.notion.com/p/30Thick-Roughsawn-3b3587ac8c7880629c0bc2cbeea8ccd4?pvs=21),🟢 Available,,0,1,,1,30,,,180
UN,0.007,B Grade,,1250,,30Thick Roughsawn (https://app.notion.com/p/30Thick-Roughsawn-3b3587ac8c7880629c0bc2cbeea8ccd4?pvs=21),🟢 Available,,0,1,,1,30,,,185
UN,0.004,B Grade,,1850,,30Thick Roughsawn (https://app.notion.com/p/30Thick-Roughsawn-3b3587ac8c7880629c0bc2cbeea8ccd4?pvs=21),🟢 Available,,0,1,,1,32,,,60
UN,0.012,B Grade,,2950,,30Thick Roughsawn (https://app.notion.com/p/30Thick-Roughsawn-3b3587ac8c7880629c0bc2cbeea8ccd4?pvs=21),🟢 Available,,0,1,,1,32,,,130
UN,0.005,B Grade,,1750,,30Thick Roughsawn (https://app.notion.com/p/30Thick-Roughsawn-3b3587ac8c7880629c0bc2cbeea8ccd4?pvs=21),🟢 Available,,0,1,,1,35,,,80
UN,0.009,B Grade,,1900,,30Thick Roughsawn (https://app.notion.com/p/30Thick-Roughsawn-3b3587ac8c7880629c0bc2cbeea8ccd4?pvs=21),🟢 Available,,0,1,,1,35,,,130
UN,0.013,B Grade,,2650,,30Thick Roughsawn (https://app.notion.com/p/30Thick-Roughsawn-3b3587ac8c7880629c0bc2cbeea8ccd4?pvs=21),🟢 Available,,0,1,,1,35,,,140
UN,0.003,B Grade,,1000,,30Thick Roughsawn (https://app.notion.com/p/30Thick-Roughsawn-3b3587ac8c7880629c0bc2cbeea8ccd4?pvs=21),🟢 Available,,0,1,,1,36,,,85
UN,0.003,B Grade,,1050,,30Thick Roughsawn (https://app.notion.com/p/30Thick-Roughsawn-3b3587ac8c7880629c0bc2cbeea8ccd4?pvs=21),🟢 Available,,0,1,,1,36,,,85
UN,0.016,B Grade,,1400,,30Thick Roughsawn (https://app.notion.com/p/30Thick-Roughsawn-3b3587ac8c7880629c0bc2cbeea8ccd4?pvs=21),🟢 Available,,0,2,,2,37,,,150
UN,0.005,B Grade,,2600,,40Thick Roughsawn (https://app.notion.com/p/40Thick-Roughsawn-3b3587ac8c7880c49ad5dceacf826725?pvs=21),🟢 Available,,0,1,,1,40,,,50
UN,0.003,B Grade,,1300,,40Thick Roughsawn (https://app.notion.com/p/40Thick-Roughsawn-3b3587ac8c7880c49ad5dceacf826725?pvs=21),🟢 Available,,0,1,,1,40,,,55
UN,0.006,B Grade,,2550,,40Thick Roughsawn (https://app.notion.com/p/40Thick-Roughsawn-3b3587ac8c7880c49ad5dceacf826725?pvs=21),🟢 Available,,0,1,,1,40,,,60
UN,0.003,B Grade,,1000,,40Thick Roughsawn (https://app.notion.com/p/40Thick-Roughsawn-3b3587ac8c7880c49ad5dceacf826725?pvs=21),🟢 Available,,0,1,,1,40,,,65
UN,0.004,B Grade,,1350,,40Thick Roughsawn (https://app.notion.com/p/40Thick-Roughsawn-3b3587ac8c7880c49ad5dceacf826725?pvs=21),🟢 Available,,0,1,,1,40,,,80
UN,0.005,B Grade,,1500,,40Thick Roughsawn (https://app.notion.com/p/40Thick-Roughsawn-3b3587ac8c7880c49ad5dceacf826725?pvs=21),🟢 Available,,0,1,,1,40,,,80
UN,0.006,B Grade,,2000,,40Thick Roughsawn (https://app.notion.com/p/40Thick-Roughsawn-3b3587ac8c7880c49ad5dceacf826725?pvs=21),🟢 Available,,0,1,,1,40,,,80
UN,0.009,B Grade,,2900,,40Thick Roughsawn (https://app.notion.com/p/40Thick-Roughsawn-3b3587ac8c7880c49ad5dceacf826725?pvs=21),🟢 Available,,0,1,,1,40,,,80
UN,0.010,B Grade,,3000,,40Thick Roughsawn (https://app.notion.com/p/40Thick-Roughsawn-3b3587ac8c7880c49ad5dceacf826725?pvs=21),🟢 Available,,0,1,,1,40,,,85
UN,0.013,B Grade,,3200,,40Thick Roughsawn (https://app.notion.com/p/40Thick-Roughsawn-3b3587ac8c7880c49ad5dceacf826725?pvs=21),🟢 Available,,0,1,,1,40,,,100
UN,0.005,B Grade,,1100,,40Thick Roughsawn (https://app.notion.com/p/40Thick-Roughsawn-3b3587ac8c7880c49ad5dceacf826725?pvs=21),🟢 Available,,0,1,,1,40,,,110
UN,0.006,B Grade,,1450,,40Thick Roughsawn (https://app.notion.com/p/40Thick-Roughsawn-3b3587ac8c7880c49ad5dceacf826725?pvs=21),🟢 Available,,0,1,,1,40,,,110
UN,0.008,B Grade,,1650,,40Thick Roughsawn (https://app.notion.com/p/40Thick-Roughsawn-3b3587ac8c7880c49ad5dceacf826725?pvs=21),🟢 Available,,0,1,,1,40,,,120
UN,0.012,B Grade,,2600,,40Thick Roughsawn (https://app.notion.com/p/40Thick-Roughsawn-3b3587ac8c7880c49ad5dceacf826725?pvs=21),🟢 Available,,0,1,,1,40,,,120
UN,0.019,B Grade,,3950,,40Thick Roughsawn (https://app.notion.com/p/40Thick-Roughsawn-3b3587ac8c7880c49ad5dceacf826725?pvs=21),🟢 Available,,0,1,,1,40,,,120
UN,0.018,B Grade,,3450,,40Thick Roughsawn (https://app.notion.com/p/40Thick-Roughsawn-3b3587ac8c7880c49ad5dceacf826725?pvs=21),🟢 Available,,0,1,,1,40,,,130
UN,0.013,B Grade,,2400,,40Thick Roughsawn (https://app.notion.com/p/40Thick-Roughsawn-3b3587ac8c7880c49ad5dceacf826725?pvs=21),🟢 Available,,0,1,,1,40,,,140
UN,0.017,B Grade,,2900,,40Thick Roughsawn (https://app.notion.com/p/40Thick-Roughsawn-3b3587ac8c7880c49ad5dceacf826725?pvs=21),🟢 Available,,0,1,,1,40,,,150
UN,0.011,B Grade,,1800,,40Thick Roughsawn (https://app.notion.com/p/40Thick-Roughsawn-3b3587ac8c7880c49ad5dceacf826725?pvs=21),🟢 Available,,0,1,,1,40,,,155
UN,0.017,B Grade,,2700,,40Thick Roughsawn (https://app.notion.com/p/40Thick-Roughsawn-3b3587ac8c7880c49ad5dceacf826725?pvs=21),🟢 Available,,0,1,,1,40,,,155
UN,0.017,B Grade,,2750,,40Thick Roughsawn (https://app.notion.com/p/40Thick-Roughsawn-3b3587ac8c7880c49ad5dceacf826725?pvs=21),🟢 Available,,0,1,,1,40,,,155
UN,0.018,B Grade,,2900,,40Thick Roughsawn (https://app.notion.com/p/40Thick-Roughsawn-3b3587ac8c7880c49ad5dceacf826725?pvs=21),🟢 Available,,0,1,,1,40,,,155
UN,0.043,B Grade,,3500,,40Thick Roughsawn (https://app.notion.com/p/40Thick-Roughsawn-3b3587ac8c7880c49ad5dceacf826725?pvs=21),🟢 Available,,0,2,,2,40,,,155
UN,0.025,B Grade,,4000,,40Thick Roughsawn (https://app.notion.com/p/40Thick-Roughsawn-3b3587ac8c7880c49ad5dceacf826725?pvs=21),🟢 Available,,0,1,,1,40,,,155
UN,0.021,B Grade,,2900,,40Thick Roughsawn (https://app.notion.com/p/40Thick-Roughsawn-3b3587ac8c7880c49ad5dceacf826725?pvs=21),🟢 Available,,0,1,,1,40,,,180
UN,0.004,B Grade,,1800,,40Thick Roughsawn (https://app.notion.com/p/40Thick-Roughsawn-3b3587ac8c7880c49ad5dceacf826725?pvs=21),🟢 Available,,0,1,,1,42,,,50
UN,0.005,B Grade,,1200,,40Thick Roughsawn (https://app.notion.com/p/40Thick-Roughsawn-3b3587ac8c7880c49ad5dceacf826725?pvs=21),🟢 Available,,0,1,,1,42,,,100
UN,0.013,B Grade,,2400,,40Thick Roughsawn (https://app.notion.com/p/40Thick-Roughsawn-3b3587ac8c7880c49ad5dceacf826725?pvs=21),🟢 Available,,0,1,,1,42,,,130
UN,0.003,B Grade,,1500,,40Thick Roughsawn (https://app.notion.com/p/40Thick-Roughsawn-3b3587ac8c7880c49ad5dceacf826725?pvs=21),🟢 Available,,0,1,,1,45,,,40
UN,0.004,B Grade,,1950,,40Thick Roughsawn (https://app.notion.com/p/40Thick-Roughsawn-3b3587ac8c7880c49ad5dceacf826725?pvs=21),🟢 Available,,0,1,,1,45,,,45
UN,0.005,B Grade,,2100,,40Thick Roughsawn (https://app.notion.com/p/40Thick-Roughsawn-3b3587ac8c7880c49ad5dceacf826725?pvs=21),🟢 Available,,0,1,,1,45,,,55
UN,0.005,B Grade,,1300,,40Thick Roughsawn (https://app.notion.com/p/40Thick-Roughsawn-3b3587ac8c7880c49ad5dceacf826725?pvs=21),🟢 Available,,0,1,,1,45,,,80
UN,0.006,B Grade,,1600,,40Thick Roughsawn (https://app.notion.com/p/40Thick-Roughsawn-3b3587ac8c7880c49ad5dceacf826725?pvs=21),🟢 Available,,0,1,,1,45,,,80
UN,0.010,B Grade,,1350,,40Thick Roughsawn (https://app.notion.com/p/40Thick-Roughsawn-3b3587ac8c7880c49ad5dceacf826725?pvs=21),🟢 Available,,0,2,,2,45,,,85
UN,0.005,B Grade,,1200,,40Thick Roughsawn (https://app.notion.com/p/40Thick-Roughsawn-3b3587ac8c7880c49ad5dceacf826725?pvs=21),🟢 Available,,0,1,,1,45,,,100
UN,0.007,B Grade,,1600,,40Thick Roughsawn (https://app.notion.com/p/40Thick-Roughsawn-3b3587ac8c7880c49ad5dceacf826725?pvs=21),🟢 Available,,0,1,,1,45,,,100
UN,0.007,B Grade,,1300,,40Thick Roughsawn (https://app.notion.com/p/40Thick-Roughsawn-3b3587ac8c7880c49ad5dceacf826725?pvs=21),🟢 Available,,0,1,,1,45,,,120
UN,0.015,B Grade,,2400,,40Thick Roughsawn (https://app.notion.com/p/40Thick-Roughsawn-3b3587ac8c7880c49ad5dceacf826725?pvs=21),🟢 Available,,0,1,,1,45,,,140
UN,0.003,B Grade,,1400,,50Thick Roughsawn (https://app.notion.com/p/50Thick-Roughsawn-3b3587ac8c7880088590cb97421cee08?pvs=21),🟢 Available,,0,1,,1,50,,,45
UN,0.003,B Grade,,1100,,40Thick Roughsawn (https://app.notion.com/p/40Thick-Roughsawn-3b3587ac8c7880c49ad5dceacf826725?pvs=21),🟢 Available,,0,1,,1,50,,,50
UN,0.004,B Grade,,1700,,50Thick Roughsawn (https://app.notion.com/p/50Thick-Roughsawn-3b3587ac8c7880088590cb97421cee08?pvs=21),🟢 Available,,0,1,,1,50,,,50
UN,0.006,B Grade,,2200,,50Thick Roughsawn (https://app.notion.com/p/50Thick-Roughsawn-3b3587ac8c7880088590cb97421cee08?pvs=21),🟢 Available,,0,1,,1,50,,,50
UN,0.006,B Grade,,2400,,50Thick Roughsawn (https://app.notion.com/p/50Thick-Roughsawn-3b3587ac8c7880088590cb97421cee08?pvs=21),🟢 Available,,0,1,,1,50,,,50
UN,0.007,B Grade,,2750,,50Thick Roughsawn (https://app.notion.com/p/50Thick-Roughsawn-3b3587ac8c7880088590cb97421cee08?pvs=21),🟢 Available,,0,1,,1,50,,,50
UN,0.008,B Grade,,2400,,50Thick Roughsawn (https://app.notion.com/p/50Thick-Roughsawn-3b3587ac8c7880088590cb97421cee08?pvs=21),🟢 Available,,0,1,,1,50,,,65
UN,0.012,B Grade,,2600,,50Thick Roughsawn (https://app.notion.com/p/50Thick-Roughsawn-3b3587ac8c7880088590cb97421cee08?pvs=21),🟢 Available,,0,1,,1,50,,,90
UN,0.024,B Grade,,4000,,50Thick Roughsawn (https://app.notion.com/p/50Thick-Roughsawn-3b3587ac8c7880088590cb97421cee08?pvs=21),🟢 Available,,0,1,,1,50,,,120
UN,0.025,B Grade,,4000,,50Thick Roughsawn (https://app.notion.com/p/50Thick-Roughsawn-3b3587ac8c7880088590cb97421cee08?pvs=21),🟢 Available,,0,1,,1,52,,,120
UN,0.015,B Grade,,3000,,50Thick Roughsawn (https://app.notion.com/p/50Thick-Roughsawn-3b3587ac8c7880088590cb97421cee08?pvs=21),🟢 Available,,0,1,,1,57,,,90
UN,0.017,B Grade,,2250,,50Thick Roughsawn (https://app.notion.com/p/50Thick-Roughsawn-3b3587ac8c7880088590cb97421cee08?pvs=21),🟢 Available,,0,1,,1,57,,,130
UN,0.008,B Grade,,1000,,50Thick Roughsawn (https://app.notion.com/p/50Thick-Roughsawn-3b3587ac8c7880088590cb97421cee08?pvs=21),🟢 Available,,0,1,,1,60,,,130
UN,0.010,B Grade,,2000,,50Thick Roughsawn (https://app.notion.com/p/50Thick-Roughsawn-3b3587ac8c7880088590cb97421cee08?pvs=21),🟢 Available,,0,1,,1,85,,,60